home_team,AL_1,AT_1,BE_1,BG_1,CY_1,CZ_1,DK_1,DD_1,GB-ENG_1,FI_1,FR_1,DE_1,GR_1,HU_1,IS_1,IE_1,IT_1,LU_1,MT_1,NL_1,GB-NIR_1,NO_1,PL_1,PT_1,RO_1,RU_1,GB-SCT_1,RS_1,ES_1,SE_1,CH_1,TR_1,GB-WLS_1,AL_0,AT_0,BE_0,BG_0,CY_0,CZ_0,DK_0,DD_0,GB-ENG_0,FI_0,FR_0,DE_0,GR_0,HU_0,IS_0,IE_0,IT_0,LU_0,MT_0,NL_0,GB-NIR_0,NO_0,PL_0,PT_0,RO_0,RU_0,GB-SCT_0,RS_0,ES_0,SE_0,CH_0,TR_0,GB-WLS_0
AL,,"{""preds"": [8.77, 62.94, 28.29], ""scorePred"": [0, 1]}","{""preds"": [7.12, 69.26, 23.62], ""scorePred"": [0, 1]}","{""preds"": [10.12, 57.83, 32.05], ""scorePred"": [0, 1]}","{""preds"": [7.11, 70.97, 21.92], ""scorePred"": [0, 1]}","{""preds"": [4.68, 80.69, 14.63], ""scorePred"": [0, 2]}","{""preds"": [2.51, 87.62, 9.87], ""scorePred"": [0, 2]}","{""preds"": [5.19, 77.23, 17.58], ""scorePred"": [0, 2]}","{""preds"": [2.21, 89.47, 8.32], ""scorePred"": [0, 2]}","{""preds"": [11.79, 53.68, 34.53], ""scorePred"": [0, 1]}","{""preds"": [6.62, 72.96, 20.42], ""scorePred"": [0, 1]}","{""preds"": [4.11, 82.33, 13.56], ""scorePred"": [0, 2]}","{""preds"": [7.81, 67.35, 24.84], ""scorePred"": [0, 1]}","{""preds"": [72.37, 27.16, 0.47], ""scorePred"": [10, 2]}","{""preds"": [14.54, 44.5, 40.96], ""scorePred"": [0, 1]}","{""preds"": [8.02, 66.9, 25.08], ""scorePred"": [0, 1]}","{""preds"": [71.79, 27.61, 0.6], ""scorePred"": [10, 3]}","{""preds"": [8.8, 65.28, 25.92], ""scorePred"": [0, 1]}","{""preds"": [12.31, 52.33, 35.36], ""scorePred"": [0, 1]}","{""preds"": [6.84, 70.18, 22.98], ""scorePred"": [0, 1]}","{""preds"": [7.59, 68.44, 23.97], ""scorePred"": [0, 1]}","{""preds"": [7.71, 66.53, 25.76], ""scorePred"": [0, 1]}","{""preds"": [4.66, 79.11, 16.23], ""scorePred"": [0, 2]}","{""preds"": [8.31, 66.05, 25.64], ""scorePred"": [0, 1]}","{""preds"": [6.95, 70.72, 22.33], ""scorePred"": [0, 1]}","{""preds"": [71.14, 28.19, 0.67], ""scorePred"": [10, 2]}","{""preds"": [3.22, 86.02, 10.76], ""scorePred"": [0, 2]}","{""preds"": [3.69, 83.74, 12.57], ""scorePred"": [0, 2]}","{""preds"": [6.19, 74.79, 19.02], ""scorePred"": [0, 2]}","{""preds"": [5.96, 74.68, 19.36], ""scorePred"": [0, 1]}","{""preds"": [7.03, 71.22, 21.75], ""scorePred"": [0, 1]}","{""preds"": [12.9, 48.2, 38.9], ""scorePred"": [0, 1]}","{""preds"": [7.02, 71.04, 21.94], ""scorePred"": [0, 1]}",,"{""preds"": [12.33, 87.67, 0.0], ""scorePred"": [0, 1]}","{""preds"": [10.21, 89.79, 0.0], ""scorePred"": [0, 1]}","{""preds"": [15.56, 84.44, 0.0], ""scorePred"": [0, 1]}","{""preds"": [9.09, 90.91, 0.0], ""scorePred"": [0, 1]}","{""preds"": [5.14, 94.86, 0.0], ""scorePred"": [0, 2]}","{""preds"": [3.26, 96.74, 0.0], ""scorePred"": [0, 2]}","{""preds"": [6.01, 93.99, 0.0], ""scorePred"": [0, 1]}","{""preds"": [2.25, 97.75, 0.0], ""scorePred"": [0, 3]}","{""preds"": [17.48, 82.52, 0.0], ""scorePred"": [0, 1]}","{""preds"": [7.64, 92.36, 0.0], ""scorePred"": [0, 1]}","{""preds"": [5.07, 94.93, 0.0], ""scorePred"": [0, 2]}","{""preds"": [10.52, 89.48, 0.0], ""scorePred"": [0, 1]}","{""preds"": [72.76, 27.24, 0.0], ""scorePred"": [12, 3]}","{""preds"": [24.13, 75.87, 0.0], ""scorePred"": [0, 1]}","{""preds"": [11.16, 88.84, 0.0], ""scorePred"": [0, 1]}","{""preds"": [71.83, 28.17, 0.0], ""scorePred"": [11, 3]}","{""preds"": [12.1, 87.9, 0.0], ""scorePred"": [0, 1]}","{""preds"": [18.42, 81.58, 0.0], ""scorePred"": [0, 1]}","{""preds"": [8.68, 91.32, 0.0], ""scorePred"": [0, 1]}","{""preds"": [10.28, 89.72, 0.0], ""scorePred"": [0, 1]}","{""preds"": [11.34, 88.66, 0.0], ""scorePred"": [0, 1]}","{""preds"": [6.03, 93.97, 0.0], ""scorePred"": [0, 2]}","{""preds"": [11.46, 88.54, 0.0], ""scorePred"": [0, 1]}","{""preds"": [9.12, 90.88, 0.0], ""scorePred"": [0, 1]}","{""preds"": [72.05, 27.95, 0.0], ""scorePred"": [11, 3]}","{""preds"": [3.55, 96.45, 0.0], ""scorePred"": [0, 2]}","{""preds"": [4.12, 95.88, 0.0], ""scorePred"": [0, 2]}","{""preds"": [7.22, 92.78, 0.0], ""scorePred"": [0, 1]}","{""preds"": [6.97, 93.03, 0.0], ""scorePred"": [0, 1]}","{""preds"": [9.09, 90.91, 0.0], ""scorePred"": [0, 1]}","{""preds"": [21.49, 78.51, 0.0], ""scorePred"": [0, 1]}","{""preds"": [9.06, 90.94, 0.0], ""scorePred"": [0, 1]}"
AT,"{""preds"": [63.0, 9.42, 27.58], ""scorePred"": [1, 0]}",,"{""preds"": [32.99, 42.49, 24.52], ""scorePred"": [0, 1]}","{""preds"": [39.49, 33.03, 27.48], ""scorePred"": [1, 0]}","{""preds"": [30.44, 45.09, 24.47], ""scorePred"": [1, 2]}","{""preds"": [23.73, 56.2, 20.07], ""scorePred"": [1, 2]}","{""preds"": [16.33, 67.51, 16.16], ""scorePred"": [1, 2]}","{""preds"": [25.42, 52.53, 22.05], ""scorePred"": [1, 2]}","{""preds"": [14.42, 70.24, 15.34], ""scorePred"": [1, 2]}","{""preds"": [53.87, 38.17, 7.96], ""scorePred"": [2, 0]}","{""preds"": [30.52, 46.16, 23.32], ""scorePred"": [1, 2]}","{""preds"": [22.37, 57.52, 20.11], ""scorePred"": [1, 2]}","{""preds"": [33.63, 40.9, 25.47], ""scorePred"": [1, 2]}","{""preds"": [26.57, 51.71, 21.72], ""scorePred"": [1, 2]}","{""preds"": [48.45, 46.42, 5.13], ""scorePred"": [2, 0]}","{""preds"": [33.95, 41.15, 24.9], ""scorePred"": [1, 2]}","{""preds"": [22.77, 56.47, 20.76], ""scorePred"": [1, 2]}","{""preds"": [57.3, 31.37, 11.33], ""scorePred"": [2, 0]}","{""preds"": [53.54, 39.11, 7.35], ""scorePred"": [2, 0]}","{""preds"": [31.13, 45.2, 23.67], ""scorePred"": [1, 2]}","{""preds"": [33.13, 42.21, 24.66], ""scorePred"": [0, 1]}","{""preds"": [34.7, 39.93, 25.37], ""scorePred"": [0, 1]}","{""preds"": [24.76, 54.08, 21.16], ""scorePred"": [1, 2]}","{""preds"": [34.76, 39.13, 26.11], ""scorePred"": [0, 1]}","{""preds"": [32.26, 43.78, 23.96], ""scorePred"": [1, 2]}","{""preds"": [26.11, 51.69, 22.2], ""scorePred"": [1, 2]}","{""preds"": [17.61, 64.91, 17.48], ""scorePred"": [1, 2]}","{""preds"": [20.55, 59.92, 19.53], ""scorePred"": [1, 2]}","{""preds"": [27.23, 50.62, 22.15], ""scorePred"": [1, 2]}","{""preds"": [27.01, 50.64, 22.35], ""scorePred"": [1, 2]}","{""preds"": [30.96, 44.58, 24.46], ""scorePred"": [1, 2]}","{""preds"": [46.31, 25.22, 28.47], ""scorePred"": [1, 0]}","{""preds"": [29.56, 46.06, 24.38], ""scorePred"": [1, 2]}","{""preds"": [87.16, 12.84, 0.0], ""scorePred"": [1, 0]}",,"{""preds"": [44.46, 55.54, 0.0], ""scorePred"": [0, 1]}","{""preds"": [56.19, 43.81, 0.0], ""scorePred"": [1, 0]}","{""preds"": [40.65, 59.35, 0.0], ""scorePred"": [1, 2]}","{""preds"": [28.58, 71.42, 0.0], ""scorePred"": [1, 2]}","{""preds"": [19.08, 80.92, 0.0], ""scorePred"": [1, 2]}","{""preds"": [31.67, 68.33, 0.0], ""scorePred"": [1, 2]}","{""preds"": [16.76, 83.24, 0.0], ""scorePred"": [1, 2]}","{""preds"": [58.9, 41.1, 0.0], ""scorePred"": [2, 0]}","{""preds"": [38.23, 61.77, 0.0], ""scorePred"": [1, 2]}","{""preds"": [28.61, 71.39, 0.0], ""scorePred"": [1, 2]}","{""preds"": [45.52, 54.48, 0.0], ""scorePred"": [0, 1]}","{""preds"": [32.41, 67.59, 0.0], ""scorePred"": [1, 2]}","{""preds"": [50.48, 49.52, 0.0], ""scorePred"": [2, 0]}","{""preds"": [45.84, 54.16, 0.0], ""scorePred"": [0, 1]}","{""preds"": [28.53, 71.47, 0.0], ""scorePred"": [1, 2]}","{""preds"": [64.26, 35.74, 0.0], ""scorePred"": [2, 0]}","{""preds"": [58.24, 41.76, 0.0], ""scorePred"": [2, 0]}","{""preds"": [40.68, 59.32, 0.0], ""scorePred"": [1, 2]}","{""preds"": [43.94, 56.06, 0.0], ""scorePred"": [1, 2]}","{""preds"": [45.55, 54.45, 0.0], ""scorePred"": [1, 2]}","{""preds"": [31.15, 68.85, 0.0], ""scorePred"": [1, 2]}","{""preds"": [46.66, 53.34, 0.0], ""scorePred"": [0, 1]}","{""preds"": [41.25, 58.75, 0.0], ""scorePred"": [1, 2]}","{""preds"": [32.92, 67.08, 0.0], ""scorePred"": [1, 2]}","{""preds"": [21.49, 78.51, 0.0], ""scorePred"": [1, 2]}","{""preds"": [25.89, 74.11, 0.0], ""scorePred"": [1, 2]}","{""preds"": [34.53, 65.47, 0.0], ""scorePred"": [1, 2]}","{""preds"": [35.49, 64.51, 0.0], ""scorePred"": [1, 2]}","{""preds"": [40.69, 59.31, 0.0], ""scorePred"": [1, 2]}","{""preds"": [63.66, 36.34, 0.0], ""scorePred"": [1, 0]}","{""preds"": [40.02, 59.98, 0.0], ""scorePred"": [1, 2]}"
BE,"{""preds"": [69.05, 7.65, 23.3], ""scorePred"": [1, 0]}","{""preds"": [42.6, 32.85, 24.55], ""scorePred"": [2, 1]}",,"{""preds"": [46.37, 28.23, 25.4], ""scorePred"": [1, 0]}","{""preds"": [36.27, 40.43, 23.3], ""scorePred"": [1, 2]}","{""preds"": [27.57, 51.99, 20.44], ""scorePred"": [1, 2]}","{""preds"": [19.64, 63.4, 16.96], ""scorePred"": [1, 2]}","{""preds"": [29.51, 48.72, 21.77], ""scorePred"": [1, 2]}","{""preds"": [17.55, 67.15, 15.3], ""scorePred"": [1, 2]}","{""preds"": [49.34, 25.16, 25.5], ""scorePred"": [1, 0]}","{""preds"": [34.12, 42.85, 23.03], ""scorePred"": [1, 2]}","{""preds"": [26.37, 53.18, 20.45], ""scorePred"": [1, 2]}","{""preds"": [38.28, 37.65, 24.07], ""scorePred"": [2, 1]}","{""preds"": [31.24, 47.85, 20.91], ""scorePred"": [1, 2]}","{""preds"": [49.01, 46.87, 4.12], ""scorePred"": [2, 0]}","{""preds"": [38.95, 36.48, 24.57], ""scorePred"": [2, 1]}","{""preds"": [27.08, 52.62, 20.3], ""scorePred"": [1, 2]}","{""preds"": [41.72, 34.4, 23.88], ""scorePred"": [1, 0]}","{""preds"": [49.89, 25.01, 25.1], ""scorePred"": [1, 0]}","{""preds"": [36.51, 40.55, 22.94], ""scorePred"": [1, 2]}","{""preds"": [37.66, 37.9, 24.44], ""scorePred"": [1, 2]}","{""preds"": [39.22, 36.31, 24.47], ""scorePred"": [2, 1]}","{""preds"": [28.31, 50.66, 21.03], ""scorePred"": [1, 2]}","{""preds"": [40.57, 34.77, 24.66], ""scorePred"": [2, 1]}","{""preds"": [36.98, 39.59, 23.43], ""scorePred"": [1, 2]}","{""preds"": [30.34, 48.81, 20.85], ""scorePred"": [1, 2]}","{""preds"": [22.05, 60.47, 17.48], ""scorePred"": [1, 2]}","{""preds"": [25.07, 56.34, 18.59], ""scorePred"": [1, 2]}","{""preds"": [32.03, 45.55, 22.42], ""scorePred"": [1, 2]}","{""preds"": [31.61, 46.33, 22.06], ""scorePred"": [1, 2]}","{""preds"": [37.18, 39.45, 23.37], ""scorePred"": [1, 2]}","{""preds"": [52.45, 21.65, 25.9], ""scorePred"": [1, 0]}","{""preds"": [36.1, 41.2, 22.7], ""scorePred"": [1, 2]}","{""preds"": [90.57, 9.43, 0.0], ""scorePred"": [1, 0]}","{""preds"": [56.92, 43.08, 0.0], ""scorePred"": [2, 1]}",,"{""preds"": [61.78, 38.22, 0.0], ""scorePred"": [1, 0]}","{""preds"": [45.77, 54.23, 0.0], ""scorePred"": [1, 2]}","{""preds"": [35.19, 64.81, 0.0], ""scorePred"": [1, 2]}","{""preds"": [23.8, 76.2, 0.0], ""scorePred"": [1, 2]}","{""preds"": [38.28, 61.72, 0.0], ""scorePred"": [1, 2]}","{""preds"": [20.74, 79.26, 0.0], ""scorePred"": [1, 2]}","{""preds"": [65.09, 34.91, 0.0], ""scorePred"": [1, 0]}","{""preds"": [44.11, 55.89, 0.0], ""scorePred"": [1, 2]}","{""preds"": [33.41, 66.59, 0.0], ""scorePred"": [1, 2]}","{""preds"": [51.36, 48.64, 0.0], ""scorePred"": [2, 1]}","{""preds"": [39.23, 60.77, 0.0], ""scorePred"": [1, 2]}","{""preds"": [51.52, 48.48, 0.0], ""scorePred"": [2, 0]}","{""preds"": [51.4, 48.6, 0.0], ""scorePred"": [2, 1]}","{""preds"": [33.83, 66.17, 0.0], ""scorePred"": [1, 2]}","{""preds"": [53.95, 46.05, 0.0], ""scorePred"": [2, 1]}","{""preds"": [67.44, 32.56, 0.0], ""scorePred"": [1, 0]}","{""preds"": [46.87, 53.13, 0.0], ""scorePred"": [1, 2]}","{""preds"": [49.55, 50.45, 0.0], ""scorePred"": [1, 2]}","{""preds"": [53.33, 46.67, 0.0], ""scorePred"": [2, 1]}","{""preds"": [37.06, 62.94, 0.0], ""scorePred"": [1, 2]}","{""preds"": [52.09, 47.91, 0.0], ""scorePred"": [2, 1]}","{""preds"": [48.31, 51.69, 0.0], ""scorePred"": [1, 2]}","{""preds"": [38.94, 61.06, 0.0], ""scorePred"": [1, 2]}","{""preds"": [25.7, 74.3, 0.0], ""scorePred"": [1, 2]}","{""preds"": [30.87, 69.13, 0.0], ""scorePred"": [1, 2]}","{""preds"": [40.83, 59.17, 0.0], ""scorePred"": [1, 2]}","{""preds"": [41.65, 58.35, 0.0], ""scorePred"": [1, 2]}","{""preds"": [47.69, 52.31, 0.0], ""scorePred"": [1, 2]}","{""preds"": [70.84, 29.16, 0.0], ""scorePred"": [1, 0]}","{""preds"": [47.65, 52.35, 0.0], ""scorePred"": [1, 2]}"
BG,"{""preds"": [58.01, 11.0, 30.99], ""scorePred"": [1, 0]}","{""preds"": [32.42, 40.98, 26.6], ""scorePred"": [0, 1]}","{""preds"": [28.88, 45.63, 25.49], ""scorePred"": [0, 1]}",,"{""preds"": [27.7, 47.49, 24.81], ""scorePred"": [1, 2]}","{""preds"": [19.8, 60.41, 19.79], ""scorePred"": [1, 2]}","{""preds"": [13.45, 71.1, 15.45], ""scorePred"": [1, 2]}","{""preds"": [22.61, 56.16, 21.23], ""scorePred"": [1, 2]}","{""preds"": [11.76, 74.0, 14.24], ""scorePred"": [1, 3]}","{""preds"": [38.56, 33.02, 28.42], ""scorePred"": [1, 0]}","{""preds"": [25.96, 50.92, 23.12], ""scorePred"": [1, 2]}","{""preds"": [19.69, 61.55, 18.76], ""scorePred"": [1, 2]}","{""preds"": [29.95, 44.57, 25.48], ""scorePred"": [0, 1]}","{""preds"": [22.42, 56.39, 21.19], ""scorePred"": [1, 2]}","{""preds"": [47.58, 46.89, 5.53], ""scorePred"": [2, 0]}","{""preds"": [29.49, 44.69, 25.82], ""scorePred"": [0, 1]}","{""preds"": [20.06, 59.59, 20.35], ""scorePred"": [1, 2]}","{""preds"": [31.39, 42.81, 25.8], ""scorePred"": [0, 1]}","{""preds"": [40.22, 30.9, 28.88], ""scorePred"": [1, 0]}","{""preds"": [27.4, 48.54, 24.06], ""scorePred"": [0, 1]}","{""preds"": [28.94, 45.57, 25.49], ""scorePred"": [0, 1]}","{""preds"": [30.53, 43.62, 25.85], ""scorePred"": [0, 1]}","{""preds"": [20.15, 58.98, 20.87], ""scorePred"": [1, 2]}","{""preds"": [31.26, 42.8, 25.94], ""scorePred"": [0, 1]}","{""preds"": [26.98, 48.74, 24.28], ""scorePred"": [0, 1]}","{""preds"": [23.34, 55.25, 21.41], ""scorePred"": [1, 2]}","{""preds"": [15.03, 68.5, 16.47], ""scorePred"": [1, 2]}","{""preds"": [17.61, 63.87, 18.52], ""scorePred"": [1, 2]}","{""preds"": [23.51, 54.22, 22.27], ""scorePred"": [1, 2]}","{""preds"": [23.83, 53.9, 22.27], ""scorePred"": [1, 2]}","{""preds"": [27.95, 47.74, 24.31], ""scorePred"": [0, 1]}","{""preds"": [42.88, 28.14, 28.98], ""scorePred"": [1, 0]}","{""preds"": [26.1, 49.84, 24.06], ""scorePred"": [1, 2]}","{""preds"": [85.21, 14.79, 0.0], ""scorePred"": [1, 0]}","{""preds"": [43.65, 56.35, 0.0], ""scorePred"": [0, 1]}","{""preds"": [38.92, 61.08, 0.0], ""scorePred"": [0, 1]}",,"{""preds"": [34.58, 65.42, 0.0], ""scorePred"": [0, 1]}","{""preds"": [24.76, 75.24, 0.0], ""scorePred"": [1, 2]}","{""preds"": [15.93, 84.07, 0.0], ""scorePred"": [1, 2]}","{""preds"": [27.27, 72.73, 0.0], ""scorePred"": [1, 2]}","{""preds"": [13.7, 86.3, 0.0], ""scorePred"": [1, 2]}","{""preds"": [54.86, 45.14, 0.0], ""scorePred"": [1, 0]}","{""preds"": [33.02, 66.98, 0.0], ""scorePred"": [0, 1]}","{""preds"": [23.32, 76.68, 0.0], ""scorePred"": [1, 2]}","{""preds"": [39.38, 60.62, 0.0], ""scorePred"": [0, 1]}","{""preds"": [28.59, 71.41, 0.0], ""scorePred"": [1, 2]}","{""preds"": [50.01, 49.99, 0.0], ""scorePred"": [2, 0]}","{""preds"": [41.29, 58.71, 0.0], ""scorePred"": [0, 1]}","{""preds"": [25.95, 74.05, 0.0], ""scorePred"": [1, 2]}","{""preds"": [42.16, 57.84, 0.0], ""scorePred"": [0, 1]}","{""preds"": [56.96, 43.04, 0.0], ""scorePred"": [1, 0]}","{""preds"": [36.0, 64.0, 0.0], ""scorePred"": [1, 2]}","{""preds"": [38.78, 61.22, 0.0], ""scorePred"": [0, 1]}","{""preds"": [41.56, 58.44, 0.0], ""scorePred"": [0, 1]}","{""preds"": [26.72, 73.28, 0.0], ""scorePred"": [1, 2]}","{""preds"": [41.68, 58.32, 0.0], ""scorePred"": [0, 1]}","{""preds"": [36.72, 63.28, 0.0], ""scorePred"": [0, 1]}","{""preds"": [28.27, 71.73, 0.0], ""scorePred"": [1, 2]}","{""preds"": [16.94, 83.06, 0.0], ""scorePred"": [1, 2]}","{""preds"": [20.98, 79.02, 0.0], ""scorePred"": [1, 2]}","{""preds"": [30.57, 69.43, 0.0], ""scorePred"": [1, 2]}","{""preds"": [31.3, 68.7, 0.0], ""scorePred"": [1, 2]}","{""preds"": [36.12, 63.88, 0.0], ""scorePred"": [0, 1]}","{""preds"": [60.86, 39.14, 0.0], ""scorePred"": [1, 0]}","{""preds"": [34.99, 65.01, 0.0], ""scorePred"": [1, 2]}"
CY,"{""preds"": [70.68, 6.87, 22.45], ""scorePred"": [1, 0]}","{""preds"": [45.44, 30.3, 24.26], ""scorePred"": [2, 1]}","{""preds"": [41.67, 34.9, 23.43], ""scorePred"": [2, 1]}","{""preds"": [48.37, 26.83, 24.8], ""scorePred"": [1, 0]}",,"{""preds"": [24.68, 66.82, 8.5], ""scorePred"": [0, 3]}","{""preds"": [21.65, 61.42, 16.93], ""scorePred"": [1, 2]}","{""preds"": [33.05, 46.28, 20.67], ""scorePred"": [1, 2]}","{""preds"": [21.6, 73.07, 5.33], ""scorePred"": [0, 3]}","{""preds"": [51.67, 23.9, 24.43], ""scorePred"": [1, 0]}","{""preds"": [36.97, 40.87, 22.16], ""scorePred"": [1, 2]}","{""preds"": [24.47, 67.13, 8.4], ""scorePred"": [0, 3]}","{""preds"": [41.46, 35.13, 23.41], ""scorePred"": [2, 1]}","{""preds"": [26.3, 64.05, 9.65], ""scorePred"": [0, 3]}","{""preds"": [57.78, 18.04, 24.18], ""scorePred"": [1, 0]}","{""preds"": [41.95, 34.32, 23.73], ""scorePred"": [2, 1]}","{""preds"": [24.17, 67.27, 8.56], ""scorePred"": [0, 3]}","{""preds"": [43.06, 33.26, 23.68], ""scorePred"": [2, 1]}","{""preds"": [53.27, 22.6, 24.13], ""scorePred"": [1, 0]}","{""preds"": [37.85, 38.56, 23.59], ""scorePred"": [1, 2]}","{""preds"": [41.03, 35.3, 23.67], ""scorePred"": [2, 1]}","{""preds"": [42.98, 33.25, 23.77], ""scorePred"": [2, 1]}","{""preds"": [31.1, 47.83, 21.07], ""scorePred"": [1, 2]}","{""preds"": [42.96, 33.03, 24.01], ""scorePred"": [2, 1]}","{""preds"": [27.05, 61.24, 11.71], ""scorePred"": [0, 2]}","{""preds"": [25.14, 65.07, 9.79], ""scorePred"": [0, 3]}","{""preds"": [22.99, 70.16, 6.85], ""scorePred"": [0, 3]}","{""preds"": [24.0, 68.19, 7.81], ""scorePred"": [0, 3]}","{""preds"": [25.89, 64.06, 10.05], ""scorePred"": [0, 2]}","{""preds"": [25.36, 64.24, 10.4], ""scorePred"": [0, 2]}","{""preds"": [39.77, 37.17, 23.06], ""scorePred"": [2, 1]}","{""preds"": [54.96, 20.5, 24.54], ""scorePred"": [1, 0]}","{""preds"": [37.76, 39.42, 22.82], ""scorePred"": [1, 2]}","{""preds"": [90.7, 9.3, 0.0], ""scorePred"": [1, 0]}","{""preds"": [59.14, 40.86, 0.0], ""scorePred"": [2, 1]}","{""preds"": [53.99, 46.01, 0.0], ""scorePred"": [2, 1]}","{""preds"": [64.26, 35.74, 0.0], ""scorePred"": [1, 0]}",,"{""preds"": [26.69, 73.31, 0.0], ""scorePred"": [0, 3]}","{""preds"": [27.46, 72.54, 0.0], ""scorePred"": [1, 2]}","{""preds"": [41.33, 58.67, 0.0], ""scorePred"": [1, 2]}","{""preds"": [23.44, 76.56, 0.0], ""scorePred"": [0, 4]}","{""preds"": [68.51, 31.49, 0.0], ""scorePred"": [1, 0]}","{""preds"": [47.89, 52.11, 0.0], ""scorePred"": [1, 2]}","{""preds"": [26.81, 73.19, 0.0], ""scorePred"": [0, 3]}","{""preds"": [55.44, 44.56, 0.0], ""scorePred"": [2, 1]}","{""preds"": [28.04, 71.96, 0.0], ""scorePred"": [0, 2]}","{""preds"": [76.65, 23.35, 0.0], ""scorePred"": [1, 0]}","{""preds"": [53.67, 46.33, 0.0], ""scorePred"": [2, 1]}","{""preds"": [27.73, 72.27, 0.0], ""scorePred"": [0, 2]}","{""preds"": [57.04, 42.96, 0.0], ""scorePred"": [2, 1]}","{""preds"": [70.63, 29.37, 0.0], ""scorePred"": [1, 0]}","{""preds"": [50.16, 49.84, 0.0], ""scorePred"": [2, 1]}","{""preds"": [53.89, 46.11, 0.0], ""scorePred"": [2, 1]}","{""preds"": [55.79, 44.21, 0.0], ""scorePred"": [2, 1]}","{""preds"": [39.6, 60.4, 0.0], ""scorePred"": [1, 2]}","{""preds"": [57.94, 42.06, 0.0], ""scorePred"": [2, 1]}","{""preds"": [30.31, 69.69, 0.0], ""scorePred"": [0, 2]}","{""preds"": [29.44, 70.56, 0.0], ""scorePred"": [0, 2]}","{""preds"": [25.34, 74.66, 0.0], ""scorePred"": [0, 3]}","{""preds"": [25.25, 74.75, 0.0], ""scorePred"": [0, 3]}","{""preds"": [28.5, 71.5, 0.0], ""scorePred"": [0, 2]}","{""preds"": [29.52, 70.48, 0.0], ""scorePred"": [0, 2]}","{""preds"": [51.3, 48.7, 0.0], ""scorePred"": [2, 1]}","{""preds"": [73.17, 26.83, 0.0], ""scorePred"": [1, 0]}","{""preds"": [50.01, 49.99, 0.0], ""scorePred"": [2, 1]}"
CZ,"{""preds"": [81.02, 4.24, 14.74], ""scorePred"": [2, 0]}","{""preds"": [56.23, 23.22, 20.55], ""scorePred"": [2, 1]}","{""preds"": [52.6, 27.29, 20.11], ""scorePred"": [2, 1]}","{""preds"": [59.09, 20.32, 20.59], ""scorePred"": [2, 1]}","{""preds"": [66.72, 24.38, 8.9], ""scorePred"": [3, 0]}",,"{""preds"": [31.42, 51.04, 17.54], ""scorePred"": [1, 2]}","{""preds"": [42.55, 37.24, 20.21], ""scorePred"": [2, 1]}","{""preds"": [27.91, 54.59, 17.5], ""scorePred"": [2, 3]}","{""preds"": [59.42, 36.08, 4.5], ""scorePred"": [2, 0]}","{""preds"": [47.3, 31.72, 20.98], ""scorePred"": [2, 1]}","{""preds"": [38.17, 42.57, 19.26], ""scorePred"": [1, 2]}","{""preds"": [53.25, 26.06, 20.69], ""scorePred"": [2, 1]}","{""preds"": [43.68, 35.77, 20.55], ""scorePred"": [2, 1]}","{""preds"": [51.71, 45.21, 3.08], ""scorePred"": [3, 0]}","{""preds"": [52.98, 26.79, 20.23], ""scorePred"": [2, 1]}","{""preds"": [40.79, 39.46, 19.75], ""scorePred"": [2, 1]}","{""preds"": [64.83, 28.08, 7.09], ""scorePred"": [3, 0]}","{""preds"": [56.7, 39.15, 4.15], ""scorePred"": [3, 0]}","{""preds"": [50.15, 29.35, 20.5], ""scorePred"": [2, 1]}","{""preds"": [52.0, 27.05, 20.95], ""scorePred"": [2, 1]}","{""preds"": [52.99, 26.39, 20.62], ""scorePred"": [2, 1]}","{""preds"": [41.19, 38.62, 20.19], ""scorePred"": [2, 1]}","{""preds"": [54.37, 25.18, 20.45], ""scorePred"": [2, 1]}","{""preds"": [50.94, 28.56, 20.5], ""scorePred"": [2, 1]}","{""preds"": [43.16, 36.16, 20.68], ""scorePred"": [2, 1]}","{""preds"": [33.02, 48.8, 18.18], ""scorePred"": [2, 3]}","{""preds"": [36.75, 43.57, 19.68], ""scorePred"": [1, 2]}","{""preds"": [44.9, 34.53, 20.57], ""scorePred"": [2, 1]}","{""preds"": [45.88, 33.49, 20.63], ""scorePred"": [2, 1]}","{""preds"": [51.47, 27.84, 20.69], ""scorePred"": [2, 1]}","{""preds"": [66.72, 14.68, 18.6], ""scorePred"": [2, 0]}","{""preds"": [49.58, 30.41, 20.01], ""scorePred"": [2, 1]}","{""preds"": [94.85, 5.15, 0.0], ""scorePred"": [2, 0]}","{""preds"": [71.54, 28.46, 0.0], ""scorePred"": [2, 1]}","{""preds"": [64.87, 35.13, 0.0], ""scorePred"": [2, 1]}","{""preds"": [75.53, 24.47, 0.0], ""scorePred"": [2, 1]}","{""preds"": [72.53, 27.47, 0.0], ""scorePred"": [3, 0]}",,"{""preds"": [37.95, 62.05, 0.0], ""scorePred"": [2, 3]}","{""preds"": [54.7, 45.3, 0.0], ""scorePred"": [2, 1]}","{""preds"": [32.69, 67.31, 0.0], ""scorePred"": [2, 3]}","{""preds"": [62.3, 37.7, 0.0], ""scorePred"": [3, 0]}","{""preds"": [60.63, 39.37, 0.0], ""scorePred"": [2, 1]}","{""preds"": [48.03, 51.97, 0.0], ""scorePred"": [1, 2]}","{""preds"": [66.71, 33.29, 0.0], ""scorePred"": [2, 1]}","{""preds"": [55.42, 44.58, 0.0], ""scorePred"": [2, 1]}","{""preds"": [53.32, 46.68, 0.0], ""scorePred"": [3, 0]}","{""preds"": [67.39, 32.61, 0.0], ""scorePred"": [2, 1]}","{""preds"": [48.65, 51.35, 0.0], ""scorePred"": [1, 2]}","{""preds"": [68.72, 31.28, 0.0], ""scorePred"": [3, 0]}","{""preds"": [60.63, 39.37, 0.0], ""scorePred"": [3, 0]}","{""preds"": [63.61, 36.39, 0.0], ""scorePred"": [2, 1]}","{""preds"": [66.5, 33.5, 0.0], ""scorePred"": [2, 1]}","{""preds"": [67.7, 32.3, 0.0], ""scorePred"": [2, 1]}","{""preds"": [51.81, 48.19, 0.0], ""scorePred"": [2, 1]}","{""preds"": [68.64, 31.36, 0.0], ""scorePred"": [2, 1]}","{""preds"": [64.09, 35.91, 0.0], ""scorePred"": [2, 1]}","{""preds"": [55.43, 44.57, 0.0], ""scorePred"": [2, 1]}","{""preds"": [41.04, 58.96, 0.0], ""scorePred"": [2, 3]}","{""preds"": [45.87, 54.13, 0.0], ""scorePred"": [1, 2]}","{""preds"": [57.05, 42.95, 0.0], ""scorePred"": [2, 1]}","{""preds"": [58.05, 41.95, 0.0], ""scorePred"": [2, 1]}","{""preds"": [63.48, 36.52, 0.0], ""scorePred"": [2, 1]}","{""preds"": [83.17, 16.83, 0.0], ""scorePred"": [2, 0]}","{""preds"": [62.14, 37.86, 0.0], ""scorePred"": [2, 1]}"
DK,"{""preds"": [87.09, 2.68, 10.23], ""scorePred"": [2, 0]}","{""preds"": [67.36, 16.41, 16.23], ""scorePred"": [2, 1]}","{""preds"": [63.27, 19.59, 17.14], ""scorePred"": [2, 1]}","{""preds"": [70.07, 13.53, 16.4], ""scorePred"": [2, 1]}","{""preds"": [60.93, 21.37, 17.7], ""scorePred"": [2, 1]}","{""preds"": [50.69, 31.52, 17.79], ""scorePred"": [3, 2]}",,"{""preds"": [53.91, 27.67, 18.42], ""scorePred"": [2, 1]}","{""preds"": [37.24, 45.05, 17.71], ""scorePred"": [2, 3]}","{""preds"": [72.75, 12.13, 15.12], ""scorePred"": [2, 1]}","{""preds"": [58.32, 23.58, 18.1], ""scorePred"": [2, 1]}","{""preds"": [49.8, 32.93, 17.27], ""scorePred"": [2, 1]}","{""preds"": [63.69, 19.56, 16.75], ""scorePred"": [2, 1]}","{""preds"": [54.54, 27.28, 18.18], ""scorePred"": [2, 1]}","{""preds"": [78.28, 8.04, 13.68], ""scorePred"": [2, 0]}","{""preds"": [64.36, 18.35, 17.29], ""scorePred"": [2, 1]}","{""preds"": [50.9, 30.68, 18.42], ""scorePred"": [2, 1]}","{""preds"": [65.94, 17.05, 17.01], ""scorePred"": [2, 1]}","{""preds"": [74.33, 11.1, 14.57], ""scorePred"": [2, 1]}","{""preds"": [60.7, 21.39, 17.91], ""scorePred"": [2, 1]}","{""preds"": [64.32, 19.39, 16.29], ""scorePred"": [2, 1]}","{""preds"": [64.98, 18.28, 16.74], ""scorePred"": [2, 1]}","{""preds"": [52.91, 29.4, 17.69], ""scorePred"": [2, 1]}","{""preds"": [65.87, 17.42, 16.71], ""scorePred"": [2, 1]}","{""preds"": [61.56, 20.98, 17.46], ""scorePred"": [2, 1]}","{""preds"": [55.47, 26.83, 17.7], ""scorePred"": [2, 1]}","{""preds"": [43.72, 38.69, 17.59], ""scorePred"": [3, 2]}","{""preds"": [46.91, 35.1, 17.99], ""scorePred"": [3, 2]}","{""preds"": [56.28, 25.95, 17.77], ""scorePred"": [2, 1]}","{""preds"": [56.98, 25.06, 17.96], ""scorePred"": [2, 1]}","{""preds"": [62.33, 20.44, 17.23], ""scorePred"": [2, 1]}","{""preds"": [76.22, 9.58, 14.2], ""scorePred"": [2, 0]}","{""preds"": [60.1, 22.24, 17.66], ""scorePred"": [2, 1]}","{""preds"": [96.98, 3.02, 0.0], ""scorePred"": [2, 0]}","{""preds"": [81.41, 18.59, 0.0], ""scorePred"": [2, 1]}","{""preds"": [75.69, 24.31, 0.0], ""scorePred"": [2, 1]}","{""preds"": [83.38, 16.62, 0.0], ""scorePred"": [2, 1]}","{""preds"": [72.99, 27.01, 0.0], ""scorePred"": [2, 1]}","{""preds"": [62.16, 37.84, 0.0], ""scorePred"": [2, 1]}",,"{""preds"": [66.45, 33.55, 0.0], ""scorePred"": [2, 1]}","{""preds"": [45.93, 54.07, 0.0], ""scorePred"": [2, 3]}","{""preds"": [86.16, 13.84, 0.0], ""scorePred"": [2, 0]}","{""preds"": [70.62, 29.38, 0.0], ""scorePred"": [2, 1]}","{""preds"": [59.97, 40.03, 0.0], ""scorePred"": [3, 2]}","{""preds"": [77.27, 22.73, 0.0], ""scorePred"": [2, 1]}","{""preds"": [65.33, 34.67, 0.0], ""scorePred"": [2, 1]}","{""preds"": [90.43, 9.57, 0.0], ""scorePred"": [2, 0]}","{""preds"": [77.26, 22.74, 0.0], ""scorePred"": [2, 1]}","{""preds"": [62.33, 37.67, 0.0], ""scorePred"": [2, 1]}","{""preds"": [78.57, 21.43, 0.0], ""scorePred"": [2, 1]}","{""preds"": [87.42, 12.58, 0.0], ""scorePred"": [2, 1]}","{""preds"": [74.14, 25.86, 0.0], ""scorePred"": [2, 1]}","{""preds"": [76.29, 23.71, 0.0], ""scorePred"": [2, 1]}","{""preds"": [77.37, 22.63, 0.0], ""scorePred"": [2, 1]}","{""preds"": [65.25, 34.75, 0.0], ""scorePred"": [2, 1]}","{""preds"": [78.29, 21.71, 0.0], ""scorePred"": [2, 1]}","{""preds"": [72.96, 27.04, 0.0], ""scorePred"": [2, 1]}","{""preds"": [67.53, 32.47, 0.0], ""scorePred"": [2, 1]}","{""preds"": [52.27, 47.73, 0.0], ""scorePred"": [3, 2]}","{""preds"": [58.7, 41.3, 0.0], ""scorePred"": [3, 2]}","{""preds"": [68.34, 31.66, 0.0], ""scorePred"": [2, 1]}","{""preds"": [68.55, 31.45, 0.0], ""scorePred"": [2, 1]}","{""preds"": [74.11, 25.89, 0.0], ""scorePred"": [2, 1]}","{""preds"": [89.3, 10.7, 0.0], ""scorePred"": [2, 0]}","{""preds"": [73.08, 26.92, 0.0], ""scorePred"": [2, 1]}"
DD,"{""preds"": [76.48, 5.49, 18.03], ""scorePred"": [2, 0]}","{""preds"": [52.79, 25.82, 21.39], ""scorePred"": [2, 1]}","{""preds"": [48.41, 30.38, 21.21], ""scorePred"": [2, 1]}","{""preds"": [56.41, 21.93, 21.66], ""scorePred"": [2, 1]}","{""preds"": [45.69, 32.88, 21.43], ""scorePred"": [2, 1]}","{""preds"": [36.75, 42.87, 20.38], ""scorePred"": [1, 2]}","{""preds"": [27.5, 55.16, 17.34], ""scorePred"": [1, 2]}",,"{""preds"": [24.91, 59.07, 16.02], ""scorePred"": [1, 3]}","{""preds"": [59.1, 19.48, 21.42], ""scorePred"": [2, 1]}","{""preds"": [44.27, 35.24, 20.49], ""scorePred"": [2, 1]}","{""preds"": [34.81, 44.85, 20.34], ""scorePred"": [1, 2]}","{""preds"": [49.63, 29.38, 20.99], ""scorePred"": [2, 1]}","{""preds"": [40.06, 38.49, 21.45], ""scorePred"": [2, 1]}","{""preds"": [66.25, 14.37, 19.38], ""scorePred"": [2, 0]}","{""preds"": [49.37, 28.66, 21.97], ""scorePred"": [2, 1]}","{""preds"": [37.98, 41.82, 20.2], ""scorePred"": [1, 2]}","{""preds"": [51.35, 27.5, 21.15], ""scorePred"": [2, 1]}","{""preds"": [60.82, 17.72, 21.46], ""scorePred"": [1, 0]}","{""preds"": [46.56, 31.87, 21.57], ""scorePred"": [2, 1]}","{""preds"": [49.31, 29.05, 21.64], ""scorePred"": [2, 1]}","{""preds"": [50.17, 27.83, 22.0], ""scorePred"": [2, 1]}","{""preds"": [38.25, 41.11, 20.64], ""scorePred"": [1, 2]}","{""preds"": [50.27, 28.45, 21.28], ""scorePred"": [2, 1]}","{""preds"": [47.45, 31.51, 21.04], ""scorePred"": [2, 1]}","{""preds"": [40.42, 38.9, 20.68], ""scorePred"": [2, 1]}","{""preds"": [29.83, 51.55, 18.62], ""scorePred"": [1, 2]}","{""preds"": [32.8, 47.67, 19.53], ""scorePred"": [1, 2]}","{""preds"": [41.18, 37.33, 21.49], ""scorePred"": [2, 1]}","{""preds"": [42.62, 36.12, 21.26], ""scorePred"": [2, 1]}","{""preds"": [46.56, 32.07, 21.37], ""scorePred"": [2, 1]}","{""preds"": [63.57, 15.53, 20.9], ""scorePred"": [2, 0]}","{""preds"": [46.83, 31.95, 21.22], ""scorePred"": [2, 1]}","{""preds"": [93.75, 6.25, 0.0], ""scorePred"": [1, 0]}","{""preds"": [67.1, 32.9, 0.0], ""scorePred"": [2, 1]}","{""preds"": [62.41, 37.59, 0.0], ""scorePred"": [2, 1]}","{""preds"": [73.11, 26.89, 0.0], ""scorePred"": [2, 1]}","{""preds"": [58.53, 41.47, 0.0], ""scorePred"": [2, 1]}","{""preds"": [45.55, 54.45, 0.0], ""scorePred"": [1, 2]}","{""preds"": [33.75, 66.25, 0.0], ""scorePred"": [1, 2]}",,"{""preds"": [30.3, 69.7, 0.0], ""scorePred"": [1, 2]}","{""preds"": [74.85, 25.15, 0.0], ""scorePred"": [2, 1]}","{""preds"": [56.63, 43.37, 0.0], ""scorePred"": [2, 1]}","{""preds"": [44.73, 55.27, 0.0], ""scorePred"": [1, 2]}","{""preds"": [62.4, 37.6, 0.0], ""scorePred"": [2, 1]}","{""preds"": [50.33, 49.67, 0.0], ""scorePred"": [2, 1]}","{""preds"": [82.21, 17.79, 0.0], ""scorePred"": [1, 0]}","{""preds"": [63.27, 36.73, 0.0], ""scorePred"": [2, 1]}","{""preds"": [45.31, 54.69, 0.0], ""scorePred"": [1, 2]}","{""preds"": [65.71, 34.29, 0.0], ""scorePred"": [2, 1]}","{""preds"": [76.68, 23.32, 0.0], ""scorePred"": [2, 0]}","{""preds"": [58.72, 41.28, 0.0], ""scorePred"": [2, 1]}","{""preds"": [62.34, 37.66, 0.0], ""scorePred"": [2, 1]}","{""preds"": [63.67, 36.33, 0.0], ""scorePred"": [2, 1]}","{""preds"": [47.87, 52.13, 0.0], ""scorePred"": [1, 2]}","{""preds"": [65.0, 35.0, 0.0], ""scorePred"": [2, 1]}","{""preds"": [59.54, 40.46, 0.0], ""scorePred"": [2, 1]}","{""preds"": [50.71, 49.29, 0.0], ""scorePred"": [2, 1]}","{""preds"": [36.85, 63.15, 0.0], ""scorePred"": [1, 2]}","{""preds"": [42.29, 57.71, 0.0], ""scorePred"": [1, 2]}","{""preds"": [52.81, 47.19, 0.0], ""scorePred"": [2, 1]}","{""preds"": [53.03, 46.97, 0.0], ""scorePred"": [2, 1]}","{""preds"": [59.31, 40.69, 0.0], ""scorePred"": [2, 1]}","{""preds"": [78.96, 21.04, 0.0], ""scorePred"": [1, 0]}","{""preds"": [58.36, 41.64, 0.0], ""scorePred"": [2, 1]}"
GB-ENG,"{""preds"": [89.14, 2.32, 8.54], ""scorePred"": [3, 0]}","{""preds"": [70.47, 14.26, 15.27], ""scorePred"": [3, 1]}","{""preds"": [66.72, 16.99, 16.29], ""scorePred"": [3, 1]}","{""preds"": [75.07, 11.27, 13.66], ""scorePred"": [3, 1]}","{""preds"": [72.33, 22.23, 5.44], ""scorePred"": [3, 0]}","{""preds"": [55.02, 27.97, 17.01], ""scorePred"": [3, 2]}","{""preds"": [45.04, 38.08, 16.88], ""scorePred"": [3, 2]}","{""preds"": [58.43, 24.48, 17.09], ""scorePred"": [3, 1]}",,"{""preds"": [61.98, 35.69, 2.33], ""scorePred"": [3, 0]}","{""preds"": [62.17, 21.23, 16.6], ""scorePred"": [2, 1]}","{""preds"": [54.22, 28.3, 17.48], ""scorePred"": [3, 1]}","{""preds"": [66.93, 17.5, 15.57], ""scorePred"": [2, 1]}","{""preds"": [57.77, 25.1, 17.13], ""scorePred"": [3, 2]}","{""preds"": [52.59, 45.81, 1.6], ""scorePred"": [3, 0]}","{""preds"": [67.34, 16.63, 16.03], ""scorePred"": [3, 1]}","{""preds"": [54.84, 28.69, 16.47], ""scorePred"": [3, 2]}","{""preds"": [68.84, 26.94, 4.22], ""scorePred"": [4, 0]}","{""preds"": [60.02, 37.49, 2.49], ""scorePred"": [4, 0]}","{""preds"": [64.29, 19.34, 16.37], ""scorePred"": [3, 1]}","{""preds"": [67.12, 17.24, 15.64], ""scorePred"": [3, 1]}","{""preds"": [67.26, 16.5, 16.24], ""scorePred"": [2, 1]}","{""preds"": [56.18, 26.34, 17.48], ""scorePred"": [2, 1]}","{""preds"": [69.62, 15.62, 14.76], ""scorePred"": [3, 1]}","{""preds"": [66.38, 17.92, 15.7], ""scorePred"": [3, 1]}","{""preds"": [58.73, 24.24, 17.03], ""scorePred"": [3, 2]}","{""preds"": [47.49, 35.47, 17.04], ""scorePred"": [3, 2]}","{""preds"": [51.72, 30.94, 17.34], ""scorePred"": [3, 2]}","{""preds"": [59.94, 23.11, 16.95], ""scorePred"": [3, 1]}","{""preds"": [60.79, 22.44, 16.77], ""scorePred"": [2, 1]}","{""preds"": [65.47, 18.82, 15.71], ""scorePred"": [2, 1]}","{""preds"": [79.14, 8.29, 12.57], ""scorePred"": [3, 0]}","{""preds"": [64.34, 19.62, 16.04], ""scorePred"": [2, 1]}","{""preds"": [97.71, 2.29, 0.0], ""scorePred"": [2, 0]}","{""preds"": [82.34, 17.66, 0.0], ""scorePred"": [3, 1]}","{""preds"": [79.56, 20.44, 0.0], ""scorePred"": [3, 1]}","{""preds"": [85.92, 14.08, 0.0], ""scorePred"": [2, 1]}","{""preds"": [76.47, 23.53, 0.0], ""scorePred"": [4, 0]}","{""preds"": [66.1, 33.9, 0.0], ""scorePred"": [3, 1]}","{""preds"": [53.4, 46.6, 0.0], ""scorePred"": [3, 2]}","{""preds"": [69.32, 30.68, 0.0], ""scorePred"": [3, 1]}",,"{""preds"": [62.69, 37.31, 0.0], ""scorePred"": [3, 0]}","{""preds"": [75.87, 24.13, 0.0], ""scorePred"": [3, 1]}","{""preds"": [65.33, 34.67, 0.0], ""scorePred"": [3, 2]}","{""preds"": [79.97, 20.03, 0.0], ""scorePred"": [3, 1]}","{""preds"": [69.57, 30.43, 0.0], ""scorePred"": [3, 1]}","{""preds"": [53.09, 46.91, 0.0], ""scorePred"": [3, 0]}","{""preds"": [79.67, 20.33, 0.0], ""scorePred"": [2, 1]}","{""preds"": [65.97, 34.03, 0.0], ""scorePred"": [3, 2]}","{""preds"": [71.97, 28.03, 0.0], ""scorePred"": [3, 0]}","{""preds"": [61.3, 38.7, 0.0], ""scorePred"": [4, 0]}","{""preds"": [76.88, 23.12, 0.0], ""scorePred"": [3, 1]}","{""preds"": [79.26, 20.74, 0.0], ""scorePred"": [2, 1]}","{""preds"": [80.67, 19.33, 0.0], ""scorePred"": [2, 1]}","{""preds"": [67.59, 32.41, 0.0], ""scorePred"": [2, 1]}","{""preds"": [81.18, 18.82, 0.0], ""scorePred"": [2, 1]}","{""preds"": [78.6, 21.4, 0.0], ""scorePred"": [3, 1]}","{""preds"": [70.21, 29.79, 0.0], ""scorePred"": [3, 1]}","{""preds"": [57.2, 42.8, 0.0], ""scorePred"": [3, 2]}","{""preds"": [61.56, 38.44, 0.0], ""scorePred"": [3, 2]}","{""preds"": [72.88, 27.12, 0.0], ""scorePred"": [2, 1]}","{""preds"": [73.2, 26.8, 0.0], ""scorePred"": [3, 1]}","{""preds"": [77.21, 22.79, 0.0], ""scorePred"": [3, 1]}","{""preds"": [90.25, 9.75, 0.0], ""scorePred"": [3, 0]}","{""preds"": [76.18, 23.82, 0.0], ""scorePred"": [3, 1]}"
FI,"{""preds"": [53.89, 11.67, 34.44], ""scorePred"": [1, 0]}","{""preds"": [38.71, 53.43, 7.86], ""scorePred"": [0, 2]}","{""preds"": [26.11, 49.01, 24.88], ""scorePred"": [0, 1]}","{""preds"": [33.07, 37.98, 28.95], ""scorePred"": [0, 1]}","{""preds"": [24.5, 50.76, 24.74], ""scorePred"": [0, 1]}","{""preds"": [36.47, 58.93, 4.6], ""scorePred"": [0, 3]}","{""preds"": [11.98, 72.89, 15.13], ""scorePred"": [1, 2]}","{""preds"": [18.7, 59.29, 22.01], ""scorePred"": [0, 2]}","{""preds"": [35.93, 61.79, 2.28], ""scorePred"": [0, 4]}",,"{""preds"": [22.74, 54.4, 22.86], ""scorePred"": [0, 1]}","{""preds"": [35.86, 60.11, 4.03], ""scorePred"": [0, 3]}","{""preds"": [26.81, 46.93, 26.26], ""scorePred"": [0, 1]}","{""preds"": [36.49, 58.36, 5.15], ""scorePred"": [0, 2]}","{""preds"": [41.44, 27.61, 30.95], ""scorePred"": [1, 0]}","{""preds"": [27.01, 47.25, 25.74], ""scorePred"": [0, 1]}","{""preds"": [36.58, 58.59, 4.83], ""scorePred"": [0, 3]}","{""preds"": [28.46, 44.34, 27.2], ""scorePred"": [0, 1]}","{""preds"": [36.49, 32.93, 30.58], ""scorePred"": [1, 0]}","{""preds"": [23.52, 51.53, 24.95], ""scorePred"": [0, 1]}","{""preds"": [26.67, 47.96, 25.37], ""scorePred"": [0, 1]}","{""preds"": [27.92, 45.97, 26.11], ""scorePred"": [0, 1]}","{""preds"": [18.84, 59.7, 21.46], ""scorePred"": [1, 2]}","{""preds"": [27.97, 45.83, 26.2], ""scorePred"": [0, 1]}","{""preds"": [37.45, 56.13, 6.42], ""scorePred"": [0, 2]}","{""preds"": [36.7, 58.51, 4.79], ""scorePred"": [0, 2]}","{""preds"": [36.36, 60.58, 3.06], ""scorePred"": [0, 3]}","{""preds"": [36.03, 60.17, 3.8], ""scorePred"": [0, 3]}","{""preds"": [36.52, 57.97, 5.51], ""scorePred"": [0, 2]}","{""preds"": [37.61, 56.29, 6.1], ""scorePred"": [0, 2]}","{""preds"": [24.94, 50.73, 24.33], ""scorePred"": [0, 1]}","{""preds"": [37.56, 30.94, 31.5], ""scorePred"": [1, 0]}","{""preds"": [23.89, 51.58, 24.53], ""scorePred"": [0, 1]}","{""preds"": [82.9, 17.1, 0.0], ""scorePred"": [1, 0]}","{""preds"": [42.4, 57.6, 0.0], ""scorePred"": [0, 2]}","{""preds"": [34.66, 65.34, 0.0], ""scorePred"": [0, 1]}","{""preds"": [45.14, 54.86, 0.0], ""scorePred"": [0, 1]}","{""preds"": [32.0, 68.0, 0.0], ""scorePred"": [0, 1]}","{""preds"": [38.06, 61.94, 0.0], ""scorePred"": [0, 3]}","{""preds"": [14.53, 85.47, 0.0], ""scorePred"": [1, 2]}","{""preds"": [25.73, 74.27, 0.0], ""scorePred"": [1, 2]}","{""preds"": [37.06, 62.94, 0.0], ""scorePred"": [0, 4]}",,"{""preds"": [29.2, 70.8, 0.0], ""scorePred"": [0, 1]}","{""preds"": [38.03, 61.97, 0.0], ""scorePred"": [0, 3]}","{""preds"": [36.03, 63.97, 0.0], ""scorePred"": [0, 1]}","{""preds"": [39.9, 60.1, 0.0], ""scorePred"": [0, 2]}","{""preds"": [60.33, 39.67, 0.0], ""scorePred"": [1, 0]}","{""preds"": [34.23, 65.77, 0.0], ""scorePred"": [0, 1]}","{""preds"": [38.39, 61.61, 0.0], ""scorePred"": [0, 3]}","{""preds"": [39.08, 60.92, 0.0], ""scorePred"": [0, 1]}","{""preds"": [52.23, 47.77, 0.0], ""scorePred"": [1, 0]}","{""preds"": [32.41, 67.59, 0.0], ""scorePred"": [0, 1]}","{""preds"": [35.02, 64.98, 0.0], ""scorePred"": [0, 1]}","{""preds"": [36.39, 63.61, 0.0], ""scorePred"": [0, 1]}","{""preds"": [23.37, 76.63, 0.0], ""scorePred"": [1, 2]}","{""preds"": [37.9, 62.1, 0.0], ""scorePred"": [0, 1]}","{""preds"": [40.08, 59.92, 0.0], ""scorePred"": [0, 2]}","{""preds"": [39.22, 60.78, 0.0], ""scorePred"": [0, 2]}","{""preds"": [38.14, 61.86, 0.0], ""scorePred"": [0, 3]}","{""preds"": [38.98, 61.02, 0.0], ""scorePred"": [0, 3]}","{""preds"": [38.78, 61.22, 0.0], ""scorePred"": [0, 2]}","{""preds"": [38.98, 61.02, 0.0], ""scorePred"": [0, 2]}","{""preds"": [32.46, 67.54, 0.0], ""scorePred"": [0, 1]}","{""preds"": [56.1, 43.9, 0.0], ""scorePred"": [1, 0]}","{""preds"": [31.25, 68.75, 0.0], ""scorePred"": [0, 1]}"
FR,"{""preds"": [73.19, 6.41, 20.4], ""scorePred"": [1, 0]}","{""preds"": [47.04, 29.88, 23.08], ""scorePred"": [2, 1]}","{""preds"": [42.63, 33.41, 23.96], ""scorePred"": [2, 1]}","{""preds"": [50.91, 25.72, 23.37], ""scorePred"": [2, 1]}","{""preds"": [40.69, 36.4, 22.91], ""scorePred"": [2, 1]}","{""preds"": [30.59, 48.67, 20.74], ""scorePred"": [1, 2]}","{""preds"": [23.65, 59.12, 17.23], ""scorePred"": [1, 2]}","{""preds"": [34.79, 43.55, 21.66], ""scorePred"": [1, 2]}","{""preds"": [20.34, 63.73, 15.93], ""scorePred"": [1, 2]}","{""preds"": [53.72, 22.57, 23.71], ""scorePred"": [1, 0]}",,"{""preds"": [31.64, 49.15, 19.21], ""scorePred"": [1, 2]}","{""preds"": [43.38, 33.94, 22.68], ""scorePred"": [2, 1]}","{""preds"": [35.29, 43.1, 21.61], ""scorePred"": [1, 2]}","{""preds"": [49.99, 46.2, 3.81], ""scorePred"": [2, 0]}","{""preds"": [44.01, 33.05, 22.94], ""scorePred"": [2, 1]}","{""preds"": [31.76, 47.94, 20.3], ""scorePred"": [1, 2]}","{""preds"": [45.93, 30.26, 23.81], ""scorePred"": [2, 1]}","{""preds"": [54.99, 21.22, 23.79], ""scorePred"": [1, 0]}","{""preds"": [41.0, 36.92, 22.08], ""scorePred"": [2, 1]}","{""preds"": [42.26, 34.52, 23.22], ""scorePred"": [2, 1]}","{""preds"": [44.79, 31.75, 23.46], ""scorePred"": [2, 1]}","{""preds"": [33.47, 46.21, 20.32], ""scorePred"": [1, 2]}","{""preds"": [45.06, 32.0, 22.94], ""scorePred"": [2, 1]}","{""preds"": [41.45, 36.12, 22.43], ""scorePred"": [2, 1]}","{""preds"": [35.08, 43.75, 21.17], ""scorePred"": [1, 2]}","{""preds"": [24.87, 56.37, 18.76], ""scorePred"": [1, 2]}","{""preds"": [27.61, 52.67, 19.72], ""scorePred"": [1, 2]}","{""preds"": [36.14, 42.29, 21.57], ""scorePred"": [1, 2]}","{""preds"": [38.28, 40.64, 21.08], ""scorePred"": [1, 2]}","{""preds"": [41.1, 36.11, 22.79], ""scorePred"": [2, 1]}","{""preds"": [57.07, 19.41, 23.52], ""scorePred"": [1, 0]}","{""preds"": [40.07, 37.86, 22.07], ""scorePred"": [2, 1]}","{""preds"": [92.33, 7.67, 0.0], ""scorePred"": [1, 0]}","{""preds"": [62.04, 37.96, 0.0], ""scorePred"": [2, 1]}","{""preds"": [56.09, 43.91, 0.0], ""scorePred"": [2, 1]}","{""preds"": [67.37, 32.63, 0.0], ""scorePred"": [2, 1]}","{""preds"": [52.18, 47.82, 0.0], ""scorePred"": [2, 1]}","{""preds"": [39.83, 60.17, 0.0], ""scorePred"": [1, 2]}","{""preds"": [28.2, 71.8, 0.0], ""scorePred"": [1, 2]}","{""preds"": [43.34, 56.66, 0.0], ""scorePred"": [1, 2]}","{""preds"": [24.78, 75.22, 0.0], ""scorePred"": [1, 3]}","{""preds"": [70.47, 29.53, 0.0], ""scorePred"": [1, 0]}",,"{""preds"": [38.95, 61.05, 0.0], ""scorePred"": [1, 2]}","{""preds"": [57.15, 42.85, 0.0], ""scorePred"": [2, 1]}","{""preds"": [43.98, 56.02, 0.0], ""scorePred"": [1, 2]}","{""preds"": [52.9, 47.1, 0.0], ""scorePred"": [2, 0]}","{""preds"": [57.66, 42.34, 0.0], ""scorePred"": [2, 1]}","{""preds"": [41.05, 58.95, 0.0], ""scorePred"": [1, 2]}","{""preds"": [60.63, 39.37, 0.0], ""scorePred"": [2, 1]}","{""preds"": [72.29, 27.71, 0.0], ""scorePred"": [1, 0]}","{""preds"": [51.88, 48.12, 0.0], ""scorePred"": [2, 1]}","{""preds"": [55.87, 44.13, 0.0], ""scorePred"": [2, 1]}","{""preds"": [57.65, 42.35, 0.0], ""scorePred"": [2, 1]}","{""preds"": [42.13, 57.87, 0.0], ""scorePred"": [1, 2]}","{""preds"": [58.95, 41.05, 0.0], ""scorePred"": [2, 1]}","{""preds"": [53.05, 46.95, 0.0], ""scorePred"": [2, 1]}","{""preds"": [44.72, 55.28, 0.0], ""scorePred"": [1, 2]}","{""preds"": [31.1, 68.9, 0.0], ""scorePred"": [1, 2]}","{""preds"": [34.55, 65.45, 0.0], ""scorePred"": [1, 2]}","{""preds"": [46.97, 53.03, 0.0], ""scorePred"": [1, 2]}","{""preds"": [47.05, 52.95, 0.0], ""scorePred"": [1, 2]}","{""preds"": [53.25, 46.75, 0.0], ""scorePred"": [2, 1]}","{""preds"": [75.24, 24.76, 0.0], ""scorePred"": [1, 0]}","{""preds"": [51.85, 48.15, 0.0], ""scorePred"": [2, 1]}"
DE,"{""preds"": [81.29, 4.31, 14.4], ""scorePred"": [2, 0]}","{""preds"": [58.14, 22.21, 19.65], ""scorePred"": [2, 1]}","{""preds"": [53.85, 26.48, 19.67], ""scorePred"": [2, 1]}","{""preds"": [61.04, 18.77, 20.19], ""scorePred"": [2, 1]}","{""preds"": [66.74, 24.74, 8.52], ""scorePred"": [3, 0]}","{""preds"": [41.0, 40.15, 18.85], ""scorePred"": [2, 1]}","{""preds"": [32.02, 50.73, 17.25], ""scorePred"": [2, 3]}","{""preds"": [43.87, 36.32, 19.81], ""scorePred"": [2, 1]}","{""preds"": [29.86, 53.47, 16.67], ""scorePred"": [2, 3]}","{""preds"": [59.75, 35.92, 4.33], ""scorePred"": [3, 0]}","{""preds"": [49.66, 30.31, 20.03], ""scorePred"": [2, 1]}",,"{""preds"": [53.59, 25.9, 20.51], ""scorePred"": [2, 1]}","{""preds"": [44.74, 35.17, 20.09], ""scorePred"": [2, 1]}","{""preds"": [51.39, 46.2, 2.41], ""scorePred"": [3, 0]}","{""preds"": [54.8, 25.25, 19.95], ""scorePred"": [2, 1]}","{""preds"": [41.37, 39.05, 19.58], ""scorePred"": [2, 1]}","{""preds"": [65.17, 28.58, 6.25], ""scorePred"": [3, 0]}","{""preds"": [57.0, 39.11, 3.89], ""scorePred"": [3, 0]}","{""preds"": [50.56, 29.05, 20.39], ""scorePred"": [2, 1]}","{""preds"": [53.78, 26.44, 19.78], ""scorePred"": [2, 1]}","{""preds"": [55.94, 24.54, 19.52], ""scorePred"": [2, 1]}","{""preds"": [42.99, 37.43, 19.58], ""scorePred"": [2, 1]}","{""preds"": [56.23, 23.63, 20.14], ""scorePred"": [2, 1]}","{""preds"": [52.32, 27.39, 20.29], ""scorePred"": [2, 1]}","{""preds"": [45.53, 35.19, 19.28], ""scorePred"": [2, 1]}","{""preds"": [33.79, 47.3, 18.91], ""scorePred"": [2, 3]}","{""preds"": [38.17, 42.4, 19.43], ""scorePred"": [1, 2]}","{""preds"": [46.57, 33.2, 20.23], ""scorePred"": [2, 1]}","{""preds"": [47.88, 32.5, 19.62], ""scorePred"": [2, 1]}","{""preds"": [51.56, 28.12, 20.32], ""scorePred"": [2, 1]}","{""preds"": [67.61, 14.12, 18.27], ""scorePred"": [2, 0]}","{""preds"": [50.59, 28.75, 20.66], ""scorePred"": [2, 1]}","{""preds"": [94.61, 5.39, 0.0], ""scorePred"": [2, 0]}","{""preds"": [72.86, 27.14, 0.0], ""scorePred"": [2, 1]}","{""preds"": [68.29, 31.71, 0.0], ""scorePred"": [2, 1]}","{""preds"": [76.58, 23.42, 0.0], ""scorePred"": [2, 1]}","{""preds"": [74.35, 25.65, 0.0], ""scorePred"": [3, 0]}","{""preds"": [51.47, 48.53, 0.0], ""scorePred"": [2, 1]}","{""preds"": [40.01, 59.99, 0.0], ""scorePred"": [2, 3]}","{""preds"": [54.88, 45.12, 0.0], ""scorePred"": [2, 1]}","{""preds"": [35.68, 64.32, 0.0], ""scorePred"": [2, 3]}","{""preds"": [61.66, 38.34, 0.0], ""scorePred"": [3, 0]}","{""preds"": [62.15, 37.85, 0.0], ""scorePred"": [2, 1]}",,"{""preds"": [67.55, 32.45, 0.0], ""scorePred"": [2, 1]}","{""preds"": [55.99, 44.01, 0.0], ""scorePred"": [2, 1]}","{""preds"": [53.4, 46.6, 0.0], ""scorePred"": [3, 0]}","{""preds"": [68.46, 31.54, 0.0], ""scorePred"": [2, 1]}","{""preds"": [51.67, 48.33, 0.0], ""scorePred"": [2, 1]}","{""preds"": [69.77, 30.23, 0.0], ""scorePred"": [3, 0]}","{""preds"": [60.6, 39.4, 0.0], ""scorePred"": [3, 0]}","{""preds"": [63.65, 36.35, 0.0], ""scorePred"": [2, 1]}","{""preds"": [68.19, 31.81, 0.0], ""scorePred"": [2, 1]}","{""preds"": [68.72, 31.28, 0.0], ""scorePred"": [2, 1]}","{""preds"": [53.81, 46.19, 0.0], ""scorePred"": [2, 1]}","{""preds"": [70.16, 29.84, 0.0], ""scorePred"": [2, 1]}","{""preds"": [65.76, 34.24, 0.0], ""scorePred"": [2, 1]}","{""preds"": [56.03, 43.97, 0.0], ""scorePred"": [2, 1]}","{""preds"": [41.26, 58.74, 0.0], ""scorePred"": [2, 3]}","{""preds"": [47.78, 52.22, 0.0], ""scorePred"": [1, 2]}","{""preds"": [59.1, 40.9, 0.0], ""scorePred"": [2, 1]}","{""preds"": [58.8, 41.2, 0.0], ""scorePred"": [2, 1]}","{""preds"": [65.19, 34.81, 0.0], ""scorePred"": [2, 1]}","{""preds"": [83.26, 16.74, 0.0], ""scorePred"": [2, 0]}","{""preds"": [63.02, 36.98, 0.0], ""scorePred"": [2, 1]}"
GR,"{""preds"": [66.53, 8.14, 25.33], ""scorePred"": [1, 0]}","{""preds"": [41.72, 32.88, 25.4], ""scorePred"": [1, 0]}","{""preds"": [37.31, 39.34, 23.35], ""scorePred"": [1, 2]}","{""preds"": [44.43, 30.63, 24.94], ""scorePred"": [1, 0]}","{""preds"": [34.83, 42.06, 23.11], ""scorePred"": [1, 2]}","{""preds"": [26.8, 51.82, 21.38], ""scorePred"": [1, 2]}","{""preds"": [19.78, 63.39, 16.83], ""scorePred"": [1, 2]}","{""preds"": [29.52, 49.27, 21.21], ""scorePred"": [1, 2]}","{""preds"": [17.04, 67.48, 15.48], ""scorePred"": [1, 3]}","{""preds"": [47.7, 26.93, 25.37], ""scorePred"": [1, 0]}","{""preds"": [34.14, 43.29, 22.57], ""scorePred"": [1, 2]}","{""preds"": [25.27, 54.64, 20.09], ""scorePred"": [1, 2]}",,"{""preds"": [28.29, 48.83, 22.88], ""scorePred"": [1, 2]}","{""preds"": [55.43, 19.16, 25.41], ""scorePred"": [1, 0]}","{""preds"": [37.77, 38.05, 24.18], ""scorePred"": [1, 2]}","{""preds"": [26.71, 52.91, 20.38], ""scorePred"": [1, 2]}","{""preds"": [39.37, 35.94, 24.69], ""scorePred"": [2, 1]}","{""preds"": [48.51, 25.0, 26.49], ""scorePred"": [1, 0]}","{""preds"": [35.57, 40.64, 23.79], ""scorePred"": [1, 2]}","{""preds"": [37.73, 38.24, 24.03], ""scorePred"": [1, 2]}","{""preds"": [38.2, 37.52, 24.28], ""scorePred"": [2, 1]}","{""preds"": [27.99, 50.96, 21.05], ""scorePred"": [1, 2]}","{""preds"": [39.59, 35.6, 24.81], ""scorePred"": [2, 1]}","{""preds"": [35.69, 40.74, 23.57], ""scorePred"": [1, 2]}","{""preds"": [27.1, 64.63, 8.27], ""scorePred"": [0, 2]}","{""preds"": [20.21, 61.9, 17.89], ""scorePred"": [1, 2]}","{""preds"": [23.94, 55.98, 20.08], ""scorePred"": [1, 2]}","{""preds"": [30.4, 47.35, 22.25], ""scorePred"": [1, 2]}","{""preds"": [31.22, 46.75, 22.03], ""scorePred"": [1, 2]}","{""preds"": [35.37, 40.68, 23.95], ""scorePred"": [1, 2]}","{""preds"": [51.44, 22.3, 26.26], ""scorePred"": [1, 0]}","{""preds"": [34.14, 41.51, 24.35], ""scorePred"": [1, 2]}","{""preds"": [89.57, 10.43, 0.0], ""scorePred"": [1, 0]}","{""preds"": [54.73, 45.27, 0.0], ""scorePred"": [1, 0]}","{""preds"": [49.4, 50.6, 0.0], ""scorePred"": [1, 2]}","{""preds"": [59.82, 40.18, 0.0], ""scorePred"": [1, 0]}","{""preds"": [43.82, 56.18, 0.0], ""scorePred"": [1, 2]}","{""preds"": [32.23, 67.77, 0.0], ""scorePred"": [1, 2]}","{""preds"": [23.15, 76.85, 0.0], ""scorePred"": [1, 2]}","{""preds"": [36.59, 63.41, 0.0], ""scorePred"": [1, 2]}","{""preds"": [20.13, 79.87, 0.0], ""scorePred"": [1, 2]}","{""preds"": [63.82, 36.18, 0.0], ""scorePred"": [1, 0]}","{""preds"": [43.55, 56.45, 0.0], ""scorePred"": [1, 2]}","{""preds"": [32.16, 67.84, 0.0], ""scorePred"": [1, 2]}",,"{""preds"": [37.91, 62.09, 0.0], ""scorePred"": [1, 2]}","{""preds"": [73.0, 27.0, 0.0], ""scorePred"": [1, 0]}","{""preds"": [50.12, 49.88, 0.0], ""scorePred"": [2, 1]}","{""preds"": [33.01, 66.99, 0.0], ""scorePred"": [1, 2]}","{""preds"": [53.49, 46.51, 0.0], ""scorePred"": [1, 0]}","{""preds"": [65.95, 34.05, 0.0], ""scorePred"": [1, 0]}","{""preds"": [45.14, 54.86, 0.0], ""scorePred"": [1, 2]}","{""preds"": [48.79, 51.21, 0.0], ""scorePred"": [1, 2]}","{""preds"": [50.98, 49.02, 0.0], ""scorePred"": [2, 1]}","{""preds"": [35.16, 64.84, 0.0], ""scorePred"": [1, 2]}","{""preds"": [53.63, 46.37, 0.0], ""scorePred"": [2, 1]}","{""preds"": [47.87, 52.13, 0.0], ""scorePred"": [1, 2]}","{""preds"": [30.11, 69.89, 0.0], ""scorePred"": [0, 3]}","{""preds"": [25.14, 74.86, 0.0], ""scorePred"": [1, 2]}","{""preds"": [29.06, 70.94, 0.0], ""scorePred"": [1, 2]}","{""preds"": [40.43, 59.57, 0.0], ""scorePred"": [1, 2]}","{""preds"": [40.84, 59.16, 0.0], ""scorePred"": [1, 2]}","{""preds"": [46.63, 53.37, 0.0], ""scorePred"": [1, 2]}","{""preds"": [70.11, 29.89, 0.0], ""scorePred"": [1, 0]}","{""preds"": [44.87, 55.13, 0.0], ""scorePred"": [1, 2]}"
HU,"{""preds"": [27.7, 71.71, 0.59], ""scorePred"": [3, 11]}","{""preds"": [52.62, 25.99, 21.39], ""scorePred"": [2, 1]}","{""preds"": [47.83, 30.67, 21.5], ""scorePred"": [2, 1]}","{""preds"": [55.59, 22.79, 21.62], ""scorePred"": [2, 1]}","{""preds"": [64.3, 25.77, 9.93], ""scorePred"": [2, 0]}","{""preds"": [36.41, 43.8, 19.79], ""scorePred"": [1, 2]}","{""preds"": [27.27, 55.1, 17.63], ""scorePred"": [1, 3]}","{""preds"": [39.38, 39.55, 21.07], ""scorePred"": [1, 2]}","{""preds"": [24.81, 58.55, 16.64], ""scorePred"": [1, 3]}","{""preds"": [58.38, 36.58, 5.04], ""scorePred"": [2, 0]}","{""preds"": [43.24, 35.33, 21.43], ""scorePred"": [2, 1]}","{""preds"": [34.99, 44.38, 20.63], ""scorePred"": [1, 2]}","{""preds"": [48.94, 29.41, 21.65], ""scorePred"": [2, 1]}",,"{""preds"": [50.66, 46.23, 3.11], ""scorePred"": [3, 0]}","{""preds"": [48.76, 28.73, 22.51], ""scorePred"": [2, 1]}","{""preds"": [35.86, 43.62, 20.52], ""scorePred"": [1, 2]}","{""preds"": [63.63, 29.11, 7.26], ""scorePred"": [2, 0]}","{""preds"": [57.25, 38.49, 4.26], ""scorePred"": [2, 0]}","{""preds"": [45.88, 32.07, 22.05], ""scorePred"": [2, 1]}","{""preds"": [47.81, 30.13, 22.06], ""scorePred"": [2, 1]}","{""preds"": [64.38, 27.55, 8.07], ""scorePred"": [2, 0]}","{""preds"": [37.6, 41.53, 20.87], ""scorePred"": [1, 2]}","{""preds"": [49.78, 27.85, 22.37], ""scorePred"": [2, 1]}","{""preds"": [45.88, 32.18, 21.94], ""scorePred"": [2, 1]}","{""preds"": [40.22, 39.23, 20.55], ""scorePred"": [2, 1]}","{""preds"": [29.17, 51.99, 18.84], ""scorePred"": [1, 2]}","{""preds"": [33.57, 47.69, 18.74], ""scorePred"": [1, 2]}","{""preds"": [41.89, 37.64, 20.47], ""scorePred"": [2, 1]}","{""preds"": [41.05, 37.79, 21.16], ""scorePred"": [2, 1]}","{""preds"": [46.08, 32.75, 21.17], ""scorePred"": [2, 1]}","{""preds"": [62.85, 16.06, 21.09], ""scorePred"": [1, 0]}","{""preds"": [45.34, 33.69, 20.97], ""scorePred"": [2, 1]}","{""preds"": [27.78, 72.22, 0.0], ""scorePred"": [2, 13]}","{""preds"": [65.81, 34.19, 0.0], ""scorePred"": [2, 1]}","{""preds"": [61.57, 38.43, 0.0], ""scorePred"": [2, 1]}","{""preds"": [71.08, 28.92, 0.0], ""scorePred"": [2, 1]}","{""preds"": [72.39, 27.61, 0.0], ""scorePred"": [2, 0]}","{""preds"": [44.42, 55.58, 0.0], ""scorePred"": [1, 2]}","{""preds"": [33.45, 66.55, 0.0], ""scorePred"": [1, 2]}","{""preds"": [49.37, 50.63, 0.0], ""scorePred"": [1, 2]}","{""preds"": [29.23, 70.77, 0.0], ""scorePred"": [1, 2]}","{""preds"": [61.21, 38.79, 0.0], ""scorePred"": [3, 0]}","{""preds"": [55.2, 44.8, 0.0], ""scorePred"": [2, 1]}","{""preds"": [43.38, 56.62, 0.0], ""scorePred"": [1, 2]}","{""preds"": [62.87, 37.13, 0.0], ""scorePred"": [2, 1]}",,"{""preds"": [51.94, 48.06, 0.0], ""scorePred"": [3, 0]}","{""preds"": [62.19, 37.81, 0.0], ""scorePred"": [2, 1]}","{""preds"": [44.92, 55.08, 0.0], ""scorePred"": [1, 2]}","{""preds"": [68.89, 31.11, 0.0], ""scorePred"": [3, 0]}","{""preds"": [59.56, 40.44, 0.0], ""scorePred"": [2, 0]}","{""preds"": [58.1, 41.9, 0.0], ""scorePred"": [2, 1]}","{""preds"": [61.06, 38.94, 0.0], ""scorePred"": [2, 1]}","{""preds"": [70.15, 29.85, 0.0], ""scorePred"": [2, 0]}","{""preds"": [47.68, 52.32, 0.0], ""scorePred"": [1, 2]}","{""preds"": [63.97, 36.03, 0.0], ""scorePred"": [2, 1]}","{""preds"": [60.0, 40.0, 0.0], ""scorePred"": [2, 1]}","{""preds"": [49.87, 50.13, 0.0], ""scorePred"": [1, 2]}","{""preds"": [36.48, 63.52, 0.0], ""scorePred"": [1, 2]}","{""preds"": [40.25, 59.75, 0.0], ""scorePred"": [1, 2]}","{""preds"": [52.59, 47.41, 0.0], ""scorePred"": [2, 1]}","{""preds"": [52.76, 47.24, 0.0], ""scorePred"": [2, 1]}","{""preds"": [58.96, 41.04, 0.0], ""scorePred"": [2, 1]}","{""preds"": [79.31, 20.69, 0.0], ""scorePred"": [1, 0]}","{""preds"": [58.02, 41.98, 0.0], ""scorePred"": [2, 1]}"
IS,"{""preds"": [44.68, 13.98, 41.34], ""scorePred"": [1, 0]}","{""preds"": [46.56, 48.4, 5.04], ""scorePred"": [0, 2]}","{""preds"": [46.16, 49.57, 4.27], ""scorePred"": [0, 2]}","{""preds"": [47.08, 46.86, 6.06], ""scorePred"": [10, 2]}","{""preds"": [17.43, 58.51, 24.06], ""scorePred"": [0, 1]}","{""preds"": [44.82, 51.96, 3.22], ""scorePred"": [0, 3]}","{""preds"": [8.38, 77.89, 13.73], ""scorePred"": [0, 2]}","{""preds"": [13.75, 66.06, 20.19], ""scorePred"": [0, 2]}","{""preds"": [45.03, 53.58, 1.39], ""scorePred"": [0, 3]}","{""preds"": [27.37, 40.77, 31.86], ""scorePred"": [0, 1]}","{""preds"": [45.96, 50.07, 3.97], ""scorePred"": [0, 2]}","{""preds"": [45.92, 51.32, 2.76], ""scorePred"": [0, 3]}","{""preds"": [20.04, 53.78, 26.18], ""scorePred"": [0, 1]}","{""preds"": [46.18, 50.75, 3.07], ""scorePred"": [0, 2]}",,"{""preds"": [20.11, 53.8, 26.09], ""scorePred"": [0, 1]}","{""preds"": [46.6, 50.58, 2.82], ""scorePred"": [0, 3]}","{""preds"": [21.74, 50.24, 28.02], ""scorePred"": [0, 1]}","{""preds"": [28.73, 39.49, 31.78], ""scorePred"": [0, 1]}","{""preds"": [17.72, 58.85, 23.43], ""scorePred"": [0, 1]}","{""preds"": [19.27, 55.86, 24.87], ""scorePred"": [0, 1]}","{""preds"": [20.85, 52.64, 26.51], ""scorePred"": [0, 1]}","{""preds"": [13.38, 66.86, 19.76], ""scorePred"": [0, 2]}","{""preds"": [20.64, 51.41, 27.95], ""scorePred"": [0, 1]}","{""preds"": [46.29, 49.39, 4.32], ""scorePred"": [0, 2]}","{""preds"": [45.92, 50.73, 3.35], ""scorePred"": [0, 2]}","{""preds"": [45.94, 51.92, 2.14], ""scorePred"": [0, 3]}","{""preds"": [45.68, 51.95, 2.37], ""scorePred"": [0, 3]}","{""preds"": [46.19, 50.31, 3.5], ""scorePred"": [0, 2]}","{""preds"": [45.64, 50.6, 3.76], ""scorePred"": [0, 2]}","{""preds"": [18.46, 57.07, 24.47], ""scorePred"": [0, 1]}","{""preds"": [30.72, 35.36, 33.92], ""scorePred"": [0, 1]}","{""preds"": [17.06, 58.94, 24.0], ""scorePred"": [0, 1]}","{""preds"": [75.51, 24.49, 0.0], ""scorePred"": [1, 0]}","{""preds"": [48.57, 51.43, 0.0], ""scorePred"": [0, 2]}","{""preds"": [48.86, 51.14, 0.0], ""scorePred"": [0, 2]}","{""preds"": [49.19, 50.81, 0.0], ""scorePred"": [0, 2]}","{""preds"": [23.61, 76.39, 0.0], ""scorePred"": [0, 1]}","{""preds"": [47.68, 52.32, 0.0], ""scorePred"": [0, 3]}","{""preds"": [8.77, 91.23, 0.0], ""scorePred"": [0, 2]}","{""preds"": [18.24, 81.76, 0.0], ""scorePred"": [0, 1]}","{""preds"": [44.8, 55.2, 0.0], ""scorePred"": [0, 4]}","{""preds"": [39.91, 60.09, 0.0], ""scorePred"": [0, 1]}","{""preds"": [47.59, 52.41, 0.0], ""scorePred"": [0, 2]}","{""preds"": [47.12, 52.88, 0.0], ""scorePred"": [0, 3]}","{""preds"": [26.88, 73.12, 0.0], ""scorePred"": [0, 1]}","{""preds"": [47.35, 52.65, 0.0], ""scorePred"": [0, 2]}",,"{""preds"": [27.41, 72.59, 0.0], ""scorePred"": [0, 1]}","{""preds"": [46.72, 53.28, 0.0], ""scorePred"": [0, 3]}","{""preds"": [29.2, 70.8, 0.0], ""scorePred"": [0, 1]}","{""preds"": [42.34, 57.66, 0.0], ""scorePred"": [0, 1]}","{""preds"": [23.51, 76.49, 0.0], ""scorePred"": [0, 1]}","{""preds"": [26.76, 73.24, 0.0], ""scorePred"": [0, 1]}","{""preds"": [26.95, 73.05, 0.0], ""scorePred"": [0, 1]}","{""preds"": [16.26, 83.74, 0.0], ""scorePred"": [0, 2]}","{""preds"": [28.43, 71.57, 0.0], ""scorePred"": [0, 1]}","{""preds"": [48.63, 51.37, 0.0], ""scorePred"": [0, 2]}","{""preds"": [47.07, 52.93, 0.0], ""scorePred"": [0, 3]}","{""preds"": [46.63, 53.37, 0.0], ""scorePred"": [0, 3]}","{""preds"": [46.45, 53.55, 0.0], ""scorePred"": [0, 3]}","{""preds"": [47.76, 52.24, 0.0], ""scorePred"": [0, 2]}","{""preds"": [47.18, 52.82, 0.0], ""scorePred"": [0, 2]}","{""preds"": [24.71, 75.29, 0.0], ""scorePred"": [0, 1]}","{""preds"": [44.64, 55.36, 0.0], ""scorePred"": [0, 1]}","{""preds"": [23.36, 76.64, 0.0], ""scorePred"": [0, 1]}"
IE,"{""preds"": [66.5, 8.18, 25.32], ""scorePred"": [1, 0]}","{""preds"": [41.22, 33.77, 25.01], ""scorePred"": [2, 1]}","{""preds"": [37.24, 38.54, 24.22], ""scorePred"": [1, 2]}","{""preds"": [45.11, 29.79, 25.1], ""scorePred"": [1, 0]}","{""preds"": [34.46, 41.41, 24.13], ""scorePred"": [1, 2]}","{""preds"": [25.37, 53.33, 21.3], ""scorePred"": [1, 2]}","{""preds"": [18.88, 64.59, 16.53], ""scorePred"": [1, 2]}","{""preds"": [28.47, 50.08, 21.45], ""scorePred"": [1, 2]}","{""preds"": [16.73, 67.53, 15.74], ""scorePred"": [1, 3]}","{""preds"": [47.88, 26.68, 25.44], ""scorePred"": [1, 0]}","{""preds"": [33.76, 44.29, 21.95], ""scorePred"": [1, 2]}","{""preds"": [25.96, 53.83, 20.21], ""scorePred"": [1, 2]}","{""preds"": [37.36, 38.67, 23.97], ""scorePred"": [1, 2]}","{""preds"": [28.97, 48.5, 22.53], ""scorePred"": [1, 2]}","{""preds"": [52.83, 20.21, 26.96], ""scorePred"": [1, 0]}",,"{""preds"": [26.28, 53.25, 20.47], ""scorePred"": [1, 2]}","{""preds"": [39.92, 36.23, 23.85], ""scorePred"": [2, 1]}","{""preds"": [49.18, 25.42, 25.4], ""scorePred"": [1, 0]}","{""preds"": [35.07, 42.06, 22.87], ""scorePred"": [1, 2]}","{""preds"": [36.43, 39.47, 24.1], ""scorePred"": [1, 2]}","{""preds"": [38.38, 37.33, 24.29], ""scorePred"": [2, 1]}","{""preds"": [27.08, 51.89, 21.03], ""scorePred"": [1, 2]}","{""preds"": [40.12, 35.2, 24.68], ""scorePred"": [2, 1]}","{""preds"": [36.87, 39.08, 24.05], ""scorePred"": [1, 2]}","{""preds"": [29.73, 48.24, 22.03], ""scorePred"": [1, 2]}","{""preds"": [21.41, 60.69, 17.9], ""scorePred"": [1, 2]}","{""preds"": [24.33, 56.91, 18.76], ""scorePred"": [1, 2]}","{""preds"": [30.59, 47.8, 21.61], ""scorePred"": [1, 2]}","{""preds"": [31.83, 45.58, 22.59], ""scorePred"": [1, 2]}","{""preds"": [35.66, 40.66, 23.68], ""scorePred"": [1, 2]}","{""preds"": [50.66, 23.28, 26.06], ""scorePred"": [1, 0]}","{""preds"": [34.91, 41.65, 23.44], ""scorePred"": [1, 2]}","{""preds"": [89.02, 10.98, 0.0], ""scorePred"": [1, 0]}","{""preds"": [55.85, 44.15, 0.0], ""scorePred"": [2, 1]}","{""preds"": [48.61, 51.39, 0.0], ""scorePred"": [1, 2]}","{""preds"": [60.38, 39.62, 0.0], ""scorePred"": [1, 0]}","{""preds"": [45.92, 54.08, 0.0], ""scorePred"": [1, 2]}","{""preds"": [33.41, 66.59, 0.0], ""scorePred"": [1, 2]}","{""preds"": [22.54, 77.46, 0.0], ""scorePred"": [1, 2]}","{""preds"": [37.51, 62.49, 0.0], ""scorePred"": [1, 2]}","{""preds"": [20.49, 79.51, 0.0], ""scorePred"": [1, 2]}","{""preds"": [64.11, 35.89, 0.0], ""scorePred"": [1, 0]}","{""preds"": [43.44, 56.56, 0.0], ""scorePred"": [1, 2]}","{""preds"": [30.86, 69.14, 0.0], ""scorePred"": [1, 2]}","{""preds"": [49.59, 50.41, 0.0], ""scorePred"": [1, 2]}","{""preds"": [37.38, 62.62, 0.0], ""scorePred"": [1, 2]}","{""preds"": [73.75, 26.25, 0.0], ""scorePred"": [1, 0]}",,"{""preds"": [33.65, 66.35, 0.0], ""scorePred"": [1, 2]}","{""preds"": [51.97, 48.03, 0.0], ""scorePred"": [2, 1]}","{""preds"": [64.82, 35.18, 0.0], ""scorePred"": [1, 0]}","{""preds"": [45.26, 54.74, 0.0], ""scorePred"": [1, 2]}","{""preds"": [49.02, 50.98, 0.0], ""scorePred"": [1, 2]}","{""preds"": [50.52, 49.48, 0.0], ""scorePred"": [2, 1]}","{""preds"": [35.51, 64.49, 0.0], ""scorePred"": [1, 2]}","{""preds"": [51.86, 48.14, 0.0], ""scorePred"": [2, 1]}","{""preds"": [47.13, 52.87, 0.0], ""scorePred"": [1, 2]}","{""preds"": [38.39, 61.61, 0.0], ""scorePred"": [1, 2]}","{""preds"": [25.57, 74.43, 0.0], ""scorePred"": [1, 2]}","{""preds"": [29.44, 70.56, 0.0], ""scorePred"": [1, 2]}","{""preds"": [39.57, 60.43, 0.0], ""scorePred"": [1, 2]}","{""preds"": [39.72, 60.28, 0.0], ""scorePred"": [1, 2]}","{""preds"": [46.55, 53.45, 0.0], ""scorePred"": [1, 2]}","{""preds"": [69.43, 30.57, 0.0], ""scorePred"": [1, 0]}","{""preds"": [45.44, 54.56, 0.0], ""scorePred"": [1, 2]}"
IT,"{""preds"": [27.92, 71.55, 0.53], ""scorePred"": [3, 12]}","{""preds"": [56.66, 22.72, 20.62], ""scorePred"": [2, 1]}","{""preds"": [52.41, 26.73, 20.86], ""scorePred"": [2, 1]}","{""preds"": [60.47, 19.58, 19.95], ""scorePred"": [2, 1]}","{""preds"": [66.93, 24.28, 8.79], ""scorePred"": [3, 0]}","{""preds"": [39.71, 40.05, 20.24], ""scorePred"": [1, 2]}","{""preds"": [31.37, 51.46, 17.17], ""scorePred"": [2, 3]}","{""preds"": [43.84, 36.8, 19.36], ""scorePred"": [2, 1]}","{""preds"": [28.34, 54.28, 17.38], ""scorePred"": [2, 3]}","{""preds"": [58.35, 37.31, 4.34], ""scorePred"": [3, 0]}","{""preds"": [47.76, 31.45, 20.79], ""scorePred"": [2, 1]}","{""preds"": [39.05, 41.73, 19.22], ""scorePred"": [1, 2]}","{""preds"": [53.51, 26.53, 19.96], ""scorePred"": [2, 1]}","{""preds"": [43.84, 36.02, 20.14], ""scorePred"": [2, 1]}","{""preds"": [50.97, 46.3, 2.73], ""scorePred"": [3, 0]}","{""preds"": [53.48, 26.36, 20.16], ""scorePred"": [2, 1]}",,"{""preds"": [65.27, 27.58, 7.15], ""scorePred"": [3, 0]}","{""preds"": [59.29, 36.85, 3.86], ""scorePred"": [3, 0]}","{""preds"": [49.57, 29.49, 20.94], ""scorePred"": [2, 1]}","{""preds"": [52.43, 26.69, 20.88], ""scorePred"": [2, 1]}","{""preds"": [54.06, 25.09, 20.85], ""scorePred"": [2, 1]}","{""preds"": [42.26, 37.59, 20.15], ""scorePred"": [2, 1]}","{""preds"": [55.04, 24.54, 20.42], ""scorePred"": [2, 1]}","{""preds"": [51.62, 28.28, 20.1], ""scorePred"": [2, 1]}","{""preds"": [44.1, 35.73, 20.17], ""scorePred"": [2, 1]}","{""preds"": [32.92, 48.38, 18.7], ""scorePred"": [1, 2]}","{""preds"": [36.89, 43.89, 19.22], ""scorePred"": [1, 2]}","{""preds"": [45.29, 33.83, 20.88], ""scorePred"": [2, 1]}","{""preds"": [46.72, 33.16, 20.12], ""scorePred"": [2, 1]}","{""preds"": [50.59, 29.08, 20.33], ""scorePred"": [2, 1]}","{""preds"": [66.04, 14.28, 19.68], ""scorePred"": [2, 0]}","{""preds"": [50.39, 29.51, 20.1], ""scorePred"": [2, 1]}","{""preds"": [27.74, 72.26, 0.0], ""scorePred"": [3, 10]}","{""preds"": [71.23, 28.77, 0.0], ""scorePred"": [2, 1]}","{""preds"": [65.26, 34.74, 0.0], ""scorePred"": [2, 1]}","{""preds"": [74.58, 25.42, 0.0], ""scorePred"": [2, 1]}","{""preds"": [72.88, 27.12, 0.0], ""scorePred"": [3, 0]}","{""preds"": [49.2, 50.8, 0.0], ""scorePred"": [1, 2]}","{""preds"": [37.58, 62.42, 0.0], ""scorePred"": [1, 2]}","{""preds"": [53.71, 46.29, 0.0], ""scorePred"": [2, 1]}","{""preds"": [34.06, 65.94, 0.0], ""scorePred"": [1, 2]}","{""preds"": [61.73, 38.27, 0.0], ""scorePred"": [3, 0]}","{""preds"": [59.65, 40.35, 0.0], ""scorePred"": [2, 1]}","{""preds"": [48.45, 51.55, 0.0], ""scorePred"": [1, 2]}","{""preds"": [66.36, 33.64, 0.0], ""scorePred"": [2, 1]}","{""preds"": [54.23, 45.77, 0.0], ""scorePred"": [2, 1]}","{""preds"": [52.64, 47.36, 0.0], ""scorePred"": [3, 0]}","{""preds"": [66.73, 33.27, 0.0], ""scorePred"": [2, 1]}",,"{""preds"": [70.08, 29.92, 0.0], ""scorePred"": [3, 0]}","{""preds"": [61.23, 38.77, 0.0], ""scorePred"": [3, 0]}","{""preds"": [62.48, 37.52, 0.0], ""scorePred"": [2, 1]}","{""preds"": [64.97, 35.03, 0.0], ""scorePred"": [2, 1]}","{""preds"": [67.4, 32.6, 0.0], ""scorePred"": [2, 1]}","{""preds"": [52.35, 47.65, 0.0], ""scorePred"": [2, 1]}","{""preds"": [68.24, 31.76, 0.0], ""scorePred"": [2, 1]}","{""preds"": [63.57, 36.43, 0.0], ""scorePred"": [2, 1]}","{""preds"": [55.35, 44.65, 0.0], ""scorePred"": [2, 1]}","{""preds"": [40.27, 59.73, 0.0], ""scorePred"": [2, 3]}","{""preds"": [45.45, 54.55, 0.0], ""scorePred"": [1, 2]}","{""preds"": [56.67, 43.33, 0.0], ""scorePred"": [2, 1]}","{""preds"": [57.9, 42.1, 0.0], ""scorePred"": [2, 1]}","{""preds"": [62.82, 37.18, 0.0], ""scorePred"": [2, 1]}","{""preds"": [82.61, 17.39, 0.0], ""scorePred"": [2, 0]}","{""preds"": [61.73, 38.27, 0.0], ""scorePred"": [2, 1]}"
LU,"{""preds"": [64.41, 8.31, 27.28], ""scorePred"": [1, 0]}","{""preds"": [31.17, 57.09, 11.74], ""scorePred"": [0, 2]}","{""preds"": [34.8, 40.74, 24.46], ""scorePred"": [1, 2]}","{""preds"": [41.59, 31.85, 26.56], ""scorePred"": [1, 0]}","{""preds"": [32.13, 44.44, 23.43], ""scorePred"": [1, 2]}","{""preds"": [28.92, 64.12, 6.96], ""scorePred"": [0, 3]}","{""preds"": [17.78, 65.64, 16.58], ""scorePred"": [1, 2]}","{""preds"": [26.15, 52.13, 21.72], ""scorePred"": [1, 2]}","{""preds"": [26.94, 68.98, 4.08], ""scorePred"": [0, 4]}","{""preds"": [44.7, 27.97, 27.33], ""scorePred"": [1, 0]}","{""preds"": [30.46, 46.31, 23.23], ""scorePred"": [1, 2]}","{""preds"": [28.36, 65.08, 6.56], ""scorePred"": [0, 3]}","{""preds"": [35.64, 40.2, 24.16], ""scorePred"": [1, 2]}","{""preds"": [28.5, 63.28, 8.22], ""scorePred"": [0, 2]}","{""preds"": [51.16, 21.56, 27.28], ""scorePred"": [1, 0]}","{""preds"": [34.11, 40.33, 25.56], ""scorePred"": [1, 2]}","{""preds"": [28.83, 64.06, 7.11], ""scorePred"": [0, 3]}",,"{""preds"": [45.81, 27.36, 26.83], ""scorePred"": [1, 0]}","{""preds"": [32.32, 43.33, 24.35], ""scorePred"": [1, 2]}","{""preds"": [35.04, 40.0, 24.96], ""scorePred"": [1, 2]}","{""preds"": [36.01, 39.65, 24.34], ""scorePred"": [1, 2]}","{""preds"": [26.07, 52.47, 21.46], ""scorePred"": [1, 2]}","{""preds"": [36.38, 37.79, 25.83], ""scorePred"": [1, 2]}","{""preds"": [31.05, 59.32, 9.63], ""scorePred"": [0, 2]}","{""preds"": [28.93, 63.19, 7.88], ""scorePred"": [0, 2]}","{""preds"": [27.39, 67.25, 5.36], ""scorePred"": [0, 3]}","{""preds"": [27.96, 65.92, 6.12], ""scorePred"": [0, 3]}","{""preds"": [29.05, 63.12, 7.83], ""scorePred"": [0, 3]}","{""preds"": [29.08, 62.42, 8.5], ""scorePred"": [0, 2]}","{""preds"": [33.4, 42.79, 23.81], ""scorePred"": [1, 2]}","{""preds"": [48.39, 24.9, 26.71], ""scorePred"": [1, 0]}","{""preds"": [31.25, 44.48, 24.27], ""scorePred"": [1, 2]}","{""preds"": [88.22, 11.78, 0.0], ""scorePred"": [1, 0]}","{""preds"": [35.62, 64.38, 0.0], ""scorePred"": [0, 2]}","{""preds"": [44.8, 55.2, 0.0], ""scorePred"": [1, 2]}","{""preds"": [56.19, 43.81, 0.0], ""scorePred"": [1, 0]}","{""preds"": [43.7, 56.3, 0.0], ""scorePred"": [1, 2]}","{""preds"": [31.57, 68.43, 0.0], ""scorePred"": [0, 3]}","{""preds"": [20.96, 79.04, 0.0], ""scorePred"": [1, 2]}","{""preds"": [34.35, 65.65, 0.0], ""scorePred"": [1, 2]}","{""preds"": [26.78, 73.22, 0.0], ""scorePred"": [0, 4]}","{""preds"": [61.62, 38.38, 0.0], ""scorePred"": [1, 0]}","{""preds"": [39.27, 60.73, 0.0], ""scorePred"": [1, 2]}","{""preds"": [30.35, 69.65, 0.0], ""scorePred"": [0, 3]}","{""preds"": [47.83, 52.17, 0.0], ""scorePred"": [1, 2]}","{""preds"": [29.91, 70.09, 0.0], ""scorePred"": [0, 3]}","{""preds"": [70.7, 29.3, 0.0], ""scorePred"": [1, 0]}","{""preds"": [46.58, 53.42, 0.0], ""scorePred"": [1, 2]}","{""preds"": [30.84, 69.16, 0.0], ""scorePred"": [0, 3]}",,"{""preds"": [63.0, 37.0, 0.0], ""scorePred"": [1, 0]}","{""preds"": [42.4, 57.6, 0.0], ""scorePred"": [1, 2]}","{""preds"": [46.48, 53.52, 0.0], ""scorePred"": [1, 2]}","{""preds"": [47.47, 52.53, 0.0], ""scorePred"": [1, 2]}","{""preds"": [32.23, 67.77, 0.0], ""scorePred"": [1, 2]}","{""preds"": [48.94, 51.06, 0.0], ""scorePred"": [0, 1]}","{""preds"": [34.35, 65.65, 0.0], ""scorePred"": [0, 2]}","{""preds"": [30.29, 69.71, 0.0], ""scorePred"": [0, 3]}","{""preds"": [29.12, 70.88, 0.0], ""scorePred"": [0, 3]}","{""preds"": [29.39, 70.61, 0.0], ""scorePred"": [0, 3]}","{""preds"": [31.46, 68.54, 0.0], ""scorePred"": [0, 2]}","{""preds"": [32.11, 67.89, 0.0], ""scorePred"": [0, 2]}","{""preds"": [42.47, 57.53, 0.0], ""scorePred"": [1, 2]}","{""preds"": [67.62, 32.38, 0.0], ""scorePred"": [1, 0]}","{""preds"": [42.48, 57.52, 0.0], ""scorePred"": [1, 2]}"
MT,"{""preds"": [52.02, 12.2, 35.78], ""scorePred"": [1, 0]}","{""preds"": [40.06, 52.6, 7.34], ""scorePred"": [0, 2]}","{""preds"": [24.6, 49.71, 25.69], ""scorePred"": [0, 1]}","{""preds"": [30.5, 40.45, 29.05], ""scorePred"": [0, 1]}","{""preds"": [21.89, 53.64, 24.47], ""scorePred"": [0, 1]}","{""preds"": [38.22, 57.55, 4.23], ""scorePred"": [0, 3]}","{""preds"": [11.52, 73.55, 14.93], ""scorePred"": [0, 2]}","{""preds"": [18.17, 60.99, 20.84], ""scorePred"": [0, 2]}","{""preds"": [37.47, 60.27, 2.26], ""scorePred"": [0, 3]}","{""preds"": [34.32, 35.05, 30.63], ""scorePred"": [0, 1]}","{""preds"": [21.07, 55.39, 23.54], ""scorePred"": [0, 1]}","{""preds"": [37.26, 58.73, 4.01], ""scorePred"": [0, 3]}","{""preds"": [25.62, 48.88, 25.5], ""scorePred"": [0, 1]}","{""preds"": [39.74, 55.24, 5.02], ""scorePred"": [0, 2]}","{""preds"": [40.03, 27.28, 32.69], ""scorePred"": [1, 0]}","{""preds"": [25.54, 48.8, 25.66], ""scorePred"": [0, 1]}","{""preds"": [38.25, 57.68, 4.07], ""scorePred"": [0, 3]}","{""preds"": [27.18, 45.45, 27.37], ""scorePred"": [0, 1]}",,"{""preds"": [22.61, 52.46, 24.93], ""scorePred"": [0, 1]}","{""preds"": [24.32, 50.26, 25.42], ""scorePred"": [0, 1]}","{""preds"": [25.8, 47.98, 26.22], ""scorePred"": [0, 1]}","{""preds"": [17.51, 61.93, 20.56], ""scorePred"": [1, 2]}","{""preds"": [26.64, 46.71, 26.65], ""scorePred"": [0, 1]}","{""preds"": [38.75, 55.08, 6.17], ""scorePred"": [0, 2]}","{""preds"": [39.04, 56.13, 4.83], ""scorePred"": [0, 3]}","{""preds"": [37.88, 59.2, 2.92], ""scorePred"": [0, 3]}","{""preds"": [38.06, 58.17, 3.77], ""scorePred"": [0, 3]}","{""preds"": [38.4, 56.48, 5.12], ""scorePred"": [0, 3]}","{""preds"": [38.4, 56.46, 5.14], ""scorePred"": [0, 2]}","{""preds"": [23.08, 51.27, 25.65], ""scorePred"": [0, 1]}","{""preds"": [35.93, 32.78, 31.29], ""scorePred"": [1, 0]}","{""preds"": [23.09, 52.25, 24.66], ""scorePred"": [0, 1]}","{""preds"": [80.34, 19.66, 0.0], ""scorePred"": [1, 0]}","{""preds"": [42.73, 57.27, 0.0], ""scorePred"": [0, 2]}","{""preds"": [32.76, 67.24, 0.0], ""scorePred"": [0, 1]}","{""preds"": [43.34, 56.66, 0.0], ""scorePred"": [0, 1]}","{""preds"": [30.33, 69.67, 0.0], ""scorePred"": [0, 1]}","{""preds"": [40.66, 59.34, 0.0], ""scorePred"": [0, 3]}","{""preds"": [13.28, 86.72, 0.0], ""scorePred"": [1, 2]}","{""preds"": [23.71, 76.29, 0.0], ""scorePred"": [0, 1]}","{""preds"": [39.76, 60.24, 0.0], ""scorePred"": [0, 4]}","{""preds"": [47.02, 52.98, 0.0], ""scorePred"": [0, 1]}","{""preds"": [27.17, 72.83, 0.0], ""scorePred"": [0, 1]}","{""preds"": [40.12, 59.88, 0.0], ""scorePred"": [0, 3]}","{""preds"": [34.08, 65.92, 0.0], ""scorePred"": [0, 1]}","{""preds"": [40.13, 59.87, 0.0], ""scorePred"": [0, 3]}","{""preds"": [58.91, 41.09, 0.0], ""scorePred"": [1, 0]}","{""preds"": [32.94, 67.06, 0.0], ""scorePred"": [0, 1]}","{""preds"": [39.72, 60.28, 0.0], ""scorePred"": [0, 3]}","{""preds"": [36.52, 63.48, 0.0], ""scorePred"": [0, 1]}",,"{""preds"": [29.98, 70.02, 0.0], ""scorePred"": [0, 1]}","{""preds"": [32.1, 67.9, 0.0], ""scorePred"": [0, 1]}","{""preds"": [34.68, 65.32, 0.0], ""scorePred"": [0, 1]}","{""preds"": [22.08, 77.92, 0.0], ""scorePred"": [0, 2]}","{""preds"": [35.06, 64.94, 0.0], ""scorePred"": [0, 1]}","{""preds"": [43.17, 56.83, 0.0], ""scorePred"": [0, 2]}","{""preds"": [40.58, 59.42, 0.0], ""scorePred"": [0, 2]}","{""preds"": [39.8, 60.2, 0.0], ""scorePred"": [0, 3]}","{""preds"": [40.46, 59.54, 0.0], ""scorePred"": [0, 3]}","{""preds"": [41.37, 58.63, 0.0], ""scorePred"": [0, 2]}","{""preds"": [40.84, 59.16, 0.0], ""scorePred"": [0, 2]}","{""preds"": [30.43, 69.57, 0.0], ""scorePred"": [0, 1]}","{""preds"": [54.01, 45.99, 0.0], ""scorePred"": [1, 0]}","{""preds"": [30.25, 69.75, 0.0], ""scorePred"": [0, 1]}"
NL,"{""preds"": [70.6, 7.06, 22.34], ""scorePred"": [1, 0]}","{""preds"": [45.04, 31.09, 23.87], ""scorePred"": [1, 0]}","{""preds"": [40.25, 36.25, 23.5], ""scorePred"": [2, 1]}","{""preds"": [48.39, 27.51, 24.1], ""scorePred"": [1, 0]}","{""preds"": [38.15, 39.19, 22.66], ""scorePred"": [1, 2]}","{""preds"": [29.74, 50.08, 20.18], ""scorePred"": [1, 2]}","{""preds"": [22.49, 60.63, 16.88], ""scorePred"": [1, 2]}","{""preds"": [31.8, 46.82, 21.38], ""scorePred"": [1, 2]}","{""preds"": [19.0, 64.73, 16.27], ""scorePred"": [1, 2]}","{""preds"": [51.9, 24.15, 23.95], ""scorePred"": [1, 0]}","{""preds"": [36.21, 41.13, 22.66], ""scorePred"": [1, 2]}","{""preds"": [28.69, 50.81, 20.5], ""scorePred"": [1, 2]}","{""preds"": [41.37, 35.05, 23.58], ""scorePred"": [2, 1]}","{""preds"": [32.13, 46.07, 21.8], ""scorePred"": [1, 2]}","{""preds"": [58.18, 17.65, 24.17], ""scorePred"": [1, 0]}","{""preds"": [41.6, 34.63, 23.77], ""scorePred"": [2, 1]}","{""preds"": [29.9, 49.35, 20.75], ""scorePred"": [1, 2]}","{""preds"": [44.03, 32.43, 23.54], ""scorePred"": [2, 1]}","{""preds"": [53.93, 22.07, 24.0], ""scorePred"": [1, 0]}",,"{""preds"": [41.63, 35.01, 23.36], ""scorePred"": [2, 1]}","{""preds"": [42.08, 34.93, 22.99], ""scorePred"": [2, 1]}","{""preds"": [30.53, 48.21, 21.26], ""scorePred"": [1, 2]}","{""preds"": [41.37, 33.91, 24.72], ""scorePred"": [2, 1]}","{""preds"": [39.21, 37.76, 23.03], ""scorePred"": [2, 1]}","{""preds"": [32.59, 45.86, 21.55], ""scorePred"": [1, 2]}","{""preds"": [22.77, 59.24, 17.99], ""scorePred"": [1, 2]}","{""preds"": [26.43, 54.41, 19.16], ""scorePred"": [1, 2]}","{""preds"": [34.69, 43.48, 21.83], ""scorePred"": [1, 2]}","{""preds"": [34.83, 42.86, 22.31], ""scorePred"": [1, 2]}","{""preds"": [38.7, 37.87, 23.43], ""scorePred"": [2, 1]}","{""preds"": [55.55, 20.43, 24.02], ""scorePred"": [1, 0]}","{""preds"": [38.44, 39.12, 22.44], ""scorePred"": [1, 2]}","{""preds"": [90.74, 9.26, 0.0], ""scorePred"": [1, 0]}","{""preds"": [58.72, 41.28, 0.0], ""scorePred"": [2, 1]}","{""preds"": [52.44, 47.56, 0.0], ""scorePred"": [2, 1]}","{""preds"": [62.87, 37.13, 0.0], ""scorePred"": [1, 0]}","{""preds"": [50.21, 49.79, 0.0], ""scorePred"": [2, 1]}","{""preds"": [37.09, 62.91, 0.0], ""scorePred"": [1, 2]}","{""preds"": [25.78, 74.22, 0.0], ""scorePred"": [1, 2]}","{""preds"": [41.31, 58.69, 0.0], ""scorePred"": [1, 2]}","{""preds"": [22.8, 77.2, 0.0], ""scorePred"": [1, 2]}","{""preds"": [67.95, 32.05, 0.0], ""scorePred"": [1, 0]}","{""preds"": [48.51, 51.49, 0.0], ""scorePred"": [1, 2]}","{""preds"": [35.81, 64.19, 0.0], ""scorePred"": [1, 2]}","{""preds"": [55.55, 44.45, 0.0], ""scorePred"": [2, 1]}","{""preds"": [41.78, 58.22, 0.0], ""scorePred"": [1, 2]}","{""preds"": [77.31, 22.69, 0.0], ""scorePred"": [1, 0]}","{""preds"": [55.24, 44.76, 0.0], ""scorePred"": [2, 1]}","{""preds"": [37.07, 62.93, 0.0], ""scorePred"": [1, 2]}","{""preds"": [57.05, 42.95, 0.0], ""scorePred"": [2, 1]}","{""preds"": [70.1, 29.9, 0.0], ""scorePred"": [1, 0]}",,"{""preds"": [52.14, 47.86, 0.0], ""scorePred"": [2, 1]}","{""preds"": [55.25, 44.75, 0.0], ""scorePred"": [2, 1]}","{""preds"": [39.2, 60.8, 0.0], ""scorePred"": [1, 2]}","{""preds"": [57.76, 42.24, 0.0], ""scorePred"": [2, 1]}","{""preds"": [50.17, 49.83, 0.0], ""scorePred"": [2, 1]}","{""preds"": [41.14, 58.86, 0.0], ""scorePred"": [1, 2]}","{""preds"": [28.33, 71.67, 0.0], ""scorePred"": [1, 2]}","{""preds"": [33.22, 66.78, 0.0], ""scorePred"": [1, 2]}","{""preds"": [43.56, 56.44, 0.0], ""scorePred"": [1, 2]}","{""preds"": [45.01, 54.99, 0.0], ""scorePred"": [1, 2]}","{""preds"": [51.5, 48.5, 0.0], ""scorePred"": [2, 1]}","{""preds"": [72.6, 27.4, 0.0], ""scorePred"": [1, 0]}","{""preds"": [49.8, 50.2, 0.0], ""scorePred"": [1, 2]}"
GB-NIR,"{""preds"": [67.89, 7.59, 24.52], ""scorePred"": [1, 0]}","{""preds"": [42.89, 32.68, 24.43], ""scorePred"": [2, 1]}","{""preds"": [37.68, 37.68, 24.64], ""scorePred"": [2, 1]}","{""preds"": [46.3, 28.91, 24.79], ""scorePred"": [1, 0]}","{""preds"": [35.92, 40.91, 23.17], ""scorePred"": [1, 2]}","{""preds"": [27.19, 52.43, 20.38], ""scorePred"": [1, 2]}","{""preds"": [19.61, 63.11, 17.28], ""scorePred"": [1, 2]}","{""preds"": [30.12, 48.35, 21.53], ""scorePred"": [1, 2]}","{""preds"": [17.74, 66.48, 15.78], ""scorePred"": [1, 2]}","{""preds"": [48.83, 25.93, 25.24], ""scorePred"": [1, 0]}","{""preds"": [34.05, 43.21, 22.74], ""scorePred"": [1, 2]}","{""preds"": [26.49, 53.49, 20.02], ""scorePred"": [1, 2]}","{""preds"": [38.63, 37.6, 23.77], ""scorePred"": [2, 1]}","{""preds"": [30.28, 47.78, 21.94], ""scorePred"": [1, 2]}","{""preds"": [54.7, 19.98, 25.32], ""scorePred"": [1, 0]}","{""preds"": [38.57, 36.7, 24.73], ""scorePred"": [2, 1]}","{""preds"": [27.61, 51.75, 20.64], ""scorePred"": [1, 2]}","{""preds"": [42.18, 34.89, 22.93], ""scorePred"": [2, 1]}","{""preds"": [49.79, 24.11, 26.1], ""scorePred"": [1, 0]}","{""preds"": [35.86, 40.36, 23.78], ""scorePred"": [1, 2]}",,"{""preds"": [39.3, 36.76, 23.94], ""scorePred"": [2, 1]}","{""preds"": [28.33, 50.85, 20.82], ""scorePred"": [1, 2]}","{""preds"": [40.31, 35.25, 24.44], ""scorePred"": [2, 1]}","{""preds"": [36.09, 39.63, 24.28], ""scorePred"": [1, 2]}","{""preds"": [31.01, 47.03, 21.96], ""scorePred"": [1, 2]}","{""preds"": [21.17, 60.99, 17.84], ""scorePred"": [1, 2]}","{""preds"": [25.06, 55.62, 19.32], ""scorePred"": [1, 2]}","{""preds"": [31.02, 46.68, 22.3], ""scorePred"": [1, 2]}","{""preds"": [32.81, 45.1, 22.09], ""scorePred"": [1, 2]}","{""preds"": [35.91, 40.22, 23.87], ""scorePred"": [1, 2]}","{""preds"": [52.9, 22.22, 24.88], ""scorePred"": [1, 0]}","{""preds"": [35.24, 42.24, 22.52], ""scorePred"": [1, 2]}","{""preds"": [89.66, 10.34, 0.0], ""scorePred"": [1, 0]}","{""preds"": [55.99, 44.01, 0.0], ""scorePred"": [2, 1]}","{""preds"": [50.1, 49.9, 0.0], ""scorePred"": [2, 1]}","{""preds"": [61.39, 38.61, 0.0], ""scorePred"": [1, 0]}","{""preds"": [46.78, 53.22, 0.0], ""scorePred"": [1, 2]}","{""preds"": [34.41, 65.59, 0.0], ""scorePred"": [1, 2]}","{""preds"": [24.02, 75.98, 0.0], ""scorePred"": [1, 2]}","{""preds"": [38.64, 61.36, 0.0], ""scorePred"": [1, 2]}","{""preds"": [21.29, 78.71, 0.0], ""scorePred"": [1, 3]}","{""preds"": [65.47, 34.53, 0.0], ""scorePred"": [1, 0]}","{""preds"": [44.71, 55.29, 0.0], ""scorePred"": [1, 2]}","{""preds"": [32.42, 67.58, 0.0], ""scorePred"": [1, 2]}","{""preds"": [51.22, 48.78, 0.0], ""scorePred"": [2, 1]}","{""preds"": [38.19, 61.81, 0.0], ""scorePred"": [1, 2]}","{""preds"": [73.57, 26.43, 0.0], ""scorePred"": [1, 0]}","{""preds"": [51.5, 48.5, 0.0], ""scorePred"": [2, 1]}","{""preds"": [33.39, 66.61, 0.0], ""scorePred"": [1, 2]}","{""preds"": [53.87, 46.13, 0.0], ""scorePred"": [2, 1]}","{""preds"": [67.38, 32.62, 0.0], ""scorePred"": [1, 0]}","{""preds"": [47.44, 52.56, 0.0], ""scorePred"": [1, 2]}",,"{""preds"": [51.05, 48.95, 0.0], ""scorePred"": [2, 1]}","{""preds"": [36.34, 63.66, 0.0], ""scorePred"": [1, 2]}","{""preds"": [53.41, 46.59, 0.0], ""scorePred"": [2, 1]}","{""preds"": [47.28, 52.72, 0.0], ""scorePred"": [1, 2]}","{""preds"": [38.81, 61.19, 0.0], ""scorePred"": [1, 2]}","{""preds"": [25.14, 74.86, 0.0], ""scorePred"": [1, 2]}","{""preds"": [29.16, 70.84, 0.0], ""scorePred"": [1, 2]}","{""preds"": [40.34, 59.66, 0.0], ""scorePred"": [1, 2]}","{""preds"": [41.67, 58.33, 0.0], ""scorePred"": [1, 2]}","{""preds"": [46.9, 53.1, 0.0], ""scorePred"": [1, 2]}","{""preds"": [70.59, 29.41, 0.0], ""scorePred"": [1, 0]}","{""preds"": [45.25, 54.75, 0.0], ""scorePred"": [1, 2]}"
NO,"{""preds"": [66.9, 7.54, 25.56], ""scorePred"": [1, 0]}","{""preds"": [39.17, 35.31, 25.52], ""scorePred"": [1, 0]}","{""preds"": [36.64, 38.47, 24.89], ""scorePred"": [1, 2]}","{""preds"": [43.05, 30.7, 26.25], ""scorePred"": [1, 0]}","{""preds"": [34.43, 42.16, 23.41], ""scorePred"": [1, 2]}","{""preds"": [25.27, 54.4, 20.33], ""scorePred"": [1, 2]}","{""preds"": [17.99, 65.06, 16.95], ""scorePred"": [1, 2]}","{""preds"": [28.42, 50.38, 21.2], ""scorePred"": [1, 2]}","{""preds"": [16.57, 67.82, 15.61], ""scorePred"": [1, 2]}","{""preds"": [47.08, 26.79, 26.13], ""scorePred"": [1, 0]}","{""preds"": [31.98, 44.92, 23.1], ""scorePred"": [1, 2]}","{""preds"": [24.27, 55.36, 20.37], ""scorePred"": [1, 2]}","{""preds"": [37.23, 37.84, 24.93], ""scorePred"": [1, 2]}","{""preds"": [27.42, 64.08, 8.5], ""scorePred"": [0, 3]}","{""preds"": [53.42, 19.93, 26.65], ""scorePred"": [1, 0]}","{""preds"": [36.8, 38.68, 24.52], ""scorePred"": [1, 2]}","{""preds"": [25.43, 53.37, 21.2], ""scorePred"": [1, 2]}","{""preds"": [38.95, 36.15, 24.9], ""scorePred"": [2, 1]}","{""preds"": [47.97, 26.0, 26.03], ""scorePred"": [1, 0]}","{""preds"": [33.61, 41.85, 24.54], ""scorePred"": [1, 2]}","{""preds"": [36.11, 39.44, 24.45], ""scorePred"": [1, 2]}",,"{""preds"": [27.84, 51.23, 20.93], ""scorePred"": [1, 2]}","{""preds"": [37.82, 37.31, 24.87], ""scorePred"": [1, 0]}","{""preds"": [35.17, 41.37, 23.46], ""scorePred"": [1, 2]}","{""preds"": [28.27, 63.52, 8.21], ""scorePred"": [0, 2]}","{""preds"": [18.86, 63.33, 17.81], ""scorePred"": [1, 3]}","{""preds"": [22.44, 58.35, 19.21], ""scorePred"": [1, 2]}","{""preds"": [30.6, 47.03, 22.37], ""scorePred"": [1, 2]}","{""preds"": [30.84, 46.45, 22.71], ""scorePred"": [1, 2]}","{""preds"": [34.94, 41.73, 23.33], ""scorePred"": [1, 2]}","{""preds"": [50.78, 22.7, 26.52], ""scorePred"": [1, 0]}","{""preds"": [32.95, 43.25, 23.8], ""scorePred"": [1, 2]}","{""preds"": [88.71, 11.29, 0.0], ""scorePred"": [1, 0]}","{""preds"": [53.32, 46.68, 0.0], ""scorePred"": [2, 1]}","{""preds"": [48.82, 51.18, 0.0], ""scorePred"": [1, 2]}","{""preds"": [58.86, 41.14, 0.0], ""scorePred"": [1, 0]}","{""preds"": [44.32, 55.68, 0.0], ""scorePred"": [1, 2]}","{""preds"": [32.34, 67.66, 0.0], ""scorePred"": [1, 2]}","{""preds"": [21.77, 78.23, 0.0], ""scorePred"": [1, 2]}","{""preds"": [37.41, 62.59, 0.0], ""scorePred"": [1, 2]}","{""preds"": [19.36, 80.64, 0.0], ""scorePred"": [1, 3]}","{""preds"": [62.57, 37.43, 0.0], ""scorePred"": [1, 0]}","{""preds"": [42.35, 57.65, 0.0], ""scorePred"": [1, 2]}","{""preds"": [30.7, 69.3, 0.0], ""scorePred"": [1, 2]}","{""preds"": [48.8, 51.2, 0.0], ""scorePred"": [1, 2]}","{""preds"": [30.48, 69.52, 0.0], ""scorePred"": [0, 2]}","{""preds"": [71.27, 28.73, 0.0], ""scorePred"": [1, 0]}","{""preds"": [49.97, 50.03, 0.0], ""scorePred"": [1, 2]}","{""preds"": [32.21, 67.79, 0.0], ""scorePred"": [1, 2]}","{""preds"": [52.23, 47.77, 0.0], ""scorePred"": [2, 1]}","{""preds"": [65.57, 34.43, 0.0], ""scorePred"": [1, 0]}","{""preds"": [44.32, 55.68, 0.0], ""scorePred"": [1, 2]}","{""preds"": [47.56, 52.44, 0.0], ""scorePred"": [1, 2]}",,"{""preds"": [34.23, 65.77, 0.0], ""scorePred"": [1, 2]}","{""preds"": [51.34, 48.66, 0.0], ""scorePred"": [2, 1]}","{""preds"": [46.08, 53.92, 0.0], ""scorePred"": [1, 2]}","{""preds"": [30.54, 69.46, 0.0], ""scorePred"": [0, 3]}","{""preds"": [24.52, 75.48, 0.0], ""scorePred"": [1, 2]}","{""preds"": [28.29, 71.71, 0.0], ""scorePred"": [1, 2]}","{""preds"": [39.0, 61.0, 0.0], ""scorePred"": [1, 2]}","{""preds"": [39.36, 60.64, 0.0], ""scorePred"": [1, 2]}","{""preds"": [46.1, 53.9, 0.0], ""scorePred"": [1, 2]}","{""preds"": [68.87, 31.13, 0.0], ""scorePred"": [1, 0]}","{""preds"": [43.23, 56.77, 0.0], ""scorePred"": [1, 2]}"
PL,"{""preds"": [78.68, 5.01, 16.31], ""scorePred"": [2, 0]}","{""preds"": [54.04, 24.71, 21.25], ""scorePred"": [2, 1]}","{""preds"": [49.48, 29.57, 20.95], ""scorePred"": [2, 1]}","{""preds"": [58.36, 20.86, 20.78], ""scorePred"": [2, 1]}","{""preds"": [47.37, 31.45, 21.18], ""scorePred"": [2, 1]}","{""preds"": [37.59, 42.43, 19.98], ""scorePred"": [1, 2]}","{""preds"": [28.92, 52.87, 18.21], ""scorePred"": [1, 2]}","{""preds"": [40.62, 38.34, 21.04], ""scorePred"": [2, 1]}","{""preds"": [26.24, 57.33, 16.43], ""scorePred"": [2, 3]}","{""preds"": [60.91, 18.05, 21.04], ""scorePred"": [2, 1]}","{""preds"": [45.13, 33.48, 21.39], ""scorePred"": [2, 1]}","{""preds"": [36.79, 43.12, 20.09], ""scorePred"": [1, 2]}","{""preds"": [50.8, 27.73, 21.47], ""scorePred"": [2, 1]}","{""preds"": [41.48, 37.98, 20.54], ""scorePred"": [2, 1]}","{""preds"": [67.65, 12.69, 19.66], ""scorePred"": [2, 0]}","{""preds"": [52.09, 26.71, 21.2], ""scorePred"": [2, 1]}","{""preds"": [38.31, 41.88, 19.81], ""scorePred"": [1, 2]}","{""preds"": [52.79, 25.28, 21.93], ""scorePred"": [2, 1]}","{""preds"": [62.39, 17.44, 20.17], ""scorePred"": [2, 1]}","{""preds"": [47.59, 31.23, 21.18], ""scorePred"": [2, 1]}","{""preds"": [50.46, 28.62, 20.92], ""scorePred"": [2, 1]}","{""preds"": [52.3, 26.78, 20.92], ""scorePred"": [2, 1]}",,"{""preds"": [51.96, 26.62, 21.42], ""scorePred"": [2, 1]}","{""preds"": [48.87, 30.02, 21.11], ""scorePred"": [2, 1]}","{""preds"": [41.68, 37.58, 20.74], ""scorePred"": [2, 1]}","{""preds"": [31.28, 50.26, 18.46], ""scorePred"": [1, 2]}","{""preds"": [34.58, 46.08, 19.34], ""scorePred"": [1, 2]}","{""preds"": [43.32, 35.46, 21.22], ""scorePred"": [2, 1]}","{""preds"": [42.3, 36.65, 21.05], ""scorePred"": [2, 1]}","{""preds"": [48.87, 30.03, 21.1], ""scorePred"": [2, 1]}","{""preds"": [65.34, 14.7, 19.96], ""scorePred"": [2, 0]}","{""preds"": [47.12, 31.87, 21.01], ""scorePred"": [2, 1]}","{""preds"": [93.71, 6.29, 0.0], ""scorePred"": [2, 0]}","{""preds"": [70.58, 29.42, 0.0], ""scorePred"": [2, 1]}","{""preds"": [63.04, 36.96, 0.0], ""scorePred"": [2, 1]}","{""preds"": [73.45, 26.55, 0.0], ""scorePred"": [2, 1]}","{""preds"": [60.71, 39.29, 0.0], ""scorePred"": [2, 1]}","{""preds"": [46.86, 53.14, 0.0], ""scorePred"": [1, 2]}","{""preds"": [36.64, 63.36, 0.0], ""scorePred"": [2, 3]}","{""preds"": [52.36, 47.64, 0.0], ""scorePred"": [2, 1]}","{""preds"": [31.45, 68.55, 0.0], ""scorePred"": [2, 3]}","{""preds"": [76.06, 23.94, 0.0], ""scorePred"": [2, 1]}","{""preds"": [57.85, 42.15, 0.0], ""scorePred"": [2, 1]}","{""preds"": [47.63, 52.37, 0.0], ""scorePred"": [1, 2]}","{""preds"": [64.59, 35.41, 0.0], ""scorePred"": [2, 1]}","{""preds"": [52.88, 47.12, 0.0], ""scorePred"": [2, 1]}","{""preds"": [82.57, 17.43, 0.0], ""scorePred"": [2, 0]}","{""preds"": [65.43, 34.57, 0.0], ""scorePred"": [2, 1]}","{""preds"": [47.76, 52.24, 0.0], ""scorePred"": [1, 2]}","{""preds"": [68.14, 31.86, 0.0], ""scorePred"": [2, 1]}","{""preds"": [78.33, 21.67, 0.0], ""scorePred"": [2, 1]}","{""preds"": [60.41, 39.59, 0.0], ""scorePred"": [2, 1]}","{""preds"": [63.2, 36.8, 0.0], ""scorePred"": [2, 1]}","{""preds"": [65.98, 34.02, 0.0], ""scorePred"": [2, 1]}",,"{""preds"": [66.58, 33.42, 0.0], ""scorePred"": [2, 1]}","{""preds"": [61.74, 38.26, 0.0], ""scorePred"": [2, 1]}","{""preds"": [53.16, 46.84, 0.0], ""scorePred"": [2, 1]}","{""preds"": [37.16, 62.84, 0.0], ""scorePred"": [1, 2]}","{""preds"": [43.66, 56.34, 0.0], ""scorePred"": [1, 2]}","{""preds"": [54.73, 45.27, 0.0], ""scorePred"": [2, 1]}","{""preds"": [54.94, 45.06, 0.0], ""scorePred"": [2, 1]}","{""preds"": [61.25, 38.75, 0.0], ""scorePred"": [2, 1]}","{""preds"": [81.48, 18.52, 0.0], ""scorePred"": [2, 0]}","{""preds"": [60.86, 39.14, 0.0], ""scorePred"": [2, 1]}"
PT,"{""preds"": [65.7, 8.57, 25.73], ""scorePred"": [1, 0]}","{""preds"": [39.9, 35.0, 25.1], ""scorePred"": [1, 0]}","{""preds"": [34.92, 40.25, 24.83], ""scorePred"": [1, 2]}","{""preds"": [43.14, 31.21, 25.65], ""scorePred"": [1, 0]}","{""preds"": [32.7, 43.49, 23.81], ""scorePred"": [1, 2]}","{""preds"": [24.21, 55.35, 20.44], ""scorePred"": [1, 2]}","{""preds"": [17.56, 65.45, 16.99], ""scorePred"": [1, 2]}","{""preds"": [26.88, 51.65, 21.47], ""scorePred"": [1, 2]}","{""preds"": [15.48, 68.19, 16.33], ""scorePred"": [1, 2]}","{""preds"": [45.66, 28.08, 26.26], ""scorePred"": [1, 0]}","{""preds"": [30.85, 44.78, 24.37], ""scorePred"": [1, 2]}","{""preds"": [23.81, 55.63, 20.56], ""scorePred"": [1, 2]}","{""preds"": [35.59, 39.46, 24.95], ""scorePred"": [0, 1]}","{""preds"": [27.92, 50.4, 21.68], ""scorePred"": [1, 2]}","{""preds"": [51.52, 21.07, 27.41], ""scorePred"": [1, 0]}","{""preds"": [35.89, 39.46, 24.65], ""scorePred"": [1, 2]}","{""preds"": [24.51, 54.58, 20.91], ""scorePred"": [1, 2]}","{""preds"": [37.67, 36.99, 25.34], ""scorePred"": [2, 1]}","{""preds"": [46.98, 25.31, 27.71], ""scorePred"": [1, 0]}","{""preds"": [33.4, 42.88, 23.72], ""scorePred"": [1, 2]}","{""preds"": [35.68, 39.97, 24.35], ""scorePred"": [1, 2]}","{""preds"": [36.1, 38.73, 25.17], ""scorePred"": [1, 2]}","{""preds"": [26.4, 52.31, 21.29], ""scorePred"": [1, 2]}",,"{""preds"": [34.63, 41.87, 23.5], ""scorePred"": [1, 2]}","{""preds"": [28.39, 49.89, 21.72], ""scorePred"": [1, 2]}","{""preds"": [18.83, 63.43, 17.74], ""scorePred"": [1, 2]}","{""preds"": [22.36, 58.51, 19.13], ""scorePred"": [1, 2]}","{""preds"": [29.98, 47.59, 22.43], ""scorePred"": [1, 2]}","{""preds"": [30.1, 47.15, 22.75], ""scorePred"": [1, 2]}","{""preds"": [33.43, 42.44, 24.13], ""scorePred"": [1, 2]}","{""preds"": [49.54, 23.79, 26.67], ""scorePred"": [1, 0]}","{""preds"": [32.07, 43.99, 23.94], ""scorePred"": [1, 2]}","{""preds"": [87.85, 12.15, 0.0], ""scorePred"": [1, 0]}","{""preds"": [53.13, 46.87, 0.0], ""scorePred"": [1, 0]}","{""preds"": [47.39, 52.61, 0.0], ""scorePred"": [1, 2]}","{""preds"": [57.43, 42.57, 0.0], ""scorePred"": [1, 0]}","{""preds"": [43.88, 56.12, 0.0], ""scorePred"": [1, 2]}","{""preds"": [31.52, 68.48, 0.0], ""scorePred"": [1, 2]}","{""preds"": [21.33, 78.67, 0.0], ""scorePred"": [1, 2]}","{""preds"": [34.77, 65.23, 0.0], ""scorePred"": [1, 2]}","{""preds"": [18.9, 81.1, 0.0], ""scorePred"": [1, 2]}","{""preds"": [62.67, 37.33, 0.0], ""scorePred"": [1, 0]}","{""preds"": [41.14, 58.86, 0.0], ""scorePred"": [1, 2]}","{""preds"": [29.79, 70.21, 0.0], ""scorePred"": [1, 2]}","{""preds"": [47.56, 52.44, 0.0], ""scorePred"": [1, 2]}","{""preds"": [36.01, 63.99, 0.0], ""scorePred"": [1, 2]}","{""preds"": [71.04, 28.96, 0.0], ""scorePred"": [1, 0]}","{""preds"": [48.41, 51.59, 0.0], ""scorePred"": [1, 2]}","{""preds"": [30.76, 69.24, 0.0], ""scorePred"": [1, 2]}","{""preds"": [50.62, 49.38, 0.0], ""scorePred"": [1, 0]}","{""preds"": [63.51, 36.49, 0.0], ""scorePred"": [1, 0]}","{""preds"": [42.96, 57.04, 0.0], ""scorePred"": [1, 2]}","{""preds"": [46.2, 53.8, 0.0], ""scorePred"": [1, 2]}","{""preds"": [47.64, 52.36, 0.0], ""scorePred"": [1, 2]}","{""preds"": [33.38, 66.62, 0.0], ""scorePred"": [1, 2]}",,"{""preds"": [44.47, 55.53, 0.0], ""scorePred"": [1, 2]}","{""preds"": [36.38, 63.62, 0.0], ""scorePred"": [1, 2]}","{""preds"": [22.72, 77.28, 0.0], ""scorePred"": [1, 2]}","{""preds"": [28.08, 71.92, 0.0], ""scorePred"": [1, 2]}","{""preds"": [38.18, 61.82, 0.0], ""scorePred"": [1, 2]}","{""preds"": [38.64, 61.36, 0.0], ""scorePred"": [1, 2]}","{""preds"": [44.6, 55.4, 0.0], ""scorePred"": [1, 2]}","{""preds"": [67.99, 32.01, 0.0], ""scorePred"": [1, 0]}","{""preds"": [42.48, 57.52, 0.0], ""scorePred"": [1, 2]}"
RO,"{""preds"": [69.49, 7.22, 23.29], ""scorePred"": [1, 0]}","{""preds"": [44.51, 31.64, 23.85], ""scorePred"": [2, 1]}","{""preds"": [40.33, 35.98, 23.69], ""scorePred"": [2, 1]}","{""preds"": [47.9, 27.77, 24.33], ""scorePred"": [1, 0]}","{""preds"": [61.02, 27.55, 11.43], ""scorePred"": [2, 0]}","{""preds"": [29.12, 49.96, 20.92], ""scorePred"": [1, 2]}","{""preds"": [20.69, 61.85, 17.46], ""scorePred"": [1, 2]}","{""preds"": [30.74, 46.87, 22.39], ""scorePred"": [1, 2]}","{""preds"": [18.43, 65.5, 16.07], ""scorePred"": [1, 3]}","{""preds"": [55.37, 38.01, 6.62], ""scorePred"": [2, 0]}","{""preds"": [35.77, 41.3, 22.93], ""scorePred"": [1, 2]}","{""preds"": [28.21, 51.48, 20.31], ""scorePred"": [1, 2]}","{""preds"": [40.87, 35.08, 24.05], ""scorePred"": [2, 1]}","{""preds"": [32.22, 46.45, 21.33], ""scorePred"": [1, 2]}","{""preds"": [48.73, 47.1, 4.17], ""scorePred"": [2, 0]}","{""preds"": [40.93, 36.59, 22.48], ""scorePred"": [2, 1]}","{""preds"": [29.41, 49.81, 20.78], ""scorePred"": [1, 2]}","{""preds"": [60.2, 29.83, 9.97], ""scorePred"": [2, 0]}","{""preds"": [54.39, 39.77, 5.84], ""scorePred"": [2, 0]}","{""preds"": [37.92, 39.46, 22.62], ""scorePred"": [1, 2]}","{""preds"": [40.45, 36.88, 22.67], ""scorePred"": [2, 1]}","{""preds"": [41.13, 34.76, 24.11], ""scorePred"": [2, 1]}","{""preds"": [30.66, 48.49, 20.85], ""scorePred"": [1, 2]}","{""preds"": [42.05, 34.81, 23.14], ""scorePred"": [2, 1]}",,"{""preds"": [32.31, 46.85, 20.84], ""scorePred"": [1, 2]}","{""preds"": [22.86, 59.3, 17.84], ""scorePred"": [1, 2]}","{""preds"": [26.77, 53.75, 19.48], ""scorePred"": [1, 2]}","{""preds"": [33.55, 45.04, 21.41], ""scorePred"": [1, 2]}","{""preds"": [34.44, 44.2, 21.36], ""scorePred"": [1, 2]}","{""preds"": [37.99, 39.09, 22.92], ""scorePred"": [1, 2]}","{""preds"": [54.52, 20.56, 24.92], ""scorePred"": [1, 0]}","{""preds"": [35.78, 39.98, 24.24], ""scorePred"": [1, 2]}","{""preds"": [90.72, 9.28, 0.0], ""scorePred"": [1, 0]}","{""preds"": [58.51, 41.49, 0.0], ""scorePred"": [2, 1]}","{""preds"": [52.83, 47.17, 0.0], ""scorePred"": [2, 1]}","{""preds"": [63.73, 36.27, 0.0], ""scorePred"": [1, 0]}","{""preds"": [68.36, 31.64, 0.0], ""scorePred"": [2, 0]}","{""preds"": [36.29, 63.71, 0.0], ""scorePred"": [1, 2]}","{""preds"": [26.16, 73.84, 0.0], ""scorePred"": [1, 2]}","{""preds"": [39.16, 60.84, 0.0], ""scorePred"": [1, 2]}","{""preds"": [23.11, 76.89, 0.0], ""scorePred"": [1, 3]}","{""preds"": [60.5, 39.5, 0.0], ""scorePred"": [2, 0]}","{""preds"": [47.09, 52.91, 0.0], ""scorePred"": [1, 2]}","{""preds"": [34.7, 65.3, 0.0], ""scorePred"": [1, 2]}","{""preds"": [53.13, 46.87, 0.0], ""scorePred"": [2, 1]}","{""preds"": [40.92, 59.08, 0.0], ""scorePred"": [1, 2]}","{""preds"": [52.61, 47.39, 0.0], ""scorePred"": [2, 0]}","{""preds"": [52.83, 47.17, 0.0], ""scorePred"": [2, 1]}","{""preds"": [36.61, 63.39, 0.0], ""scorePred"": [1, 2]}","{""preds"": [66.59, 33.41, 0.0], ""scorePred"": [2, 0]}","{""preds"": [58.22, 41.78, 0.0], ""scorePred"": [2, 0]}","{""preds"": [49.16, 50.84, 0.0], ""scorePred"": [1, 2]}","{""preds"": [52.19, 47.81, 0.0], ""scorePred"": [2, 1]}","{""preds"": [52.91, 47.09, 0.0], ""scorePred"": [2, 1]}","{""preds"": [38.89, 61.11, 0.0], ""scorePred"": [1, 2]}","{""preds"": [55.69, 44.31, 0.0], ""scorePred"": [2, 1]}",,"{""preds"": [40.14, 59.86, 0.0], ""scorePred"": [1, 2]}","{""preds"": [26.9, 73.1, 0.0], ""scorePred"": [1, 2]}","{""preds"": [31.74, 68.26, 0.0], ""scorePred"": [1, 2]}","{""preds"": [42.44, 57.56, 0.0], ""scorePred"": [1, 2]}","{""preds"": [43.7, 56.3, 0.0], ""scorePred"": [1, 2]}","{""preds"": [49.97, 50.03, 0.0], ""scorePred"": [1, 2]}","{""preds"": [72.26, 27.74, 0.0], ""scorePred"": [1, 0]}","{""preds"": [48.25, 51.75, 0.0], ""scorePred"": [1, 2]}"
RU,"{""preds"": [27.37, 71.7, 0.93], ""scorePred"": [3, 10]}","{""preds"": [52.13, 26.35, 21.52], ""scorePred"": [2, 1]}","{""preds"": [48.19, 30.47, 21.34], ""scorePred"": [2, 1]}","{""preds"": [56.18, 21.95, 21.87], ""scorePred"": [2, 1]}","{""preds"": [65.26, 25.2, 9.54], ""scorePred"": [2, 0]}","{""preds"": [36.64, 43.48, 19.88], ""scorePred"": [1, 2]}","{""preds"": [26.86, 54.34, 18.8], ""scorePred"": [2, 3]}","{""preds"": [38.29, 40.22, 21.49], ""scorePred"": [1, 2]}","{""preds"": [24.38, 58.93, 16.69], ""scorePred"": [1, 2]}","{""preds"": [57.64, 36.91, 5.45], ""scorePred"": [3, 0]}","{""preds"": [43.39, 34.89, 21.72], ""scorePred"": [2, 1]}","{""preds"": [35.12, 44.59, 20.29], ""scorePred"": [1, 2]}","{""preds"": [64.04, 27.51, 8.45], ""scorePred"": [3, 0]}","{""preds"": [39.53, 39.8, 20.67], ""scorePred"": [1, 2]}","{""preds"": [50.2, 46.28, 3.52], ""scorePred"": [3, 0]}","{""preds"": [48.8, 29.07, 22.13], ""scorePred"": [2, 1]}","{""preds"": [35.85, 42.76, 21.39], ""scorePred"": [1, 2]}","{""preds"": [63.83, 28.29, 7.88], ""scorePred"": [2, 0]}","{""preds"": [56.59, 38.68, 4.73], ""scorePred"": [2, 0]}","{""preds"": [45.47, 32.65, 21.88], ""scorePred"": [2, 1]}","{""preds"": [47.39, 30.18, 22.43], ""scorePred"": [2, 1]}","{""preds"": [64.54, 27.38, 8.08], ""scorePred"": [3, 0]}","{""preds"": [37.7, 41.42, 20.88], ""scorePred"": [1, 2]}","{""preds"": [50.13, 27.62, 22.25], ""scorePred"": [2, 1]}","{""preds"": [46.64, 32.09, 21.27], ""scorePred"": [2, 1]}",,"{""preds"": [28.95, 52.56, 18.49], ""scorePred"": [1, 2]}","{""preds"": [32.25, 47.71, 20.04], ""scorePred"": [1, 2]}","{""preds"": [40.73, 38.32, 20.95], ""scorePred"": [2, 1]}","{""preds"": [41.8, 37.73, 20.47], ""scorePred"": [2, 1]}","{""preds"": [46.85, 31.81, 21.34], ""scorePred"": [2, 1]}","{""preds"": [61.87, 16.55, 21.58], ""scorePred"": [1, 0]}","{""preds"": [45.12, 32.91, 21.97], ""scorePred"": [2, 1]}","{""preds"": [27.24, 72.76, 0.0], ""scorePred"": [2, 10]}","{""preds"": [66.93, 33.07, 0.0], ""scorePred"": [2, 1]}","{""preds"": [61.33, 38.67, 0.0], ""scorePred"": [2, 1]}","{""preds"": [70.87, 29.13, 0.0], ""scorePred"": [2, 1]}","{""preds"": [70.89, 29.11, 0.0], ""scorePred"": [2, 0]}","{""preds"": [44.39, 55.61, 0.0], ""scorePred"": [1, 2]}","{""preds"": [32.7, 67.3, 0.0], ""scorePred"": [1, 2]}","{""preds"": [48.75, 51.25, 0.0], ""scorePred"": [1, 2]}","{""preds"": [29.49, 70.51, 0.0], ""scorePred"": [1, 3]}","{""preds"": [60.65, 39.35, 0.0], ""scorePred"": [3, 0]}","{""preds"": [55.21, 44.79, 0.0], ""scorePred"": [2, 1]}","{""preds"": [44.3, 55.7, 0.0], ""scorePred"": [1, 2]}","{""preds"": [69.72, 30.28, 0.0], ""scorePred"": [2, 0]}","{""preds"": [49.96, 50.04, 0.0], ""scorePred"": [1, 2]}","{""preds"": [52.1, 47.9, 0.0], ""scorePred"": [2, 0]}","{""preds"": [61.7, 38.3, 0.0], ""scorePred"": [2, 1]}","{""preds"": [44.94, 55.06, 0.0], ""scorePred"": [1, 2]}","{""preds"": [68.72, 31.28, 0.0], ""scorePred"": [2, 0]}","{""preds"": [59.29, 40.71, 0.0], ""scorePred"": [3, 0]}","{""preds"": [57.78, 42.22, 0.0], ""scorePred"": [2, 1]}","{""preds"": [60.98, 39.02, 0.0], ""scorePred"": [2, 1]}","{""preds"": [70.89, 29.11, 0.0], ""scorePred"": [2, 0]}","{""preds"": [47.86, 52.14, 0.0], ""scorePred"": [1, 2]}","{""preds"": [63.78, 36.22, 0.0], ""scorePred"": [2, 1]}","{""preds"": [58.25, 41.75, 0.0], ""scorePred"": [2, 1]}",,"{""preds"": [35.16, 64.84, 0.0], ""scorePred"": [1, 2]}","{""preds"": [40.93, 59.07, 0.0], ""scorePred"": [1, 2]}","{""preds"": [52.29, 47.71, 0.0], ""scorePred"": [2, 1]}","{""preds"": [52.69, 47.31, 0.0], ""scorePred"": [2, 1]}","{""preds"": [57.9, 42.1, 0.0], ""scorePred"": [2, 1]}","{""preds"": [78.42, 21.58, 0.0], ""scorePred"": [1, 0]}","{""preds"": [57.52, 42.48, 0.0], ""scorePred"": [2, 1]}"
GB-SCT,"{""preds"": [86.41, 3.21, 10.38], ""scorePred"": [2, 0]}","{""preds"": [65.53, 17.57, 16.9], ""scorePred"": [2, 1]}","{""preds"": [61.09, 21.33, 17.58], ""scorePred"": [2, 1]}","{""preds"": [68.7, 14.58, 16.72], ""scorePred"": [2, 1]}","{""preds"": [70.31, 23.07, 6.62], ""scorePred"": [3, 0]}","{""preds"": [48.86, 33.04, 18.1], ""scorePred"": [2, 1]}","{""preds"": [39.65, 42.93, 17.42], ""scorePred"": [2, 3]}","{""preds"": [50.57, 30.85, 18.58], ""scorePred"": [2, 1]}","{""preds"": [35.55, 47.52, 16.93], ""scorePred"": [2, 3]}","{""preds"": [61.13, 35.74, 3.13], ""scorePred"": [3, 0]}","{""preds"": [55.04, 26.1, 18.86], ""scorePred"": [2, 1]}","{""preds"": [47.47, 34.32, 18.21], ""scorePred"": [3, 2]}","{""preds"": [61.74, 20.86, 17.4], ""scorePred"": [2, 1]}","{""preds"": [51.97, 29.45, 18.58], ""scorePred"": [2, 1]}","{""preds"": [53.26, 44.88, 1.86], ""scorePred"": [3, 0]}","{""preds"": [61.39, 20.81, 17.8], ""scorePred"": [2, 1]}","{""preds"": [48.48, 33.24, 18.28], ""scorePred"": [2, 1]}","{""preds"": [67.45, 27.76, 4.79], ""scorePred"": [3, 0]}","{""preds"": [59.9, 36.98, 3.12], ""scorePred"": [3, 0]}","{""preds"": [58.85, 22.9, 18.25], ""scorePred"": [2, 1]}","{""preds"": [61.1, 20.84, 18.06], ""scorePred"": [2, 1]}","{""preds"": [61.56, 20.45, 17.99], ""scorePred"": [2, 1]}","{""preds"": [49.56, 31.72, 18.72], ""scorePred"": [2, 1]}","{""preds"": [63.23, 18.99, 17.78], ""scorePred"": [2, 1]}","{""preds"": [59.54, 22.56, 17.9], ""scorePred"": [2, 1]}","{""preds"": [53.21, 28.48, 18.31], ""scorePred"": [2, 1]}",,"{""preds"": [44.98, 36.99, 18.03], ""scorePred"": [3, 2]}","{""preds"": [53.96, 27.38, 18.66], ""scorePred"": [2, 1]}","{""preds"": [54.76, 26.92, 18.32], ""scorePred"": [2, 1]}","{""preds"": [59.32, 22.73, 17.95], ""scorePred"": [2, 1]}","{""preds"": [74.29, 10.54, 15.17], ""scorePred"": [2, 0]}","{""preds"": [58.76, 23.06, 18.18], ""scorePred"": [2, 1]}","{""preds"": [96.5, 3.5, 0.0], ""scorePred"": [2, 0]}","{""preds"": [78.66, 21.34, 0.0], ""scorePred"": [2, 1]}","{""preds"": [73.99, 26.01, 0.0], ""scorePred"": [2, 1]}","{""preds"": [82.06, 17.94, 0.0], ""scorePred"": [2, 1]}","{""preds"": [75.48, 24.52, 0.0], ""scorePred"": [3, 0]}","{""preds"": [60.0, 40.0, 0.0], ""scorePred"": [2, 1]}","{""preds"": [47.48, 52.52, 0.0], ""scorePred"": [2, 3]}","{""preds"": [63.26, 36.74, 0.0], ""scorePred"": [2, 1]}","{""preds"": [43.91, 56.09, 0.0], ""scorePred"": [2, 3]}","{""preds"": [61.75, 38.25, 0.0], ""scorePred"": [3, 0]}","{""preds"": [68.92, 31.08, 0.0], ""scorePred"": [2, 1]}","{""preds"": [59.35, 40.65, 0.0], ""scorePred"": [2, 1]}","{""preds"": [75.01, 24.99, 0.0], ""scorePred"": [2, 1]}","{""preds"": [64.7, 35.3, 0.0], ""scorePred"": [2, 1]}","{""preds"": [53.04, 46.96, 0.0], ""scorePred"": [3, 0]}","{""preds"": [74.72, 25.28, 0.0], ""scorePred"": [2, 1]}","{""preds"": [59.64, 40.36, 0.0], ""scorePred"": [2, 1]}","{""preds"": [70.87, 29.13, 0.0], ""scorePred"": [3, 0]}","{""preds"": [61.03, 38.97, 0.0], ""scorePred"": [3, 0]}","{""preds"": [70.64, 29.36, 0.0], ""scorePred"": [2, 1]}","{""preds"": [74.42, 25.58, 0.0], ""scorePred"": [2, 1]}","{""preds"": [75.41, 24.59, 0.0], ""scorePred"": [2, 1]}","{""preds"": [62.41, 37.59, 0.0], ""scorePred"": [2, 1]}","{""preds"": [76.68, 23.32, 0.0], ""scorePred"": [2, 1]}","{""preds"": [71.84, 28.16, 0.0], ""scorePred"": [2, 1]}","{""preds"": [64.46, 35.54, 0.0], ""scorePred"": [2, 1]}",,"{""preds"": [55.32, 44.68, 0.0], ""scorePred"": [3, 2]}","{""preds"": [65.54, 34.46, 0.0], ""scorePred"": [2, 1]}","{""preds"": [66.72, 33.28, 0.0], ""scorePred"": [2, 1]}","{""preds"": [72.02, 27.98, 0.0], ""scorePred"": [2, 1]}","{""preds"": [88.37, 11.63, 0.0], ""scorePred"": [2, 0]}","{""preds"": [71.39, 28.61, 0.0], ""scorePred"": [2, 1]}"
RS,"{""preds"": [83.0, 3.75, 13.25], ""scorePred"": [2, 0]}","{""preds"": [60.52, 20.17, 19.31], ""scorePred"": [2, 1]}","{""preds"": [55.12, 25.29, 19.59], ""scorePred"": [2, 1]}","{""preds"": [63.93, 17.61, 18.46], ""scorePred"": [2, 1]}","{""preds"": [68.71, 23.73, 7.56], ""scorePred"": [3, 0]}","{""preds"": [44.57, 36.45, 18.98], ""scorePred"": [2, 1]}","{""preds"": [35.08, 46.76, 18.16], ""scorePred"": [2, 3]}","{""preds"": [47.11, 32.95, 19.94], ""scorePred"": [2, 1]}","{""preds"": [31.5, 51.08, 17.42], ""scorePred"": [2, 3]}","{""preds"": [59.27, 36.77, 3.96], ""scorePred"": [3, 0]}","{""preds"": [51.95, 28.28, 19.77], ""scorePred"": [2, 1]}","{""preds"": [42.22, 38.85, 18.93], ""scorePred"": [2, 1]}","{""preds"": [58.32, 22.78, 18.9], ""scorePred"": [2, 1]}","{""preds"": [47.25, 33.51, 19.24], ""scorePred"": [2, 1]}","{""preds"": [51.08, 46.34, 2.58], ""scorePred"": [3, 0]}","{""preds"": [56.8, 24.3, 18.9], ""scorePred"": [2, 1]}","{""preds"": [44.17, 37.19, 18.64], ""scorePred"": [2, 1]}","{""preds"": [66.4, 27.62, 5.98], ""scorePred"": [3, 0]}","{""preds"": [57.85, 38.69, 3.46], ""scorePred"": [3, 0]}","{""preds"": [52.97, 27.21, 19.82], ""scorePred"": [2, 1]}","{""preds"": [56.73, 24.09, 19.18], ""scorePred"": [2, 1]}","{""preds"": [57.86, 22.52, 19.62], ""scorePred"": [2, 1]}","{""preds"": [45.7, 34.58, 19.72], ""scorePred"": [2, 1]}","{""preds"": [58.9, 22.37, 18.73], ""scorePred"": [2, 1]}","{""preds"": [54.34, 26.6, 19.06], ""scorePred"": [2, 1]}","{""preds"": [47.45, 33.1, 19.45], ""scorePred"": [2, 1]}","{""preds"": [36.74, 45.41, 17.85], ""scorePred"": [2, 3]}",,"{""preds"": [48.57, 31.39, 20.04], ""scorePred"": [2, 1]}","{""preds"": [50.42, 30.42, 19.16], ""scorePred"": [2, 1]}","{""preds"": [53.32, 26.86, 19.82], ""scorePred"": [2, 1]}","{""preds"": [70.55, 12.22, 17.23], ""scorePred"": [2, 0]}","{""preds"": [52.88, 26.96, 20.16], ""scorePred"": [2, 1]}","{""preds"": [95.73, 4.27, 0.0], ""scorePred"": [2, 0]}","{""preds"": [75.66, 24.34, 0.0], ""scorePred"": [2, 1]}","{""preds"": [70.2, 29.8, 0.0], ""scorePred"": [2, 1]}","{""preds"": [78.92, 21.08, 0.0], ""scorePred"": [2, 1]}","{""preds"": [74.42, 25.58, 0.0], ""scorePred"": [3, 0]}","{""preds"": [54.9, 45.1, 0.0], ""scorePred"": [2, 1]}","{""preds"": [42.97, 57.03, 0.0], ""scorePred"": [2, 3]}","{""preds"": [58.5, 41.5, 0.0], ""scorePred"": [2, 1]}","{""preds"": [37.53, 62.47, 0.0], ""scorePred"": [2, 3]}","{""preds"": [62.2, 37.8, 0.0], ""scorePred"": [3, 0]}","{""preds"": [64.47, 35.53, 0.0], ""scorePred"": [2, 1]}","{""preds"": [52.08, 47.92, 0.0], ""scorePred"": [2, 1]}","{""preds"": [70.67, 29.33, 0.0], ""scorePred"": [2, 1]}","{""preds"": [58.95, 41.05, 0.0], ""scorePred"": [2, 1]}","{""preds"": [52.87, 47.13, 0.0], ""scorePred"": [3, 0]}","{""preds"": [70.58, 29.42, 0.0], ""scorePred"": [2, 1]}","{""preds"": [54.19, 45.81, 0.0], ""scorePred"": [2, 1]}","{""preds"": [70.62, 29.38, 0.0], ""scorePred"": [3, 0]}","{""preds"": [60.01, 39.99, 0.0], ""scorePred"": [3, 0]}","{""preds"": [66.78, 33.22, 0.0], ""scorePred"": [2, 1]}","{""preds"": [70.19, 29.81, 0.0], ""scorePred"": [2, 1]}","{""preds"": [70.72, 29.28, 0.0], ""scorePred"": [2, 1]}","{""preds"": [56.68, 43.32, 0.0], ""scorePred"": [2, 1]}","{""preds"": [72.75, 27.25, 0.0], ""scorePred"": [2, 1]}","{""preds"": [67.32, 32.68, 0.0], ""scorePred"": [2, 1]}","{""preds"": [59.76, 40.24, 0.0], ""scorePred"": [2, 1]}","{""preds"": [44.72, 55.28, 0.0], ""scorePred"": [1, 2]}",,"{""preds"": [60.7, 39.3, 0.0], ""scorePred"": [2, 1]}","{""preds"": [61.98, 38.02, 0.0], ""scorePred"": [2, 1]}","{""preds"": [67.95, 32.05, 0.0], ""scorePred"": [2, 1]}","{""preds"": [84.94, 15.06, 0.0], ""scorePred"": [2, 0]}","{""preds"": [66.5, 33.5, 0.0], ""scorePred"": [2, 1]}"
ES,"{""preds"": [75.54, 5.73, 18.73], ""scorePred"": [1, 0]}","{""preds"": [51.38, 26.06, 22.56], ""scorePred"": [2, 1]}","{""preds"": [46.47, 31.53, 22.0], ""scorePred"": [2, 1]}","{""preds"": [53.75, 23.45, 22.8], ""scorePred"": [2, 1]}","{""preds"": [63.69, 25.9, 10.41], ""scorePred"": [2, 0]}","{""preds"": [34.41, 44.48, 21.11], ""scorePred"": [1, 2]}","{""preds"": [26.46, 56.01, 17.53], ""scorePred"": [1, 2]}","{""preds"": [37.25, 41.59, 21.16], ""scorePred"": [1, 2]}","{""preds"": [23.24, 60.06, 16.7], ""scorePred"": [1, 2]}","{""preds"": [57.79, 36.49, 5.72], ""scorePred"": [2, 0]}","{""preds"": [41.54, 36.25, 22.21], ""scorePred"": [2, 1]}","{""preds"": [33.31, 46.78, 19.91], ""scorePred"": [1, 2]}","{""preds"": [46.8, 30.95, 22.25], ""scorePred"": [2, 1]}","{""preds"": [37.42, 40.68, 21.9], ""scorePred"": [1, 2]}","{""preds"": [50.58, 45.88, 3.54], ""scorePred"": [2, 0]}","{""preds"": [46.46, 31.08, 22.46], ""scorePred"": [2, 1]}","{""preds"": [34.59, 45.3, 20.11], ""scorePred"": [1, 2]}","{""preds"": [63.38, 29.07, 7.55], ""scorePred"": [2, 0]}","{""preds"": [55.71, 39.11, 5.18], ""scorePred"": [2, 0]}","{""preds"": [44.05, 33.9, 22.05], ""scorePred"": [2, 1]}","{""preds"": [45.59, 32.44, 21.97], ""scorePred"": [2, 1]}","{""preds"": [48.55, 29.62, 21.83], ""scorePred"": [2, 1]}","{""preds"": [36.2, 44.07, 19.73], ""scorePred"": [1, 2]}","{""preds"": [48.03, 29.43, 22.54], ""scorePred"": [2, 1]}","{""preds"": [45.05, 32.57, 22.38], ""scorePred"": [2, 1]}","{""preds"": [37.5, 41.24, 21.26], ""scorePred"": [1, 2]}","{""preds"": [28.2, 53.29, 18.51], ""scorePred"": [1, 2]}","{""preds"": [31.36, 49.3, 19.34], ""scorePred"": [1, 2]}",,"{""preds"": [39.81, 38.63, 21.56], ""scorePred"": [2, 1]}","{""preds"": [44.41, 33.68, 21.91], ""scorePred"": [2, 1]}","{""preds"": [60.19, 17.68, 22.13], ""scorePred"": [1, 0]}","{""preds"": [43.79, 34.67, 21.54], ""scorePred"": [2, 1]}","{""preds"": [93.07, 6.93, 0.0], ""scorePred"": [1, 0]}","{""preds"": [65.57, 34.43, 0.0], ""scorePred"": [2, 1]}","{""preds"": [58.64, 41.36, 0.0], ""scorePred"": [2, 1]}","{""preds"": [70.17, 29.83, 0.0], ""scorePred"": [2, 1]}","{""preds"": [71.48, 28.52, 0.0], ""scorePred"": [3, 0]}","{""preds"": [44.21, 55.79, 0.0], ""scorePred"": [1, 2]}","{""preds"": [31.64, 68.36, 0.0], ""scorePred"": [1, 2]}","{""preds"": [47.12, 52.88, 0.0], ""scorePred"": [1, 2]}","{""preds"": [27.91, 72.09, 0.0], ""scorePred"": [1, 3]}","{""preds"": [61.38, 38.62, 0.0], ""scorePred"": [2, 0]}","{""preds"": [54.36, 45.64, 0.0], ""scorePred"": [2, 1]}","{""preds"": [42.14, 57.86, 0.0], ""scorePred"": [1, 2]}","{""preds"": [60.83, 39.17, 0.0], ""scorePred"": [2, 1]}","{""preds"": [47.02, 52.98, 0.0], ""scorePred"": [1, 2]}","{""preds"": [52.38, 47.62, 0.0], ""scorePred"": [2, 0]}","{""preds"": [60.15, 39.85, 0.0], ""scorePred"": [2, 1]}","{""preds"": [43.96, 56.04, 0.0], ""scorePred"": [1, 2]}","{""preds"": [68.4, 31.6, 0.0], ""scorePred"": [3, 0]}","{""preds"": [58.07, 41.93, 0.0], ""scorePred"": [2, 0]}","{""preds"": [55.97, 44.03, 0.0], ""scorePred"": [2, 1]}","{""preds"": [59.67, 40.33, 0.0], ""scorePred"": [2, 1]}","{""preds"": [61.33, 38.67, 0.0], ""scorePred"": [2, 1]}","{""preds"": [45.64, 54.36, 0.0], ""scorePred"": [1, 2]}","{""preds"": [63.07, 36.93, 0.0], ""scorePred"": [2, 1]}","{""preds"": [57.01, 42.99, 0.0], ""scorePred"": [2, 1]}","{""preds"": [47.34, 52.66, 0.0], ""scorePred"": [1, 2]}","{""preds"": [34.04, 65.96, 0.0], ""scorePred"": [1, 2]}","{""preds"": [38.52, 61.48, 0.0], ""scorePred"": [1, 2]}",,"{""preds"": [50.89, 49.11, 0.0], ""scorePred"": [2, 1]}","{""preds"": [56.14, 43.86, 0.0], ""scorePred"": [2, 1]}","{""preds"": [77.56, 22.44, 0.0], ""scorePred"": [1, 0]}","{""preds"": [56.17, 43.83, 0.0], ""scorePred"": [2, 1]}"
SE,"{""preds"": [74.74, 5.69, 19.57], ""scorePred"": [1, 0]}","{""preds"": [51.09, 27.16, 21.75], ""scorePred"": [2, 1]}","{""preds"": [45.08, 32.45, 22.47], ""scorePred"": [2, 1]}","{""preds"": [52.95, 24.34, 22.71], ""scorePred"": [2, 1]}","{""preds"": [64.05, 25.39, 10.56], ""scorePred"": [2, 0]}","{""preds"": [33.15, 46.43, 20.42], ""scorePred"": [1, 2]}","{""preds"": [25.93, 55.88, 18.19], ""scorePred"": [1, 2]}","{""preds"": [36.05, 42.94, 21.01], ""scorePred"": [1, 2]}","{""preds"": [22.78, 60.48, 16.74], ""scorePred"": [1, 3]}","{""preds"": [56.87, 37.06, 6.07], ""scorePred"": [2, 0]}","{""preds"": [40.47, 37.38, 22.15], ""scorePred"": [2, 1]}","{""preds"": [31.95, 47.78, 20.27], ""scorePred"": [1, 2]}","{""preds"": [46.02, 30.5, 23.48], ""scorePred"": [2, 1]}","{""preds"": [37.06, 42.15, 20.79], ""scorePred"": [1, 2]}","{""preds"": [50.55, 45.56, 3.89], ""scorePred"": [2, 0]}","{""preds"": [45.33, 31.81, 22.86], ""scorePred"": [2, 1]}","{""preds"": [33.99, 45.78, 20.23], ""scorePred"": [1, 2]}","{""preds"": [62.63, 29.39, 7.98], ""scorePred"": [2, 0]}","{""preds"": [55.61, 38.83, 5.56], ""scorePred"": [2, 0]}","{""preds"": [42.7, 35.14, 22.16], ""scorePred"": [2, 1]}","{""preds"": [44.46, 32.85, 22.69], ""scorePred"": [2, 1]}","{""preds"": [46.68, 30.78, 22.54], ""scorePred"": [2, 1]}","{""preds"": [36.08, 43.34, 20.58], ""scorePred"": [1, 2]}","{""preds"": [47.4, 29.83, 22.77], ""scorePred"": [2, 1]}","{""preds"": [44.32, 33.88, 21.8], ""scorePred"": [2, 1]}","{""preds"": [36.95, 42.27, 20.78], ""scorePred"": [1, 2]}","{""preds"": [26.2, 55.54, 18.26], ""scorePred"": [1, 2]}","{""preds"": [30.61, 49.82, 19.57], ""scorePred"": [1, 2]}","{""preds"": [37.71, 40.68, 21.61], ""scorePred"": [1, 2]}",,"{""preds"": [42.85, 35.1, 22.05], ""scorePred"": [2, 1]}","{""preds"": [59.95, 17.44, 22.61], ""scorePred"": [1, 0]}","{""preds"": [42.52, 34.79, 22.69], ""scorePred"": [2, 1]}","{""preds"": [92.29, 7.71, 0.0], ""scorePred"": [1, 0]}","{""preds"": [63.47, 36.53, 0.0], ""scorePred"": [2, 1]}","{""preds"": [57.33, 42.67, 0.0], ""scorePred"": [2, 1]}","{""preds"": [69.85, 30.15, 0.0], ""scorePred"": [2, 1]}","{""preds"": [70.85, 29.15, 0.0], ""scorePred"": [2, 0]}","{""preds"": [41.88, 58.12, 0.0], ""scorePred"": [1, 2]}","{""preds"": [29.78, 70.22, 0.0], ""scorePred"": [1, 2]}","{""preds"": [46.4, 53.6, 0.0], ""scorePred"": [1, 2]}","{""preds"": [26.87, 73.13, 0.0], ""scorePred"": [1, 2]}","{""preds"": [60.91, 39.09, 0.0], ""scorePred"": [2, 0]}","{""preds"": [52.04, 47.96, 0.0], ""scorePred"": [2, 1]}","{""preds"": [41.8, 58.2, 0.0], ""scorePred"": [1, 2]}","{""preds"": [58.86, 41.14, 0.0], ""scorePred"": [2, 1]}","{""preds"": [47.08, 52.92, 0.0], ""scorePred"": [1, 2]}","{""preds"": [52.26, 47.74, 0.0], ""scorePred"": [2, 0]}","{""preds"": [59.99, 40.01, 0.0], ""scorePred"": [2, 1]}","{""preds"": [41.63, 58.37, 0.0], ""scorePred"": [1, 2]}","{""preds"": [68.41, 31.59, 0.0], ""scorePred"": [2, 0]}","{""preds"": [58.86, 41.14, 0.0], ""scorePred"": [2, 0]}","{""preds"": [54.13, 45.87, 0.0], ""scorePred"": [2, 1]}","{""preds"": [58.81, 41.19, 0.0], ""scorePred"": [2, 1]}","{""preds"": [60.06, 39.94, 0.0], ""scorePred"": [2, 1]}","{""preds"": [44.16, 55.84, 0.0], ""scorePred"": [1, 2]}","{""preds"": [61.45, 38.55, 0.0], ""scorePred"": [2, 1]}","{""preds"": [57.57, 42.43, 0.0], ""scorePred"": [2, 1]}","{""preds"": [46.5, 53.5, 0.0], ""scorePred"": [1, 2]}","{""preds"": [33.67, 66.33, 0.0], ""scorePred"": [1, 2]}","{""preds"": [38.06, 61.94, 0.0], ""scorePred"": [1, 2]}","{""preds"": [48.65, 51.35, 0.0], ""scorePred"": [1, 2]}",,"{""preds"": [55.98, 44.02, 0.0], ""scorePred"": [2, 1]}","{""preds"": [78.15, 21.85, 0.0], ""scorePred"": [1, 0]}","{""preds"": [54.75, 45.25, 0.0], ""scorePred"": [2, 1]}"
CH,"{""preds"": [69.33, 7.28, 23.39], ""scorePred"": [1, 0]}","{""preds"": [44.7, 31.48, 23.82], ""scorePred"": [2, 1]}","{""preds"": [39.9, 37.1, 23.0], ""scorePred"": [2, 1]}","{""preds"": [48.62, 27.43, 23.95], ""scorePred"": [1, 0]}","{""preds"": [37.21, 39.1, 23.69], ""scorePred"": [1, 2]}","{""preds"": [28.6, 50.61, 20.79], ""scorePred"": [1, 2]}","{""preds"": [21.83, 60.42, 17.75], ""scorePred"": [1, 2]}","{""preds"": [32.43, 45.9, 21.67], ""scorePred"": [1, 2]}","{""preds"": [18.51, 65.7, 15.79], ""scorePred"": [1, 2]}","{""preds"": [51.0, 24.45, 24.55], ""scorePred"": [1, 0]}","{""preds"": [36.05, 41.03, 22.92], ""scorePred"": [1, 2]}","{""preds"": [27.41, 52.13, 20.46], ""scorePred"": [1, 2]}","{""preds"": [40.87, 35.2, 23.93], ""scorePred"": [2, 1]}","{""preds"": [31.77, 46.05, 22.18], ""scorePred"": [1, 2]}","{""preds"": [56.85, 18.88, 24.27], ""scorePred"": [1, 0]}","{""preds"": [40.6, 35.43, 23.97], ""scorePred"": [2, 1]}","{""preds"": [28.49, 50.83, 20.68], ""scorePred"": [1, 2]}","{""preds"": [42.38, 34.0, 23.62], ""scorePred"": [2, 1]}","{""preds"": [52.15, 22.81, 25.04], ""scorePred"": [1, 0]}","{""preds"": [37.75, 39.69, 22.56], ""scorePred"": [1, 2]}","{""preds"": [38.9, 37.11, 23.99], ""scorePred"": [2, 1]}","{""preds"": [41.88, 34.4, 23.72], ""scorePred"": [2, 1]}","{""preds"": [30.77, 48.21, 21.02], ""scorePred"": [1, 2]}","{""preds"": [41.34, 34.06, 24.6], ""scorePred"": [2, 1]}","{""preds"": [38.37, 37.94, 23.69], ""scorePred"": [2, 1]}","{""preds"": [31.97, 46.18, 21.85], ""scorePred"": [1, 2]}","{""preds"": [22.77, 58.58, 18.65], ""scorePred"": [1, 2]}","{""preds"": [25.32, 54.85, 19.83], ""scorePred"": [1, 2]}","{""preds"": [33.9, 44.37, 21.73], ""scorePred"": [1, 2]}","{""preds"": [34.71, 42.43, 22.86], ""scorePred"": [1, 2]}",,"{""preds"": [54.85, 19.85, 25.3], ""scorePred"": [1, 0]}","{""preds"": [37.53, 39.49, 22.98], ""scorePred"": [1, 2]}","{""preds"": [90.85, 9.15, 0.0], ""scorePred"": [1, 0]}","{""preds"": [58.84, 41.16, 0.0], ""scorePred"": [2, 1]}","{""preds"": [52.58, 47.42, 0.0], ""scorePred"": [2, 1]}","{""preds"": [63.74, 36.26, 0.0], ""scorePred"": [1, 0]}","{""preds"": [49.57, 50.43, 0.0], ""scorePred"": [1, 2]}","{""preds"": [36.69, 63.31, 0.0], ""scorePred"": [1, 2]}","{""preds"": [25.89, 74.11, 0.0], ""scorePred"": [1, 2]}","{""preds"": [39.64, 60.36, 0.0], ""scorePred"": [1, 2]}","{""preds"": [22.83, 77.17, 0.0], ""scorePred"": [1, 3]}","{""preds"": [67.16, 32.84, 0.0], ""scorePred"": [1, 0]}","{""preds"": [46.22, 53.78, 0.0], ""scorePred"": [1, 2]}","{""preds"": [35.24, 64.76, 0.0], ""scorePred"": [1, 2]}","{""preds"": [54.53, 45.47, 0.0], ""scorePred"": [2, 1]}","{""preds"": [41.73, 58.27, 0.0], ""scorePred"": [1, 2]}","{""preds"": [75.24, 24.76, 0.0], ""scorePred"": [1, 0]}","{""preds"": [53.47, 46.53, 0.0], ""scorePred"": [2, 1]}","{""preds"": [36.85, 63.15, 0.0], ""scorePred"": [1, 2]}","{""preds"": [56.39, 43.61, 0.0], ""scorePred"": [2, 1]}","{""preds"": [69.08, 30.92, 0.0], ""scorePred"": [1, 0]}","{""preds"": [48.41, 51.59, 0.0], ""scorePred"": [1, 2]}","{""preds"": [52.02, 47.98, 0.0], ""scorePred"": [2, 1]}","{""preds"": [55.18, 44.82, 0.0], ""scorePred"": [2, 1]}","{""preds"": [37.83, 62.17, 0.0], ""scorePred"": [1, 2]}","{""preds"": [56.76, 43.24, 0.0], ""scorePred"": [2, 1]}","{""preds"": [50.72, 49.28, 0.0], ""scorePred"": [2, 1]}","{""preds"": [40.86, 59.14, 0.0], ""scorePred"": [1, 2]}","{""preds"": [27.5, 72.5, 0.0], ""scorePred"": [1, 2]}","{""preds"": [31.43, 68.57, 0.0], ""scorePred"": [1, 2]}","{""preds"": [43.7, 56.3, 0.0], ""scorePred"": [1, 2]}","{""preds"": [43.71, 56.29, 0.0], ""scorePred"": [1, 2]}",,"{""preds"": [72.7, 27.3, 0.0], ""scorePred"": [1, 0]}","{""preds"": [48.23, 51.77, 0.0], ""scorePred"": [1, 2]}"
TR,"{""preds"": [48.09, 13.29, 38.62], ""scorePred"": [1, 0]}","{""preds"": [25.3, 47.45, 27.25], ""scorePred"": [0, 1]}","{""preds"": [21.96, 52.62, 25.42], ""scorePred"": [0, 1]}","{""preds"": [28.55, 41.57, 29.88], ""scorePred"": [0, 1]}","{""preds"": [20.47, 55.36, 24.17], ""scorePred"": [0, 1]}","{""preds"": [14.56, 66.97, 18.47], ""scorePred"": [0, 2]}","{""preds"": [9.51, 76.39, 14.1], ""scorePred"": [0, 2]}","{""preds"": [16.04, 63.53, 20.43], ""scorePred"": [0, 1]}","{""preds"": [8.23, 79.03, 12.74], ""scorePred"": [0, 2]}","{""preds"": [31.8, 38.12, 30.08], ""scorePred"": [0, 1]}","{""preds"": [19.38, 57.65, 22.97], ""scorePred"": [0, 1]}","{""preds"": [14.17, 67.28, 18.55], ""scorePred"": [0, 2]}","{""preds"": [22.53, 51.87, 25.6], ""scorePred"": [0, 1]}","{""preds"": [16.04, 62.39, 21.57], ""scorePred"": [0, 2]}","{""preds"": [36.4, 29.48, 34.12], ""scorePred"": [1, 0]}","{""preds"": [23.09, 51.43, 25.48], ""scorePred"": [0, 1]}","{""preds"": [13.98, 66.72, 19.3], ""scorePred"": [0, 2]}","{""preds"": [23.95, 48.23, 27.82], ""scorePred"": [0, 1]}","{""preds"": [32.27, 36.2, 31.53], ""scorePred"": [0, 1]}","{""preds"": [20.11, 55.65, 24.24], ""scorePred"": [0, 1]}","{""preds"": [21.64, 53.26, 25.1], ""scorePred"": [0, 1]}","{""preds"": [22.88, 50.58, 26.54], ""scorePred"": [0, 1]}","{""preds"": [15.47, 64.99, 19.54], ""scorePred"": [0, 2]}","{""preds"": [23.51, 49.65, 26.84], ""scorePred"": [0, 1]}","{""preds"": [20.94, 53.51, 25.55], ""scorePred"": [0, 1]}","{""preds"": [16.36, 62.48, 21.16], ""scorePred"": [0, 1]}","{""preds"": [10.46, 73.71, 15.83], ""scorePred"": [0, 2]}","{""preds"": [11.83, 71.36, 16.81], ""scorePred"": [0, 2]}","{""preds"": [17.35, 60.51, 22.14], ""scorePred"": [0, 1]}","{""preds"": [17.54, 59.91, 22.55], ""scorePred"": [0, 1]}","{""preds"": [20.74, 54.64, 24.62], ""scorePred"": [0, 1]}",,"{""preds"": [20.53, 55.13, 24.34], ""scorePred"": [0, 1]}","{""preds"": [78.02, 21.98, 0.0], ""scorePred"": [1, 0]}","{""preds"": [34.44, 65.56, 0.0], ""scorePred"": [0, 1]}","{""preds"": [30.31, 69.69, 0.0], ""scorePred"": [0, 1]}","{""preds"": [40.24, 59.76, 0.0], ""scorePred"": [0, 1]}","{""preds"": [27.27, 72.73, 0.0], ""scorePred"": [0, 1]}","{""preds"": [17.67, 82.33, 0.0], ""scorePred"": [0, 2]}","{""preds"": [11.39, 88.61, 0.0], ""scorePred"": [0, 2]}","{""preds"": [20.34, 79.66, 0.0], ""scorePred"": [0, 2]}","{""preds"": [9.35, 90.65, 0.0], ""scorePred"": [0, 2]}","{""preds"": [44.38, 55.62, 0.0], ""scorePred"": [0, 1]}","{""preds"": [24.25, 75.75, 0.0], ""scorePred"": [0, 1]}","{""preds"": [16.9, 83.1, 0.0], ""scorePred"": [0, 2]}","{""preds"": [31.03, 68.97, 0.0], ""scorePred"": [0, 1]}","{""preds"": [20.53, 79.47, 0.0], ""scorePred"": [0, 2]}","{""preds"": [55.08, 44.92, 0.0], ""scorePred"": [1, 0]}","{""preds"": [30.34, 69.66, 0.0], ""scorePred"": [0, 1]}","{""preds"": [17.5, 82.5, 0.0], ""scorePred"": [0, 2]}","{""preds"": [33.71, 66.29, 0.0], ""scorePred"": [0, 1]}","{""preds"": [45.9, 54.1, 0.0], ""scorePred"": [0, 1]}","{""preds"": [25.97, 74.03, 0.0], ""scorePred"": [0, 1]}","{""preds"": [28.98, 71.02, 0.0], ""scorePred"": [0, 1]}","{""preds"": [31.4, 68.6, 0.0], ""scorePred"": [0, 1]}","{""preds"": [19.06, 80.94, 0.0], ""scorePred"": [0, 2]}","{""preds"": [32.43, 67.57, 0.0], ""scorePred"": [0, 1]}","{""preds"": [27.85, 72.15, 0.0], ""scorePred"": [0, 1]}","{""preds"": [21.12, 78.88, 0.0], ""scorePred"": [0, 1]}","{""preds"": [12.12, 87.88, 0.0], ""scorePred"": [0, 2]}","{""preds"": [15.55, 84.45, 0.0], ""scorePred"": [0, 2]}","{""preds"": [22.28, 77.72, 0.0], ""scorePred"": [0, 1]}","{""preds"": [22.89, 77.11, 0.0], ""scorePred"": [0, 1]}","{""preds"": [27.83, 72.17, 0.0], ""scorePred"": [0, 1]}",,"{""preds"": [26.52, 73.48, 0.0], ""scorePred"": [0, 1]}"
GB-WLS,"{""preds"": [70.67, 6.93, 22.4], ""scorePred"": [1, 0]}","{""preds"": [44.97, 30.33, 24.7], ""scorePred"": [2, 1]}","{""preds"": [41.93, 34.68, 23.39], ""scorePred"": [2, 1]}","{""preds"": [49.42, 27.07, 23.51], ""scorePred"": [1, 0]}","{""preds"": [38.55, 38.94, 22.51], ""scorePred"": [1, 2]}","{""preds"": [29.28, 49.72, 21.0], ""scorePred"": [1, 2]}","{""preds"": [22.01, 60.75, 17.24], ""scorePred"": [1, 2]}","{""preds"": [33.05, 46.48, 20.47], ""scorePred"": [1, 2]}","{""preds"": [19.45, 64.01, 16.54], ""scorePred"": [1, 2]}","{""preds"": [51.77, 23.39, 24.84], ""scorePred"": [1, 0]}","{""preds"": [36.98, 40.74, 22.28], ""scorePred"": [1, 2]}","{""preds"": [29.13, 50.03, 20.84], ""scorePred"": [1, 2]}","{""preds"": [42.12, 34.19, 23.69], ""scorePred"": [2, 1]}","{""preds"": [33.2, 44.83, 21.97], ""scorePred"": [1, 2]}","{""preds"": [58.66, 17.24, 24.1], ""scorePred"": [1, 0]}","{""preds"": [41.95, 35.04, 23.01], ""scorePred"": [2, 1]}","{""preds"": [30.49, 49.01, 20.5], ""scorePred"": [1, 2]}","{""preds"": [44.03, 31.62, 24.35], ""scorePred"": [2, 1]}","{""preds"": [53.52, 22.69, 23.79], ""scorePred"": [1, 0]}","{""preds"": [38.91, 38.03, 23.06], ""scorePred"": [2, 1]}","{""preds"": [41.69, 34.98, 23.33], ""scorePred"": [2, 1]}","{""preds"": [42.91, 34.06, 23.03], ""scorePred"": [2, 1]}","{""preds"": [32.03, 47.63, 20.34], ""scorePred"": [1, 2]}","{""preds"": [44.34, 32.68, 22.98], ""scorePred"": [2, 1]}","{""preds"": [39.23, 36.93, 23.84], ""scorePred"": [2, 1]}","{""preds"": [33.15, 45.07, 21.78], ""scorePred"": [1, 2]}","{""preds"": [23.78, 57.54, 18.68], ""scorePred"": [1, 2]}","{""preds"": [26.96, 53.11, 19.93], ""scorePred"": [1, 2]}","{""preds"": [34.41, 43.9, 21.69], ""scorePred"": [1, 2]}","{""preds"": [35.28, 42.26, 22.46], ""scorePred"": [1, 2]}","{""preds"": [40.22, 36.55, 23.23], ""scorePred"": [2, 1]}","{""preds"": [55.64, 20.05, 24.31], ""scorePred"": [1, 0]}",,"{""preds"": [91.07, 8.93, 0.0], ""scorePred"": [1, 0]}","{""preds"": [60.05, 39.95, 0.0], ""scorePred"": [2, 1]}","{""preds"": [53.86, 46.14, 0.0], ""scorePred"": [2, 1]}","{""preds"": [64.52, 35.48, 0.0], ""scorePred"": [2, 1]}","{""preds"": [49.72, 50.28, 0.0], ""scorePred"": [1, 2]}","{""preds"": [37.41, 62.59, 0.0], ""scorePred"": [1, 2]}","{""preds"": [26.83, 73.17, 0.0], ""scorePred"": [1, 2]}","{""preds"": [42.28, 57.72, 0.0], ""scorePred"": [1, 2]}","{""preds"": [24.03, 75.97, 0.0], ""scorePred"": [1, 2]}","{""preds"": [68.68, 31.32, 0.0], ""scorePred"": [1, 0]}","{""preds"": [47.4, 52.6, 0.0], ""scorePred"": [1, 2]}","{""preds"": [37.65, 62.35, 0.0], ""scorePred"": [1, 2]}","{""preds"": [54.65, 45.35, 0.0], ""scorePred"": [2, 1]}","{""preds"": [43.06, 56.94, 0.0], ""scorePred"": [1, 2]}","{""preds"": [77.08, 22.92, 0.0], ""scorePred"": [1, 0]}","{""preds"": [53.89, 46.11, 0.0], ""scorePred"": [2, 1]}","{""preds"": [38.27, 61.73, 0.0], ""scorePred"": [1, 2]}","{""preds"": [57.32, 42.68, 0.0], ""scorePred"": [2, 1]}","{""preds"": [71.13, 28.87, 0.0], ""scorePred"": [1, 0]}","{""preds"": [50.29, 49.71, 0.0], ""scorePred"": [2, 1]}","{""preds"": [54.49, 45.51, 0.0], ""scorePred"": [2, 1]}","{""preds"": [54.82, 45.18, 0.0], ""scorePred"": [2, 1]}","{""preds"": [40.12, 59.88, 0.0], ""scorePred"": [1, 2]}","{""preds"": [57.81, 42.19, 0.0], ""scorePred"": [2, 1]}","{""preds"": [52.21, 47.79, 0.0], ""scorePred"": [2, 1]}","{""preds"": [42.55, 57.45, 0.0], ""scorePred"": [1, 2]}","{""preds"": [28.44, 71.56, 0.0], ""scorePred"": [1, 2]}","{""preds"": [33.39, 66.61, 0.0], ""scorePred"": [1, 2]}","{""preds"": [44.43, 55.57, 0.0], ""scorePred"": [1, 2]}","{""preds"": [44.73, 55.27, 0.0], ""scorePred"": [1, 2]}","{""preds"": [52.09, 47.91, 0.0], ""scorePred"": [2, 1]}","{""preds"": [73.82, 26.18, 0.0], ""scorePred"": [1, 0]}",
