home_team,Albania_1,Austria_1,Belgium_1,Bulgaria_1,Cyprus_1,Czechia_1,Denmark_1,East Germany_1,England_1,Finland_1,France_1,Germany_1,Greece_1,Hungary_1,Iceland_1,Ireland_1,Italy_1,Luxembourg_1,Malta_1,Netherlands_1,Northern Ireland_1,Norway_1,Poland_1,Portugal_1,Romania_1,Russia_1,Scotland_1,Serbia_1,Spain_1,Sweden_1,Switzerland_1,Turkey_1,Wales_1,Albania_0,Austria_0,Belgium_0,Bulgaria_0,Cyprus_0,Czechia_0,Denmark_0,East Germany_0,England_0,Finland_0,France_0,Germany_0,Greece_0,Hungary_0,Iceland_0,Ireland_0,Italy_0,Luxembourg_0,Malta_0,Netherlands_0,Northern Ireland_0,Norway_0,Poland_0,Portugal_0,Romania_0,Russia_0,Scotland_0,Serbia_0,Spain_0,Sweden_0,Switzerland_0,Turkey_0,Wales_0
Albania,,"{""preds"": [65.57, 18.3, 16.13], ""scorePred"": [3, 1]}","{""preds"": [72.57, 13.13, 14.3], ""scorePred"": [2, 1]}","{""preds"": [75.75, 10.7, 13.55], ""scorePred"": [2, 1]}","{""preds"": [86.48, 3.59, 9.93], ""scorePred"": [3, 0]}","{""preds"": [64.66, 19.2, 16.14], ""scorePred"": [3, 1]}","{""preds"": [64.48, 19.32, 16.2], ""scorePred"": [2, 1]}","{""preds"": [64.1, 19.02, 16.88], ""scorePred"": [2, 1]}","{""preds"": [30.67, 51.92, 17.41], ""scorePred"": [1, 2]}","{""preds"": [77.87, 9.41, 12.72], ""scorePred"": [2, 0]}","{""preds"": [60.61, 22.17, 17.22], ""scorePred"": [3, 1]}","{""preds"": [26.57, 58.48, 14.95], ""scorePred"": [1, 3]}","{""preds"": [77.61, 9.4, 12.99], ""scorePred"": [3, 0]}","{""preds"": [64.48, 18.56, 16.96], ""scorePred"": [3, 1]}","{""preds"": [83.66, 5.93, 10.41], ""scorePred"": [3, 0]}","{""preds"": [72.78, 12.19, 15.03], ""scorePred"": [2, 1]}","{""preds"": [31.76, 51.09, 17.15], ""scorePred"": [1, 2]}","{""preds"": [87.17, 3.59, 9.24], ""scorePred"": [3, 0]}","{""preds"": [89.39, 2.52, 8.09], ""scorePred"": [2, 0]}","{""preds"": [61.06, 22.5, 16.44], ""scorePred"": [3, 1]}","{""preds"": [83.27, 5.56, 11.17], ""scorePred"": [2, 0]}","{""preds"": [83.84, 5.4, 10.76], ""scorePred"": [2, 0]}","{""preds"": [66.27, 17.66, 16.07], ""scorePred"": [2, 1]}","{""preds"": [69.56, 15.29, 15.15], ""scorePred"": [2, 1]}","{""preds"": [68.37, 16.37, 15.26], ""scorePred"": [2, 1]}","{""preds"": [59.57, 23.43, 17.0], ""scorePred"": [2, 1]}","{""preds"": [67.82, 16.61, 15.57], ""scorePred"": [2, 1]}","{""preds"": [66.4, 18.37, 15.23], ""scorePred"": [2, 1]}","{""preds"": [73.94, 11.68, 14.38], ""scorePred"": [3, 1]}","{""preds"": [71.15, 14.02, 14.83], ""scorePred"": [3, 1]}","{""preds"": [80.45, 7.44, 12.11], ""scorePred"": [2, 0]}","{""preds"": [77.2, 9.43, 13.37], ""scorePred"": [2, 1]}","{""preds"": [75.58, 11.12, 13.3], ""scorePred"": [3, 1]}",,"{""preds"": [77.3, 22.7, 0.0], ""scorePred"": [3, 1]}","{""preds"": [84.28, 15.72, 0.0], ""scorePred"": [3, 1]}","{""preds"": [88.14, 11.86, 0.0], ""scorePred"": [3, 1]}","{""preds"": [96.1, 3.9, 0.0], ""scorePred"": [2, 0]}","{""preds"": [77.15, 22.85, 0.0], ""scorePred"": [2, 1]}","{""preds"": [77.16, 22.84, 0.0], ""scorePred"": [2, 1]}","{""preds"": [76.03, 23.97, 0.0], ""scorePred"": [3, 1]}","{""preds"": [38.35, 61.65, 0.0], ""scorePred"": [1, 2]}","{""preds"": [89.16, 10.84, 0.0], ""scorePred"": [2, 1]}","{""preds"": [73.39, 26.61, 0.0], ""scorePred"": [2, 1]}","{""preds"": [30.65, 69.35, 0.0], ""scorePred"": [2, 3]}","{""preds"": [89.67, 10.33, 0.0], ""scorePred"": [3, 0]}","{""preds"": [78.07, 21.93, 0.0], ""scorePred"": [3, 1]}","{""preds"": [93.31, 6.69, 0.0], ""scorePred"": [2, 0]}","{""preds"": [86.09, 13.91, 0.0], ""scorePred"": [3, 1]}","{""preds"": [39.56, 60.44, 0.0], ""scorePred"": [1, 2]}","{""preds"": [95.9, 4.1, 0.0], ""scorePred"": [2, 0]}","{""preds"": [97.88, 2.12, 0.0], ""scorePred"": [3, 0]}","{""preds"": [72.53, 27.47, 0.0], ""scorePred"": [3, 1]}","{""preds"": [92.96, 7.04, 0.0], ""scorePred"": [3, 0]}","{""preds"": [94.68, 5.32, 0.0], ""scorePred"": [2, 0]}","{""preds"": [79.5, 20.5, 0.0], ""scorePred"": [3, 1]}","{""preds"": [82.66, 17.34, 0.0], ""scorePred"": [2, 1]}","{""preds"": [81.36, 18.64, 0.0], ""scorePred"": [3, 1]}","{""preds"": [70.97, 29.03, 0.0], ""scorePred"": [3, 2]}","{""preds"": [80.05, 19.95, 0.0], ""scorePred"": [2, 1]}","{""preds"": [78.4, 21.6, 0.0], ""scorePred"": [3, 1]}","{""preds"": [85.88, 14.12, 0.0], ""scorePred"": [2, 1]}","{""preds"": [82.6, 17.4, 0.0], ""scorePred"": [2, 1]}","{""preds"": [91.28, 8.72, 0.0], ""scorePred"": [3, 0]}","{""preds"": [89.02, 10.98, 0.0], ""scorePred"": [3, 1]}","{""preds"": [86.7, 13.3, 0.0], ""scorePred"": [2, 1]}"
Austria,"{""preds"": [18.22, 65.36, 16.42], ""scorePred"": [1, 3]}",,"{""preds"": [45.13, 30.37, 24.5], ""scorePred"": [2, 1]}","{""preds"": [49.03, 25.33, 25.64], ""scorePred"": [1, 0]}","{""preds"": [37.45, 60.74, 1.81], ""scorePred"": [2, 10]}","{""preds"": [37.28, 39.05, 23.67], ""scorePred"": [1, 2]}","{""preds"": [36.76, 40.43, 22.81], ""scorePred"": [1, 2]}","{""preds"": [36.57, 41.12, 22.31], ""scorePred"": [1, 2]}","{""preds"": [34.98, 42.75, 22.27], ""scorePred"": [1, 2]}","{""preds"": [51.47, 23.61, 24.92], ""scorePred"": [1, 0]}","{""preds"": [33.43, 44.84, 21.73], ""scorePred"": [1, 2]}","{""preds"": [27.33, 52.75, 19.92], ""scorePred"": [1, 2]}","{""preds"": [51.9, 22.75, 25.35], ""scorePred"": [1, 0]}","{""preds"": [38.07, 38.24, 23.69], ""scorePred"": [1, 2]}","{""preds"": [58.89, 15.97, 25.14], ""scorePred"": [1, 0]}","{""preds"": [45.95, 29.91, 24.14], ""scorePred"": [2, 1]}","{""preds"": [35.18, 41.71, 23.11], ""scorePred"": [1, 2]}","{""preds"": [37.1, 60.98, 1.92], ""scorePred"": [2, 9]}","{""preds"": [27.51, 71.34, 1.15], ""scorePred"": [2, 8]}","{""preds"": [33.15, 43.67, 23.18], ""scorePred"": [1, 2]}","{""preds"": [59.12, 16.2, 24.68], ""scorePred"": [1, 0]}","{""preds"": [61.12, 14.9, 23.98], ""scorePred"": [1, 0]}","{""preds"": [40.17, 36.2, 23.63], ""scorePred"": [2, 1]}","{""preds"": [42.08, 33.09, 24.83], ""scorePred"": [2, 1]}","{""preds"": [42.18, 34.28, 23.54], ""scorePred"": [2, 1]}","{""preds"": [32.33, 45.76, 21.91], ""scorePred"": [1, 2]}","{""preds"": [39.62, 36.83, 23.55], ""scorePred"": [2, 1]}","{""preds"": [38.68, 37.84, 23.48], ""scorePred"": [2, 1]}","{""preds"": [45.97, 29.37, 24.66], ""scorePred"": [1, 0]}","{""preds"": [44.38, 31.06, 24.56], ""scorePred"": [2, 1]}","{""preds"": [55.21, 19.58, 25.21], ""scorePred"": [1, 0]}","{""preds"": [51.02, 24.6, 24.38], ""scorePred"": [1, 0]}","{""preds"": [48.81, 26.56, 24.63], ""scorePred"": [1, 0]}","{""preds"": [21.7, 78.3, 0.0], ""scorePred"": [1, 3]}",,"{""preds"": [60.12, 39.88, 0.0], ""scorePred"": [1, 0]}","{""preds"": [65.97, 34.03, 0.0], ""scorePred"": [1, 0]}","{""preds"": [37.44, 62.56, 0.0], ""scorePred"": [2, 9]}","{""preds"": [48.8, 51.2, 0.0], ""scorePred"": [1, 2]}","{""preds"": [47.71, 52.29, 0.0], ""scorePred"": [1, 2]}","{""preds"": [46.6, 53.4, 0.0], ""scorePred"": [1, 2]}","{""preds"": [44.56, 55.44, 0.0], ""scorePred"": [1, 2]}","{""preds"": [68.09, 31.91, 0.0], ""scorePred"": [1, 0]}","{""preds"": [44.06, 55.94, 0.0], ""scorePred"": [1, 2]}","{""preds"": [33.68, 66.32, 0.0], ""scorePred"": [1, 2]}","{""preds"": [69.35, 30.65, 0.0], ""scorePred"": [1, 0]}","{""preds"": [48.99, 51.01, 0.0], ""scorePred"": [1, 2]}","{""preds"": [78.55, 21.45, 0.0], ""scorePred"": [1, 0]}","{""preds"": [61.48, 38.52, 0.0], ""scorePred"": [1, 0]}","{""preds"": [45.26, 54.74, 0.0], ""scorePred"": [1, 2]}","{""preds"": [37.9, 62.1, 0.0], ""scorePred"": [2, 8]}","{""preds"": [27.19, 72.81, 0.0], ""scorePred"": [2, 9]}","{""preds"": [42.75, 57.25, 0.0], ""scorePred"": [1, 2]}","{""preds"": [77.64, 22.36, 0.0], ""scorePred"": [1, 0]}","{""preds"": [80.73, 19.27, 0.0], ""scorePred"": [1, 0]}","{""preds"": [51.93, 48.07, 0.0], ""scorePred"": [2, 1]}","{""preds"": [55.95, 44.05, 0.0], ""scorePred"": [2, 1]}","{""preds"": [53.52, 46.48, 0.0], ""scorePred"": [2, 1]}","{""preds"": [39.88, 60.12, 0.0], ""scorePred"": [1, 2]}","{""preds"": [52.31, 47.69, 0.0], ""scorePred"": [2, 1]}","{""preds"": [49.61, 50.39, 0.0], ""scorePred"": [1, 2]}","{""preds"": [61.89, 38.11, 0.0], ""scorePred"": [2, 1]}","{""preds"": [57.62, 42.38, 0.0], ""scorePred"": [2, 1]}","{""preds"": [73.03, 26.97, 0.0], ""scorePred"": [1, 0]}","{""preds"": [67.23, 32.77, 0.0], ""scorePred"": [1, 0]}","{""preds"": [65.21, 34.79, 0.0], ""scorePred"": [1, 0]}"
Belgium,"{""preds"": [13.11, 72.52, 14.37], ""scorePred"": [1, 3]}","{""preds"": [29.88, 45.02, 25.1], ""scorePred"": [0, 1]}",,"{""preds"": [40.66, 31.35, 27.99], ""scorePred"": [1, 0]}","{""preds"": [36.19, 61.39, 2.42], ""scorePred"": [2, 8]}","{""preds"": [28.55, 46.89, 24.56], ""scorePred"": [1, 2]}","{""preds"": [29.88, 46.11, 24.01], ""scorePred"": [1, 2]}","{""preds"": [27.69, 48.9, 23.41], ""scorePred"": [1, 2]}","{""preds"": [27.18, 49.01, 23.81], ""scorePred"": [1, 2]}","{""preds"": [51.92, 40.29, 7.79], ""scorePred"": [2, 0]}","{""preds"": [25.8, 51.21, 22.99], ""scorePred"": [1, 2]}","{""preds"": [20.7, 59.08, 20.22], ""scorePred"": [1, 2]}","{""preds"": [42.88, 28.31, 28.81], ""scorePred"": [1, 0]}","{""preds"": [29.49, 45.92, 24.59], ""scorePred"": [1, 2]}","{""preds"": [44.34, 50.79, 4.87], ""scorePred"": [2, 8]}","{""preds"": [38.26, 34.01, 27.73], ""scorePred"": [1, 0]}","{""preds"": [29.2, 47.43, 23.37], ""scorePred"": [1, 2]}","{""preds"": [36.12, 61.11, 2.77], ""scorePred"": [2, 9]}","{""preds"": [27.72, 70.91, 1.37], ""scorePred"": [2, 8]}","{""preds"": [26.35, 51.02, 22.63], ""scorePred"": [1, 2]}","{""preds"": [50.1, 20.99, 28.91], ""scorePred"": [1, 0]}","{""preds"": [51.57, 18.58, 29.85], ""scorePred"": [1, 0]}","{""preds"": [31.72, 42.88, 25.4], ""scorePred"": [0, 1]}","{""preds"": [34.56, 40.2, 25.24], ""scorePred"": [0, 1]}","{""preds"": [32.85, 42.37, 24.78], ""scorePred"": [0, 1]}","{""preds"": [23.98, 54.12, 21.9], ""scorePred"": [1, 2]}","{""preds"": [33.67, 42.41, 23.92], ""scorePred"": [0, 1]}","{""preds"": [29.2, 46.06, 24.74], ""scorePred"": [0, 1]}","{""preds"": [38.28, 34.59, 27.13], ""scorePred"": [1, 0]}","{""preds"": [35.59, 38.33, 26.08], ""scorePred"": [0, 1]}","{""preds"": [46.82, 25.11, 28.07], ""scorePred"": [1, 0]}","{""preds"": [41.16, 30.4, 28.44], ""scorePred"": [1, 0]}","{""preds"": [39.9, 32.35, 27.75], ""scorePred"": [1, 0]}","{""preds"": [15.76, 84.24, 0.0], ""scorePred"": [1, 2]}","{""preds"": [40.46, 59.54, 0.0], ""scorePred"": [1, 2]}",,"{""preds"": [56.5, 43.5, 0.0], ""scorePred"": [1, 0]}","{""preds"": [37.69, 62.31, 0.0], ""scorePred"": [2, 8]}","{""preds"": [38.51, 61.49, 0.0], ""scorePred"": [1, 2]}","{""preds"": [37.77, 62.23, 0.0], ""scorePred"": [1, 2]}","{""preds"": [37.01, 62.99, 0.0], ""scorePred"": [1, 2]}","{""preds"": [36.06, 63.94, 0.0], ""scorePred"": [1, 2]}","{""preds"": [56.58, 43.42, 0.0], ""scorePred"": [2, 0]}","{""preds"": [32.33, 67.67, 0.0], ""scorePred"": [1, 2]}","{""preds"": [25.8, 74.2, 0.0], ""scorePred"": [1, 2]}","{""preds"": [60.26, 39.74, 0.0], ""scorePred"": [1, 0]}","{""preds"": [38.93, 61.07, 0.0], ""scorePred"": [0, 1]}","{""preds"": [47.81, 52.19, 0.0], ""scorePred"": [2, 8]}","{""preds"": [52.8, 47.2, 0.0], ""scorePred"": [1, 0]}","{""preds"": [37.04, 62.96, 0.0], ""scorePred"": [1, 2]}","{""preds"": [37.43, 62.57, 0.0], ""scorePred"": [2, 9]}","{""preds"": [27.52, 72.48, 0.0], ""scorePred"": [2, 8]}","{""preds"": [32.35, 67.65, 0.0], ""scorePred"": [1, 2]}","{""preds"": [70.67, 29.33, 0.0], ""scorePred"": [1, 0]}","{""preds"": [72.81, 27.19, 0.0], ""scorePred"": [1, 0]}","{""preds"": [42.78, 57.22, 0.0], ""scorePred"": [0, 1]}","{""preds"": [46.81, 53.19, 0.0], ""scorePred"": [0, 1]}","{""preds"": [44.67, 55.33, 0.0], ""scorePred"": [0, 1]}","{""preds"": [31.61, 68.39, 0.0], ""scorePred"": [1, 2]}","{""preds"": [43.07, 56.93, 0.0], ""scorePred"": [0, 1]}","{""preds"": [39.22, 60.78, 0.0], ""scorePred"": [1, 2]}","{""preds"": [53.31, 46.69, 0.0], ""scorePred"": [1, 0]}","{""preds"": [48.22, 51.78, 0.0], ""scorePred"": [0, 1]}","{""preds"": [65.08, 34.92, 0.0], ""scorePred"": [1, 0]}","{""preds"": [57.94, 42.06, 0.0], ""scorePred"": [1, 0]}","{""preds"": [54.98, 45.02, 0.0], ""scorePred"": [1, 0]}"
Bulgaria,"{""preds"": [10.72, 75.63, 13.65], ""scorePred"": [1, 2]}","{""preds"": [25.96, 49.41, 24.63], ""scorePred"": [0, 1]}","{""preds"": [31.98, 40.51, 27.51], ""scorePred"": [0, 1]}",,"{""preds"": [49.71, 17.19, 33.1], ""scorePred"": [1, 0]}","{""preds"": [24.81, 50.44, 24.75], ""scorePred"": [0, 1]}","{""preds"": [24.4, 50.63, 24.97], ""scorePred"": [0, 1]}","{""preds"": [23.67, 52.75, 23.58], ""scorePred"": [0, 1]}","{""preds"": [23.03, 53.89, 23.08], ""scorePred"": [0, 1]}","{""preds"": [36.85, 32.98, 30.17], ""scorePred"": [1, 0]}","{""preds"": [21.79, 54.83, 23.38], ""scorePred"": [0, 1]}","{""preds"": [16.95, 63.82, 19.23], ""scorePred"": [1, 2]}","{""preds"": [37.23, 32.01, 30.76], ""scorePred"": [1, 0]}","{""preds"": [25.81, 49.73, 24.46], ""scorePred"": [0, 1]}","{""preds"": [44.75, 23.1, 32.15], ""scorePred"": [1, 0]}","{""preds"": [32.18, 38.45, 29.37], ""scorePred"": [0, 1]}","{""preds"": [23.75, 52.27, 23.98], ""scorePred"": [0, 1]}","{""preds"": [50.31, 16.38, 33.31], ""scorePred"": [1, 0]}","{""preds"": [54.74, 11.78, 33.48], ""scorePred"": [1, 0]}","{""preds"": [22.11, 55.84, 22.05], ""scorePred"": [1, 2]}","{""preds"": [44.03, 23.96, 32.01], ""scorePred"": [1, 0]}","{""preds"": [44.35, 22.38, 33.27], ""scorePred"": [1, 0]}","{""preds"": [26.95, 47.7, 25.35], ""scorePred"": [0, 1]}","{""preds"": [29.1, 44.01, 26.89], ""scorePred"": [0, 1]}","{""preds"": [28.34, 45.39, 26.27], ""scorePred"": [0, 1]}","{""preds"": [20.29, 57.49, 22.22], ""scorePred"": [0, 1]}","{""preds"": [26.95, 47.23, 25.82], ""scorePred"": [0, 1]}","{""preds"": [24.99, 49.92, 25.09], ""scorePred"": [0, 1]}","{""preds"": [33.32, 38.04, 28.64], ""scorePred"": [0, 1]}","{""preds"": [30.24, 42.45, 27.31], ""scorePred"": [0, 1]}","{""preds"": [41.14, 28.85, 30.01], ""scorePred"": [1, 0]}","{""preds"": [36.15, 34.24, 29.61], ""scorePred"": [1, 0]}","{""preds"": [34.7, 36.25, 29.05], ""scorePred"": [0, 1]}","{""preds"": [12.37, 87.63, 0.0], ""scorePred"": [1, 2]}","{""preds"": [34.22, 65.78, 0.0], ""scorePred"": [0, 1]}","{""preds"": [43.03, 56.97, 0.0], ""scorePred"": [0, 1]}",,"{""preds"": [74.54, 25.46, 0.0], ""scorePred"": [1, 0]}","{""preds"": [33.09, 66.91, 0.0], ""scorePred"": [0, 1]}","{""preds"": [33.11, 66.89, 0.0], ""scorePred"": [0, 1]}","{""preds"": [31.18, 68.82, 0.0], ""scorePred"": [0, 1]}","{""preds"": [30.53, 69.47, 0.0], ""scorePred"": [0, 1]}","{""preds"": [53.56, 46.44, 0.0], ""scorePred"": [1, 0]}","{""preds"": [27.44, 72.56, 0.0], ""scorePred"": [1, 2]}","{""preds"": [20.62, 79.38, 0.0], ""scorePred"": [1, 2]}","{""preds"": [54.07, 45.93, 0.0], ""scorePred"": [1, 0]}","{""preds"": [34.68, 65.32, 0.0], ""scorePred"": [0, 1]}","{""preds"": [65.05, 34.95, 0.0], ""scorePred"": [1, 0]}","{""preds"": [45.95, 54.05, 0.0], ""scorePred"": [0, 1]}","{""preds"": [30.67, 69.33, 0.0], ""scorePred"": [0, 1]}","{""preds"": [74.63, 25.37, 0.0], ""scorePred"": [1, 0]}","{""preds"": [82.39, 17.61, 0.0], ""scorePred"": [1, 0]}","{""preds"": [27.7, 72.3, 0.0], ""scorePred"": [0, 1]}","{""preds"": [64.93, 35.07, 0.0], ""scorePred"": [1, 0]}","{""preds"": [66.66, 33.34, 0.0], ""scorePred"": [1, 0]}","{""preds"": [35.09, 64.91, 0.0], ""scorePred"": [0, 1]}","{""preds"": [40.73, 59.27, 0.0], ""scorePred"": [0, 1]}","{""preds"": [39.21, 60.79, 0.0], ""scorePred"": [0, 1]}","{""preds"": [26.54, 73.46, 0.0], ""scorePred"": [1, 2]}","{""preds"": [37.48, 62.52, 0.0], ""scorePred"": [0, 1]}","{""preds"": [34.72, 65.28, 0.0], ""scorePred"": [0, 1]}","{""preds"": [46.24, 53.76, 0.0], ""scorePred"": [0, 1]}","{""preds"": [42.67, 57.33, 0.0], ""scorePred"": [0, 1]}","{""preds"": [58.77, 41.23, 0.0], ""scorePred"": [1, 0]}","{""preds"": [51.53, 48.47, 0.0], ""scorePred"": [1, 0]}","{""preds"": [49.16, 50.84, 0.0], ""scorePred"": [0, 1]}"
Cyprus,"{""preds"": [3.58, 87.12, 9.3], ""scorePred"": [0, 2]}","{""preds"": [60.75, 37.13, 2.12], ""scorePred"": [9, 2]}","{""preds"": [60.67, 36.48, 2.85], ""scorePred"": [9, 2]}","{""preds"": [16.53, 49.55, 33.92], ""scorePred"": [0, 1]}",,"{""preds"": [61.63, 36.43, 1.94], ""scorePred"": [8, 2]}","{""preds"": [10.63, 65.91, 23.46], ""scorePred"": [0, 1]}","{""preds"": [60.51, 37.83, 1.66], ""scorePred"": [10, 2]}","{""preds"": [61.18, 36.98, 1.84], ""scorePred"": [10, 2]}","{""preds"": [18.11, 46.9, 34.99], ""scorePred"": [0, 1]}","{""preds"": [61.08, 37.36, 1.56], ""scorePred"": [10, 2]}","{""preds"": [61.76, 37.01, 1.23], ""scorePred"": [11, 3]}","{""preds"": [18.46, 45.71, 35.83], ""scorePred"": [0, 1]}","{""preds"": [10.96, 65.02, 24.02], ""scorePred"": [0, 1]}","{""preds"": [22.87, 36.35, 40.78], ""scorePred"": [0, 0]}","{""preds"": [15.32, 53.33, 31.35], ""scorePred"": [0, 1]}","{""preds"": [60.82, 37.35, 1.83], ""scorePred"": [10, 2]}","{""preds"": [26.56, 26.56, 46.88], ""scorePred"": [0, 0]}","{""preds"": [30.25, 18.02, 51.73], ""scorePred"": [0, 0]}","{""preds"": [60.97, 37.51, 1.52], ""scorePred"": [10, 2]}","{""preds"": [60.93, 34.37, 4.7], ""scorePred"": [6, 1]}","{""preds"": [23.55, 33.12, 43.33], ""scorePred"": [0, 0]}","{""preds"": [60.79, 36.87, 2.34], ""scorePred"": [9, 2]}","{""preds"": [61.77, 35.95, 2.28], ""scorePred"": [9, 2]}","{""preds"": [60.54, 37.33, 2.13], ""scorePred"": [9, 2]}","{""preds"": [60.77, 37.71, 1.52], ""scorePred"": [10, 2]}","{""preds"": [60.63, 37.18, 2.19], ""scorePred"": [8, 2]}","{""preds"": [61.52, 36.56, 1.92], ""scorePred"": [9, 2]}","{""preds"": [61.26, 35.56, 3.18], ""scorePred"": [8, 2]}","{""preds"": [14.11, 57.47, 28.42], ""scorePred"": [0, 1]}","{""preds"": [20.78, 40.98, 38.24], ""scorePred"": [0, 1]}","{""preds"": [17.95, 48.6, 33.45], ""scorePred"": [0, 1]}","{""preds"": [62.16, 34.81, 3.03], ""scorePred"": [8, 2]}","{""preds"": [3.87, 96.13, 0.0], ""scorePred"": [0, 2]}","{""preds"": [62.67, 37.33, 0.0], ""scorePred"": [9, 2]}","{""preds"": [62.95, 37.05, 0.0], ""scorePred"": [8, 2]}","{""preds"": [25.15, 74.85, 0.0], ""scorePred"": [0, 1]}",,"{""preds"": [62.18, 37.82, 0.0], ""scorePred"": [9, 2]}","{""preds"": [14.09, 85.91, 0.0], ""scorePred"": [0, 1]}","{""preds"": [62.5, 37.5, 0.0], ""scorePred"": [9, 2]}","{""preds"": [62.09, 37.91, 0.0], ""scorePred"": [9, 2]}","{""preds"": [28.28, 71.72, 0.0], ""scorePred"": [0, 1]}","{""preds"": [62.01, 37.99, 0.0], ""scorePred"": [10, 2]}","{""preds"": [61.44, 38.56, 0.0], ""scorePred"": [11, 3]}","{""preds"": [28.95, 71.05, 0.0], ""scorePred"": [0, 1]}","{""preds"": [14.71, 85.29, 0.0], ""scorePred"": [0, 1]}","{""preds"": [38.79, 61.21, 0.0], ""scorePred"": [0, 1]}","{""preds"": [22.53, 77.47, 0.0], ""scorePred"": [0, 1]}","{""preds"": [61.61, 38.39, 0.0], ""scorePred"": [9, 2]}","{""preds"": [50.51, 49.49, 0.0], ""scorePred"": [1, 0]}","{""preds"": [62.62, 37.38, 0.0], ""scorePred"": [1, 0]}","{""preds"": [62.2, 37.8, 0.0], ""scorePred"": [10, 2]}","{""preds"": [64.49, 35.51, 0.0], ""scorePred"": [7, 1]}","{""preds"": [41.25, 58.75, 0.0], ""scorePred"": [0, 1]}","{""preds"": [61.94, 38.06, 0.0], ""scorePred"": [9, 2]}","{""preds"": [62.52, 37.48, 0.0], ""scorePred"": [8, 2]}","{""preds"": [62.88, 37.12, 0.0], ""scorePred"": [9, 2]}","{""preds"": [62.11, 37.89, 0.0], ""scorePred"": [9, 2]}","{""preds"": [62.39, 37.61, 0.0], ""scorePred"": [9, 2]}","{""preds"": [62.02, 37.98, 0.0], ""scorePred"": [9, 2]}","{""preds"": [62.97, 37.03, 0.0], ""scorePred"": [8, 2]}","{""preds"": [19.47, 80.53, 0.0], ""scorePred"": [0, 1]}","{""preds"": [32.89, 67.11, 0.0], ""scorePred"": [0, 1]}","{""preds"": [26.97, 73.03, 0.0], ""scorePred"": [0, 1]}","{""preds"": [63.38, 36.62, 0.0], ""scorePred"": [8, 2]}"
Czechia,"{""preds"": [18.19, 65.78, 16.03], ""scorePred"": [1, 3]}","{""preds"": [39.0, 38.07, 22.93], ""scorePred"": [2, 1]}","{""preds"": [45.4, 30.33, 24.27], ""scorePred"": [2, 1]}","{""preds"": [49.63, 25.67, 24.7], ""scorePred"": [1, 0]}","{""preds"": [36.52, 61.75, 1.73], ""scorePred"": [2, 10]}",,"{""preds"": [37.59, 39.2, 23.21], ""scorePred"": [1, 2]}","{""preds"": [36.35, 40.55, 23.1], ""scorePred"": [1, 2]}","{""preds"": [36.49, 41.14, 22.37], ""scorePred"": [1, 2]}","{""preds"": [52.97, 23.21, 23.82], ""scorePred"": [1, 0]}","{""preds"": [34.9, 42.82, 22.28], ""scorePred"": [1, 2]}","{""preds"": [28.08, 51.91, 20.01], ""scorePred"": [1, 2]}","{""preds"": [53.95, 21.79, 24.26], ""scorePred"": [1, 0]}","{""preds"": [39.13, 38.18, 22.69], ""scorePred"": [2, 1]}","{""preds"": [59.73, 15.86, 24.41], ""scorePred"": [1, 0]}","{""preds"": [47.55, 27.97, 24.48], ""scorePred"": [1, 0]}","{""preds"": [36.89, 41.09, 22.02], ""scorePred"": [1, 2]}","{""preds"": [37.54, 60.63, 1.83], ""scorePred"": [2, 9]}","{""preds"": [26.6, 72.3, 1.1], ""scorePred"": [2, 10]}","{""preds"": [33.8, 44.36, 21.84], ""scorePred"": [1, 2]}","{""preds"": [59.25, 16.28, 24.47], ""scorePred"": [1, 0]}","{""preds"": [61.08, 14.62, 24.3], ""scorePred"": [1, 0]}","{""preds"": [41.59, 35.31, 23.1], ""scorePred"": [2, 1]}","{""preds"": [44.23, 32.3, 23.47], ""scorePred"": [2, 1]}","{""preds"": [42.14, 34.3, 23.56], ""scorePred"": [2, 1]}","{""preds"": [32.66, 45.44, 21.9], ""scorePred"": [1, 2]}","{""preds"": [40.92, 35.54, 23.54], ""scorePred"": [2, 1]}","{""preds"": [39.42, 37.86, 22.72], ""scorePred"": [2, 1]}","{""preds"": [48.91, 26.97, 24.12], ""scorePred"": [1, 0]}","{""preds"": [44.71, 30.62, 24.67], ""scorePred"": [2, 1]}","{""preds"": [56.46, 18.95, 24.59], ""scorePred"": [1, 0]}","{""preds"": [50.85, 23.92, 25.23], ""scorePred"": [1, 0]}","{""preds"": [49.77, 25.27, 24.96], ""scorePred"": [1, 0]}","{""preds"": [22.26, 77.74, 0.0], ""scorePred"": [1, 3]}","{""preds"": [50.92, 49.08, 0.0], ""scorePred"": [2, 1]}","{""preds"": [61.49, 38.51, 0.0], ""scorePred"": [2, 1]}","{""preds"": [67.23, 32.77, 0.0], ""scorePred"": [1, 0]}","{""preds"": [38.23, 61.77, 0.0], ""scorePred"": [2, 9]}",,"{""preds"": [49.09, 50.91, 0.0], ""scorePred"": [1, 2]}","{""preds"": [48.07, 51.93, 0.0], ""scorePred"": [1, 2]}","{""preds"": [46.57, 53.43, 0.0], ""scorePred"": [1, 2]}","{""preds"": [69.64, 30.36, 0.0], ""scorePred"": [1, 0]}","{""preds"": [45.16, 54.84, 0.0], ""scorePred"": [1, 2]}","{""preds"": [35.9, 64.1, 0.0], ""scorePred"": [1, 2]}","{""preds"": [70.89, 29.11, 0.0], ""scorePred"": [1, 0]}","{""preds"": [50.35, 49.65, 0.0], ""scorePred"": [2, 1]}","{""preds"": [77.42, 22.58, 0.0], ""scorePred"": [1, 0]}","{""preds"": [63.19, 36.81, 0.0], ""scorePred"": [1, 0]}","{""preds"": [46.88, 53.12, 0.0], ""scorePred"": [1, 2]}","{""preds"": [37.41, 62.59, 0.0], ""scorePred"": [2, 11]}","{""preds"": [26.88, 73.12, 0.0], ""scorePred"": [2, 10]}","{""preds"": [44.3, 55.7, 0.0], ""scorePred"": [1, 2]}","{""preds"": [78.94, 21.06, 0.0], ""scorePred"": [1, 0]}","{""preds"": [80.75, 19.25, 0.0], ""scorePred"": [1, 0]}","{""preds"": [53.64, 46.36, 0.0], ""scorePred"": [2, 1]}","{""preds"": [56.83, 43.17, 0.0], ""scorePred"": [2, 1]}","{""preds"": [56.13, 43.87, 0.0], ""scorePred"": [2, 1]}","{""preds"": [42.86, 57.14, 0.0], ""scorePred"": [1, 2]}","{""preds"": [53.35, 46.65, 0.0], ""scorePred"": [2, 1]}","{""preds"": [49.79, 50.21, 0.0], ""scorePred"": [1, 2]}","{""preds"": [64.23, 35.77, 0.0], ""scorePred"": [1, 0]}","{""preds"": [59.22, 40.78, 0.0], ""scorePred"": [2, 1]}","{""preds"": [74.43, 25.57, 0.0], ""scorePred"": [1, 0]}","{""preds"": [68.01, 31.99, 0.0], ""scorePred"": [1, 0]}","{""preds"": [65.68, 34.32, 0.0], ""scorePred"": [1, 0]}"
Denmark,"{""preds"": [19.14, 64.86, 16.0], ""scorePred"": [1, 2]}","{""preds"": [40.39, 36.6, 23.01], ""scorePred"": [2, 1]}","{""preds"": [46.68, 29.12, 24.2], ""scorePred"": [2, 1]}","{""preds"": [50.63, 24.88, 24.49], ""scorePred"": [1, 0]}","{""preds"": [66.14, 11.03, 22.83], ""scorePred"": [1, 0]}","{""preds"": [38.97, 38.23, 22.8], ""scorePred"": [2, 1]}",,"{""preds"": [36.54, 40.01, 23.45], ""scorePred"": [1, 2]}","{""preds"": [35.92, 41.6, 22.48], ""scorePred"": [1, 2]}","{""preds"": [53.01, 22.31, 24.68], ""scorePred"": [1, 0]}","{""preds"": [35.19, 41.96, 22.85], ""scorePred"": [1, 2]}","{""preds"": [29.4, 50.68, 19.92], ""scorePred"": [1, 2]}","{""preds"": [52.99, 22.44, 24.57], ""scorePred"": [1, 0]}","{""preds"": [38.96, 37.64, 23.4], ""scorePred"": [2, 1]}","{""preds"": [60.13, 16.1, 23.77], ""scorePred"": [1, 0]}","{""preds"": [48.27, 26.93, 24.8], ""scorePred"": [1, 0]}","{""preds"": [37.65, 40.44, 21.91], ""scorePred"": [1, 2]}","{""preds"": [66.55, 10.19, 23.26], ""scorePred"": [1, 0]}","{""preds"": [71.44, 6.84, 21.72], ""scorePred"": [1, 0]}","{""preds"": [34.04, 43.74, 22.22], ""scorePred"": [1, 2]}","{""preds"": [60.72, 15.75, 23.53], ""scorePred"": [1, 0]}","{""preds"": [62.23, 14.31, 23.46], ""scorePred"": [1, 0]}","{""preds"": [41.01, 35.58, 23.41], ""scorePred"": [2, 1]}","{""preds"": [44.25, 31.81, 23.94], ""scorePred"": [2, 1]}","{""preds"": [43.39, 33.2, 23.41], ""scorePred"": [2, 1]}","{""preds"": [32.47, 46.25, 21.28], ""scorePred"": [1, 2]}","{""preds"": [41.06, 35.32, 23.62], ""scorePred"": [2, 1]}","{""preds"": [40.16, 37.27, 22.57], ""scorePred"": [2, 1]}","{""preds"": [48.41, 27.01, 24.58], ""scorePred"": [2, 1]}","{""preds"": [45.02, 31.35, 23.63], ""scorePred"": [2, 1]}","{""preds"": [56.09, 18.87, 25.04], ""scorePred"": [1, 0]}","{""preds"": [51.69, 24.03, 24.28], ""scorePred"": [1, 0]}","{""preds"": [50.16, 25.55, 24.29], ""scorePred"": [1, 0]}","{""preds"": [23.68, 76.32, 0.0], ""scorePred"": [1, 2]}","{""preds"": [51.43, 48.57, 0.0], ""scorePred"": [2, 1]}","{""preds"": [61.12, 38.88, 0.0], ""scorePred"": [2, 1]}","{""preds"": [67.11, 32.89, 0.0], ""scorePred"": [1, 0]}","{""preds"": [85.78, 14.22, 0.0], ""scorePred"": [1, 0]}","{""preds"": [49.93, 50.07, 0.0], ""scorePred"": [1, 2]}",,"{""preds"": [48.66, 51.34, 0.0], ""scorePred"": [1, 2]}","{""preds"": [46.73, 53.27, 0.0], ""scorePred"": [1, 2]}","{""preds"": [70.12, 29.88, 0.0], ""scorePred"": [1, 0]}","{""preds"": [44.76, 55.24, 0.0], ""scorePred"": [1, 2]}","{""preds"": [36.04, 63.96, 0.0], ""scorePred"": [1, 2]}","{""preds"": [71.89, 28.11, 0.0], ""scorePred"": [1, 0]}","{""preds"": [50.74, 49.26, 0.0], ""scorePred"": [2, 1]}","{""preds"": [80.02, 19.98, 0.0], ""scorePred"": [1, 0]}","{""preds"": [63.57, 36.43, 0.0], ""scorePred"": [2, 1]}","{""preds"": [48.64, 51.36, 0.0], ""scorePred"": [1, 2]}","{""preds"": [85.78, 14.22, 0.0], ""scorePred"": [1, 0]}","{""preds"": [91.79, 8.21, 0.0], ""scorePred"": [1, 0]}","{""preds"": [43.92, 56.08, 0.0], ""scorePred"": [1, 2]}","{""preds"": [79.96, 20.04, 0.0], ""scorePred"": [1, 0]}","{""preds"": [81.14, 18.86, 0.0], ""scorePred"": [1, 0]}","{""preds"": [54.96, 45.04, 0.0], ""scorePred"": [2, 1]}","{""preds"": [57.46, 42.54, 0.0], ""scorePred"": [2, 1]}","{""preds"": [55.81, 44.19, 0.0], ""scorePred"": [2, 1]}","{""preds"": [42.01, 57.99, 0.0], ""scorePred"": [1, 2]}","{""preds"": [54.45, 45.55, 0.0], ""scorePred"": [2, 1]}","{""preds"": [52.02, 47.98, 0.0], ""scorePred"": [2, 1]}","{""preds"": [65.04, 34.96, 0.0], ""scorePred"": [2, 1]}","{""preds"": [59.28, 40.72, 0.0], ""scorePred"": [2, 1]}","{""preds"": [75.27, 24.73, 0.0], ""scorePred"": [1, 0]}","{""preds"": [68.75, 31.25, 0.0], ""scorePred"": [1, 0]}","{""preds"": [65.57, 34.43, 0.0], ""scorePred"": [1, 0]}"
East Germany,"{""preds"": [19.61, 64.73, 15.66], ""scorePred"": [1, 3]}","{""preds"": [41.39, 36.09, 22.52], ""scorePred"": [2, 1]}","{""preds"": [48.34, 27.5, 24.16], ""scorePred"": [2, 1]}","{""preds"": [52.4, 23.82, 23.78], ""scorePred"": [1, 0]}","{""preds"": [36.99, 61.26, 1.75], ""scorePred"": [2, 10]}","{""preds"": [40.15, 37.31, 22.54], ""scorePred"": [2, 1]}","{""preds"": [39.69, 37.95, 22.36], ""scorePred"": [2, 1]}",,"{""preds"": [37.58, 40.19, 22.23], ""scorePred"": [1, 2]}","{""preds"": [54.91, 21.26, 23.83], ""scorePred"": [1, 0]}","{""preds"": [36.55, 41.57, 21.88], ""scorePred"": [1, 2]}","{""preds"": [29.94, 50.14, 19.92], ""scorePred"": [1, 2]}","{""preds"": [55.56, 20.41, 24.03], ""scorePred"": [1, 0]}","{""preds"": [40.13, 37.42, 22.45], ""scorePred"": [2, 1]}","{""preds"": [46.25, 50.22, 3.53], ""scorePred"": [2, 10]}","{""preds"": [49.83, 26.62, 23.55], ""scorePred"": [2, 1]}","{""preds"": [38.66, 38.34, 23.0], ""scorePred"": [2, 1]}","{""preds"": [37.04, 60.93, 2.03], ""scorePred"": [2, 9]}","{""preds"": [26.63, 72.57, 0.8], ""scorePred"": [2, 9]}","{""preds"": [36.06, 41.89, 22.05], ""scorePred"": [1, 2]}","{""preds"": [61.63, 15.43, 22.94], ""scorePred"": [1, 0]}","{""preds"": [63.31, 13.69, 23.0], ""scorePred"": [1, 0]}","{""preds"": [42.89, 33.83, 23.28], ""scorePred"": [2, 1]}","{""preds"": [45.86, 30.54, 23.6], ""scorePred"": [2, 1]}","{""preds"": [44.03, 32.23, 23.74], ""scorePred"": [2, 1]}","{""preds"": [34.22, 43.66, 22.12], ""scorePred"": [1, 2]}","{""preds"": [43.82, 33.84, 22.34], ""scorePred"": [2, 1]}","{""preds"": [41.17, 36.44, 22.39], ""scorePred"": [2, 1]}","{""preds"": [48.58, 26.68, 24.74], ""scorePred"": [1, 0]}","{""preds"": [47.09, 29.66, 23.25], ""scorePred"": [2, 1]}","{""preds"": [58.25, 18.26, 23.49], ""scorePred"": [1, 0]}","{""preds"": [54.17, 21.82, 24.01], ""scorePred"": [1, 0]}","{""preds"": [51.52, 24.74, 23.74], ""scorePred"": [1, 0]}","{""preds"": [23.28, 76.72, 0.0], ""scorePred"": [1, 3]}","{""preds"": [54.93, 45.07, 0.0], ""scorePred"": [2, 1]}","{""preds"": [63.39, 36.61, 0.0], ""scorePred"": [2, 1]}","{""preds"": [68.62, 31.38, 0.0], ""scorePred"": [1, 0]}","{""preds"": [37.92, 62.08, 0.0], ""scorePred"": [2, 9]}","{""preds"": [51.66, 48.34, 0.0], ""scorePred"": [2, 1]}","{""preds"": [52.56, 47.44, 0.0], ""scorePred"": [2, 1]}",,"{""preds"": [47.78, 52.22, 0.0], ""scorePred"": [1, 2]}","{""preds"": [70.96, 29.04, 0.0], ""scorePred"": [1, 0]}","{""preds"": [46.86, 53.14, 0.0], ""scorePred"": [1, 2]}","{""preds"": [36.98, 63.02, 0.0], ""scorePred"": [1, 2]}","{""preds"": [72.58, 27.42, 0.0], ""scorePred"": [1, 0]}","{""preds"": [53.06, 46.94, 0.0], ""scorePred"": [2, 1]}","{""preds"": [48.7, 51.3, 0.0], ""scorePred"": [2, 11]}","{""preds"": [65.42, 34.58, 0.0], ""scorePred"": [2, 1]}","{""preds"": [48.9, 51.1, 0.0], ""scorePred"": [1, 2]}","{""preds"": [37.22, 62.78, 0.0], ""scorePred"": [2, 12]}","{""preds"": [27.49, 72.51, 0.0], ""scorePred"": [2, 9]}","{""preds"": [46.62, 53.38, 0.0], ""scorePred"": [1, 2]}","{""preds"": [80.75, 19.25, 0.0], ""scorePred"": [1, 0]}","{""preds"": [81.68, 18.32, 0.0], ""scorePred"": [1, 0]}","{""preds"": [55.73, 44.27, 0.0], ""scorePred"": [2, 1]}","{""preds"": [59.3, 40.7, 0.0], ""scorePred"": [2, 1]}","{""preds"": [58.91, 41.09, 0.0], ""scorePred"": [2, 1]}","{""preds"": [44.45, 55.55, 0.0], ""scorePred"": [1, 2]}","{""preds"": [54.94, 45.06, 0.0], ""scorePred"": [2, 1]}","{""preds"": [52.41, 47.59, 0.0], ""scorePred"": [2, 1]}","{""preds"": [64.9, 35.1, 0.0], ""scorePred"": [2, 1]}","{""preds"": [61.38, 38.62, 0.0], ""scorePred"": [2, 1]}","{""preds"": [76.3, 23.7, 0.0], ""scorePred"": [1, 0]}","{""preds"": [70.81, 29.19, 0.0], ""scorePred"": [1, 0]}","{""preds"": [67.8, 32.2, 0.0], ""scorePred"": [1, 0]}"
England,"{""preds"": [52.8, 30.45, 16.75], ""scorePred"": [2, 1]}","{""preds"": [42.44, 34.89, 22.67], ""scorePred"": [2, 1]}","{""preds"": [50.07, 26.9, 23.03], ""scorePred"": [2, 1]}","{""preds"": [53.68, 22.7, 23.62], ""scorePred"": [1, 0]}","{""preds"": [37.27, 61.09, 1.64], ""scorePred"": [2, 10]}","{""preds"": [42.15, 36.0, 21.85], ""scorePred"": [2, 1]}","{""preds"": [40.79, 36.53, 22.68], ""scorePred"": [2, 1]}","{""preds"": [40.23, 37.4, 22.37], ""scorePred"": [2, 1]}",,"{""preds"": [54.44, 39.89, 5.67], ""scorePred"": [2, 0]}","{""preds"": [38.08, 39.84, 22.08], ""scorePred"": [1, 2]}","{""preds"": [30.22, 49.94, 19.84], ""scorePred"": [1, 2]}","{""preds"": [56.69, 20.28, 23.03], ""scorePred"": [1, 0]}","{""preds"": [41.94, 35.24, 22.82], ""scorePred"": [2, 1]}","{""preds"": [46.47, 50.77, 2.76], ""scorePred"": [2, 10]}","{""preds"": [50.79, 26.27, 22.94], ""scorePred"": [2, 1]}","{""preds"": [38.85, 38.7, 22.45], ""scorePred"": [2, 1]}","{""preds"": [38.14, 60.5, 1.36], ""scorePred"": [2, 9]}","{""preds"": [27.59, 71.58, 0.83], ""scorePred"": [2, 12]}","{""preds"": [37.13, 41.23, 21.64], ""scorePred"": [1, 2]}","{""preds"": [62.75, 14.98, 22.27], ""scorePred"": [1, 0]}","{""preds"": [65.11, 13.4, 21.49], ""scorePred"": [1, 0]}","{""preds"": [43.92, 33.22, 22.86], ""scorePred"": [2, 1]}","{""preds"": [46.32, 30.01, 23.67], ""scorePred"": [2, 1]}","{""preds"": [44.86, 32.16, 22.98], ""scorePred"": [2, 1]}","{""preds"": [35.53, 43.28, 21.19], ""scorePred"": [1, 2]}","{""preds"": [44.43, 32.59, 22.98], ""scorePred"": [2, 1]}","{""preds"": [42.59, 35.21, 22.2], ""scorePred"": [2, 1]}","{""preds"": [50.85, 25.31, 23.84], ""scorePred"": [2, 1]}","{""preds"": [48.15, 28.28, 23.57], ""scorePred"": [2, 1]}","{""preds"": [59.91, 16.99, 23.1], ""scorePred"": [1, 0]}","{""preds"": [54.34, 22.39, 23.27], ""scorePred"": [2, 1]}","{""preds"": [52.64, 23.96, 23.4], ""scorePred"": [2, 1]}","{""preds"": [61.81, 38.19, 0.0], ""scorePred"": [2, 1]}","{""preds"": [54.72, 45.28, 0.0], ""scorePred"": [2, 1]}","{""preds"": [63.8, 36.2, 0.0], ""scorePred"": [2, 1]}","{""preds"": [70.3, 29.7, 0.0], ""scorePred"": [1, 0]}","{""preds"": [38.09, 61.91, 0.0], ""scorePred"": [2, 11]}","{""preds"": [53.34, 46.66, 0.0], ""scorePred"": [2, 1]}","{""preds"": [53.69, 46.31, 0.0], ""scorePred"": [2, 1]}","{""preds"": [51.7, 48.3, 0.0], ""scorePred"": [2, 1]}",,"{""preds"": [58.95, 41.05, 0.0], ""scorePred"": [2, 0]}","{""preds"": [46.73, 53.27, 0.0], ""scorePred"": [1, 2]}","{""preds"": [38.96, 61.04, 0.0], ""scorePred"": [1, 2]}","{""preds"": [74.21, 25.79, 0.0], ""scorePred"": [1, 0]}","{""preds"": [53.96, 46.04, 0.0], ""scorePred"": [2, 1]}","{""preds"": [48.78, 51.22, 0.0], ""scorePred"": [2, 10]}","{""preds"": [66.54, 33.46, 0.0], ""scorePred"": [2, 1]}","{""preds"": [50.83, 49.17, 0.0], ""scorePred"": [2, 1]}","{""preds"": [38.49, 61.51, 0.0], ""scorePred"": [2, 9]}","{""preds"": [27.06, 72.94, 0.0], ""scorePred"": [2, 10]}","{""preds"": [45.92, 54.08, 0.0], ""scorePred"": [1, 2]}","{""preds"": [81.5, 18.5, 0.0], ""scorePred"": [1, 0]}","{""preds"": [83.43, 16.57, 0.0], ""scorePred"": [1, 0]}","{""preds"": [57.3, 42.7, 0.0], ""scorePred"": [2, 1]}","{""preds"": [60.83, 39.17, 0.0], ""scorePred"": [2, 1]}","{""preds"": [58.62, 41.38, 0.0], ""scorePred"": [2, 1]}","{""preds"": [45.83, 54.17, 0.0], ""scorePred"": [1, 2]}","{""preds"": [57.27, 42.73, 0.0], ""scorePred"": [2, 1]}","{""preds"": [54.92, 45.08, 0.0], ""scorePred"": [2, 1]}","{""preds"": [66.19, 33.81, 0.0], ""scorePred"": [2, 1]}","{""preds"": [62.51, 37.49, 0.0], ""scorePred"": [2, 1]}","{""preds"": [77.08, 22.92, 0.0], ""scorePred"": [1, 0]}","{""preds"": [71.53, 28.47, 0.0], ""scorePred"": [1, 0]}","{""preds"": [69.56, 30.44, 0.0], ""scorePred"": [1, 0]}"
Finland,"{""preds"": [9.12, 77.97, 12.91], ""scorePred"": [0, 2]}","{""preds"": [22.94, 51.78, 25.28], ""scorePred"": [0, 1]}","{""preds"": [39.45, 52.79, 7.76], ""scorePred"": [0, 2]}","{""preds"": [32.61, 37.39, 30.0], ""scorePred"": [0, 1]}","{""preds"": [46.96, 18.07, 34.97], ""scorePred"": [1, 0]}","{""preds"": [23.34, 51.86, 24.8], ""scorePred"": [0, 1]}","{""preds"": [22.97, 53.32, 23.71], ""scorePred"": [0, 1]}","{""preds"": [21.36, 55.36, 23.28], ""scorePred"": [0, 1]}","{""preds"": [39.58, 54.89, 5.53], ""scorePred"": [0, 2]}",,"{""preds"": [20.17, 57.98, 21.85], ""scorePred"": [0, 1]}","{""preds"": [37.88, 58.43, 3.69], ""scorePred"": [0, 3]}","{""preds"": [35.28, 33.29, 31.43], ""scorePred"": [1, 0]}","{""preds"": [23.43, 53.03, 23.54], ""scorePred"": [0, 1]}","{""preds"": [42.03, 25.01, 32.96], ""scorePred"": [1, 0]}","{""preds"": [30.5, 40.82, 28.68], ""scorePred"": [0, 1]}","{""preds"": [38.43, 56.38, 5.19], ""scorePred"": [0, 2]}","{""preds"": [46.93, 18.13, 34.94], ""scorePred"": [1, 0]}","{""preds"": [52.29, 11.73, 35.98], ""scorePred"": [1, 0]}","{""preds"": [19.9, 57.86, 22.24], ""scorePred"": [0, 1]}","{""preds"": [41.04, 25.52, 33.44], ""scorePred"": [1, 0]}","{""preds"": [43.32, 23.91, 32.77], ""scorePred"": [1, 0]}","{""preds"": [38.22, 55.42, 6.36], ""scorePred"": [0, 2]}","{""preds"": [27.29, 45.59, 27.12], ""scorePred"": [0, 1]}","{""preds"": [26.0, 47.95, 26.05], ""scorePred"": [0, 1]}","{""preds"": [37.73, 57.45, 4.82], ""scorePred"": [0, 2]}","{""preds"": [24.91, 48.6, 26.49], ""scorePred"": [0, 1]}","{""preds"": [23.33, 52.18, 24.49], ""scorePred"": [0, 1]}","{""preds"": [30.48, 40.52, 29.0], ""scorePred"": [0, 1]}","{""preds"": [28.21, 43.76, 28.03], ""scorePred"": [0, 1]}","{""preds"": [37.29, 30.21, 32.5], ""scorePred"": [1, 0]}","{""preds"": [34.0, 35.64, 30.36], ""scorePred"": [0, 1]}","{""preds"": [32.21, 37.73, 30.06], ""scorePred"": [0, 1]}","{""preds"": [10.7, 89.3, 0.0], ""scorePred"": [0, 3]}","{""preds"": [31.75, 68.25, 0.0], ""scorePred"": [0, 1]}","{""preds"": [43.37, 56.63, 0.0], ""scorePred"": [0, 2]}","{""preds"": [46.95, 53.05, 0.0], ""scorePred"": [0, 1]}","{""preds"": [72.56, 27.44, 0.0], ""scorePred"": [1, 0]}","{""preds"": [29.99, 70.01, 0.0], ""scorePred"": [0, 1]}","{""preds"": [29.44, 70.56, 0.0], ""scorePred"": [0, 1]}","{""preds"": [28.22, 71.78, 0.0], ""scorePred"": [0, 1]}","{""preds"": [40.69, 59.31, 0.0], ""scorePred"": [0, 2]}",,"{""preds"": [25.93, 74.07, 0.0], ""scorePred"": [0, 1]}","{""preds"": [39.32, 60.68, 0.0], ""scorePred"": [0, 3]}","{""preds"": [51.02, 48.98, 0.0], ""scorePred"": [1, 0]}","{""preds"": [30.79, 69.21, 0.0], ""scorePred"": [0, 1]}","{""preds"": [62.63, 37.37, 0.0], ""scorePred"": [1, 0]}","{""preds"": [42.61, 57.39, 0.0], ""scorePred"": [0, 1]}","{""preds"": [41.51, 58.49, 0.0], ""scorePred"": [0, 2]}","{""preds"": [71.47, 28.53, 0.0], ""scorePred"": [1, 0]}","{""preds"": [80.93, 19.07, 0.0], ""scorePred"": [1, 0]}","{""preds"": [25.48, 74.52, 0.0], ""scorePred"": [0, 1]}","{""preds"": [61.34, 38.66, 0.0], ""scorePred"": [1, 0]}","{""preds"": [63.89, 36.11, 0.0], ""scorePred"": [1, 0]}","{""preds"": [42.04, 57.96, 0.0], ""scorePred"": [0, 2]}","{""preds"": [36.82, 63.18, 0.0], ""scorePred"": [0, 1]}","{""preds"": [35.13, 64.87, 0.0], ""scorePred"": [0, 1]}","{""preds"": [40.74, 59.26, 0.0], ""scorePred"": [0, 2]}","{""preds"": [33.42, 66.58, 0.0], ""scorePred"": [0, 1]}","{""preds"": [30.64, 69.36, 0.0], ""scorePred"": [0, 1]}","{""preds"": [43.3, 56.7, 0.0], ""scorePred"": [0, 1]}","{""preds"": [39.36, 60.64, 0.0], ""scorePred"": [0, 1]}","{""preds"": [56.75, 43.25, 0.0], ""scorePred"": [1, 0]}","{""preds"": [49.6, 50.4, 0.0], ""scorePred"": [0, 1]}","{""preds"": [46.75, 53.25, 0.0], ""scorePred"": [0, 1]}"
France,"{""preds"": [22.73, 60.82, 16.45], ""scorePred"": [1, 3]}","{""preds"": [43.76, 34.01, 22.23], ""scorePred"": [2, 1]}","{""preds"": [51.65, 25.81, 22.54], ""scorePred"": [2, 1]}","{""preds"": [55.36, 22.3, 22.34], ""scorePred"": [2, 1]}","{""preds"": [37.16, 61.32, 1.52], ""scorePred"": [2, 11]}","{""preds"": [43.04, 34.27, 22.69], ""scorePred"": [2, 1]}","{""preds"": [41.89, 35.48, 22.63], ""scorePred"": [2, 1]}","{""preds"": [41.36, 36.75, 21.89], ""scorePred"": [2, 1]}","{""preds"": [40.26, 38.57, 21.17], ""scorePred"": [2, 1]}","{""preds"": [57.93, 19.54, 22.53], ""scorePred"": [2, 0]}",,"{""preds"": [32.13, 47.89, 19.98], ""scorePred"": [1, 2]}","{""preds"": [57.4, 19.77, 22.83], ""scorePred"": [1, 0]}","{""preds"": [43.55, 34.86, 21.59], ""scorePred"": [2, 1]}","{""preds"": [64.21, 14.35, 21.44], ""scorePred"": [1, 0]}","{""preds"": [52.89, 24.52, 22.59], ""scorePred"": [2, 1]}","{""preds"": [41.56, 36.33, 22.11], ""scorePred"": [2, 1]}","{""preds"": [36.84, 61.38, 1.78], ""scorePred"": [2, 10]}","{""preds"": [28.46, 70.77, 0.77], ""scorePred"": [2, 10]}","{""preds"": [38.92, 40.15, 20.93], ""scorePred"": [1, 2]}","{""preds"": [64.09, 14.32, 21.59], ""scorePred"": [1, 0]}","{""preds"": [65.97, 12.45, 21.58], ""scorePred"": [1, 0]}","{""preds"": [45.92, 31.35, 22.73], ""scorePred"": [2, 1]}","{""preds"": [48.14, 28.67, 23.19], ""scorePred"": [2, 1]}","{""preds"": [47.15, 30.96, 21.89], ""scorePred"": [2, 1]}","{""preds"": [36.66, 41.97, 21.37], ""scorePred"": [1, 2]}","{""preds"": [45.3, 32.32, 22.38], ""scorePred"": [2, 1]}","{""preds"": [42.87, 34.21, 22.92], ""scorePred"": [2, 1]}","{""preds"": [52.13, 25.59, 22.28], ""scorePred"": [2, 1]}","{""preds"": [50.0, 26.78, 23.22], ""scorePred"": [2, 1]}","{""preds"": [60.91, 16.68, 22.41], ""scorePred"": [1, 0]}","{""preds"": [57.05, 20.51, 22.44], ""scorePred"": [1, 0]}","{""preds"": [54.79, 22.55, 22.66], ""scorePred"": [1, 0]}","{""preds"": [27.4, 72.6, 0.0], ""scorePred"": [1, 3]}","{""preds"": [57.18, 42.82, 0.0], ""scorePred"": [2, 1]}","{""preds"": [66.05, 33.95, 0.0], ""scorePred"": [2, 1]}","{""preds"": [72.58, 27.42, 0.0], ""scorePred"": [2, 1]}","{""preds"": [37.88, 62.12, 0.0], ""scorePred"": [2, 10]}","{""preds"": [56.77, 43.23, 0.0], ""scorePred"": [2, 1]}","{""preds"": [55.02, 44.98, 0.0], ""scorePred"": [2, 1]}","{""preds"": [53.53, 46.47, 0.0], ""scorePred"": [2, 1]}","{""preds"": [49.82, 50.18, 0.0], ""scorePred"": [1, 2]}","{""preds"": [74.39, 25.61, 0.0], ""scorePred"": [1, 0]}",,"{""preds"": [39.98, 60.02, 0.0], ""scorePred"": [1, 2]}","{""preds"": [75.69, 24.31, 0.0], ""scorePred"": [1, 0]}","{""preds"": [55.86, 44.14, 0.0], ""scorePred"": [2, 1]}","{""preds"": [82.65, 17.35, 0.0], ""scorePred"": [1, 0]}","{""preds"": [67.32, 32.68, 0.0], ""scorePred"": [2, 1]}","{""preds"": [54.54, 45.46, 0.0], ""scorePred"": [2, 1]}","{""preds"": [38.08, 61.92, 0.0], ""scorePred"": [2, 10]}","{""preds"": [27.69, 72.31, 0.0], ""scorePred"": [2, 10]}","{""preds"": [50.32, 49.68, 0.0], ""scorePred"": [2, 1]}","{""preds"": [82.4, 17.6, 0.0], ""scorePred"": [1, 0]}","{""preds"": [83.89, 16.11, 0.0], ""scorePred"": [1, 0]}","{""preds"": [59.2, 40.8, 0.0], ""scorePred"": [2, 1]}","{""preds"": [62.18, 37.82, 0.0], ""scorePred"": [2, 1]}","{""preds"": [61.39, 38.61, 0.0], ""scorePred"": [2, 1]}","{""preds"": [46.71, 53.29, 0.0], ""scorePred"": [1, 2]}","{""preds"": [59.82, 40.18, 0.0], ""scorePred"": [2, 1]}","{""preds"": [57.08, 42.92, 0.0], ""scorePred"": [2, 1]}","{""preds"": [68.86, 31.14, 0.0], ""scorePred"": [2, 1]}","{""preds"": [64.38, 35.62, 0.0], ""scorePred"": [2, 1]}","{""preds"": [78.81, 21.19, 0.0], ""scorePred"": [1, 0]}","{""preds"": [72.92, 27.08, 0.0], ""scorePred"": [1, 0]}","{""preds"": [70.63, 29.37, 0.0], ""scorePred"": [2, 1]}"
Germany,"{""preds"": [58.77, 26.4, 14.83], ""scorePred"": [3, 2]}","{""preds"": [53.78, 26.75, 19.47], ""scorePred"": [2, 1]}","{""preds"": [59.5, 20.65, 19.85], ""scorePred"": [2, 1]}","{""preds"": [63.71, 16.94, 19.35], ""scorePred"": [2, 1]}","{""preds"": [37.63, 61.4, 0.97], ""scorePred"": [3, 12]}","{""preds"": [51.43, 28.01, 20.56], ""scorePred"": [2, 1]}","{""preds"": [50.08, 28.86, 21.06], ""scorePred"": [2, 1]}","{""preds"": [50.18, 30.03, 19.79], ""scorePred"": [2, 1]}","{""preds"": [48.83, 31.26, 19.91], ""scorePred"": [2, 1]}","{""preds"": [58.34, 38.31, 3.35], ""scorePred"": [3, 0]}","{""preds"": [48.6, 31.88, 19.52], ""scorePred"": [2, 1]}",,"{""preds"": [66.01, 15.33, 18.66], ""scorePred"": [2, 1]}","{""preds"": [51.17, 27.99, 20.84], ""scorePred"": [2, 1]}","{""preds"": [48.55, 49.47, 1.98], ""scorePred"": [3, 12]}","{""preds"": [60.1, 19.63, 20.27], ""scorePred"": [2, 1]}","{""preds"": [49.53, 30.48, 19.99], ""scorePred"": [2, 1]}","{""preds"": [38.63, 60.33, 1.04], ""scorePred"": [3, 11]}","{""preds"": [28.17, 71.37, 0.46], ""scorePred"": [3, 10]}","{""preds"": [46.66, 33.27, 20.07], ""scorePred"": [2, 1]}","{""preds"": [72.06, 10.67, 17.27], ""scorePred"": [2, 0]}","{""preds"": [45.83, 52.32, 1.85], ""scorePred"": [3, 10]}","{""preds"": [53.98, 25.8, 20.22], ""scorePred"": [2, 1]}","{""preds"": [56.63, 22.47, 20.9], ""scorePred"": [2, 1]}","{""preds"": [55.76, 24.27, 19.97], ""scorePred"": [2, 1]}","{""preds"": [45.41, 34.37, 20.22], ""scorePred"": [2, 1]}","{""preds"": [54.62, 25.33, 20.05], ""scorePred"": [2, 1]}","{""preds"": [51.28, 29.03, 19.69], ""scorePred"": [2, 1]}","{""preds"": [60.9, 19.09, 20.01], ""scorePred"": [2, 1]}","{""preds"": [58.05, 22.15, 19.8], ""scorePred"": [2, 1]}","{""preds"": [53.73, 43.49, 2.78], ""scorePred"": [3, 0]}","{""preds"": [64.82, 15.64, 19.54], ""scorePred"": [2, 1]}","{""preds"": [62.96, 17.84, 19.2], ""scorePred"": [2, 1]}","{""preds"": [69.4, 30.6, 0.0], ""scorePred"": [3, 2]}","{""preds"": [65.6, 34.4, 0.0], ""scorePred"": [2, 1]}","{""preds"": [74.13, 25.87, 0.0], ""scorePred"": [2, 1]}","{""preds"": [78.11, 21.89, 0.0], ""scorePred"": [2, 1]}","{""preds"": [38.02, 61.98, 0.0], ""scorePred"": [3, 12]}","{""preds"": [65.52, 34.48, 0.0], ""scorePred"": [2, 1]}","{""preds"": [63.71, 36.29, 0.0], ""scorePred"": [2, 1]}","{""preds"": [61.91, 38.09, 0.0], ""scorePred"": [2, 1]}","{""preds"": [60.85, 39.15, 0.0], ""scorePred"": [2, 1]}","{""preds"": [60.94, 39.06, 0.0], ""scorePred"": [3, 0]}","{""preds"": [58.71, 41.29, 0.0], ""scorePred"": [2, 1]}",,"{""preds"": [81.68, 18.32, 0.0], ""scorePred"": [2, 0]}","{""preds"": [64.32, 35.68, 0.0], ""scorePred"": [2, 1]}","{""preds"": [49.22, 50.78, 0.0], ""scorePred"": [3, 11]}","{""preds"": [76.19, 23.81, 0.0], ""scorePred"": [2, 1]}","{""preds"": [62.89, 37.11, 0.0], ""scorePred"": [2, 1]}","{""preds"": [38.04, 61.96, 0.0], ""scorePred"": [3, 11]}","{""preds"": [29.05, 70.95, 0.0], ""scorePred"": [3, 11]}","{""preds"": [58.35, 41.65, 0.0], ""scorePred"": [2, 1]}","{""preds"": [87.43, 12.57, 0.0], ""scorePred"": [2, 0]}","{""preds"": [47.24, 52.76, 0.0], ""scorePred"": [3, 12]}","{""preds"": [67.35, 32.65, 0.0], ""scorePred"": [2, 1]}","{""preds"": [71.51, 28.49, 0.0], ""scorePred"": [2, 1]}","{""preds"": [69.53, 30.47, 0.0], ""scorePred"": [2, 1]}","{""preds"": [58.27, 41.73, 0.0], ""scorePred"": [2, 1]}","{""preds"": [68.14, 31.86, 0.0], ""scorePred"": [2, 1]}","{""preds"": [65.35, 34.65, 0.0], ""scorePred"": [2, 1]}","{""preds"": [75.92, 24.08, 0.0], ""scorePred"": [2, 1]}","{""preds"": [72.95, 27.05, 0.0], ""scorePred"": [2, 1]}","{""preds"": [55.23, 44.77, 0.0], ""scorePred"": [3, 0]}","{""preds"": [79.87, 20.13, 0.0], ""scorePred"": [2, 1]}","{""preds"": [78.69, 21.31, 0.0], ""scorePred"": [2, 1]}"
Greece,"{""preds"": [8.97, 78.05, 12.98], ""scorePred"": [1, 2]}","{""preds"": [23.21, 52.74, 24.05], ""scorePred"": [0, 1]}","{""preds"": [28.54, 43.09, 28.37], ""scorePred"": [0, 1]}","{""preds"": [31.7, 38.63, 29.67], ""scorePred"": [0, 1]}","{""preds"": [45.51, 18.58, 35.91], ""scorePred"": [1, 0]}","{""preds"": [21.73, 53.69, 24.58], ""scorePred"": [0, 1]}","{""preds"": [22.99, 52.92, 24.09], ""scorePred"": [0, 1]}","{""preds"": [21.84, 54.3, 23.86], ""scorePred"": [0, 1]}","{""preds"": [19.84, 57.49, 22.67], ""scorePred"": [0, 1]}","{""preds"": [32.69, 35.31, 32.0], ""scorePred"": [0, 1]}","{""preds"": [19.78, 57.7, 22.52], ""scorePred"": [0, 1]}","{""preds"": [14.84, 66.42, 18.74], ""scorePred"": [0, 2]}",,"{""preds"": [23.62, 51.91, 24.47], ""scorePred"": [0, 1]}","{""preds"": [39.61, 26.27, 34.12], ""scorePred"": [1, 0]}","{""preds"": [29.97, 41.1, 28.93], ""scorePred"": [0, 1]}","{""preds"": [21.13, 55.72, 23.15], ""scorePred"": [0, 1]}","{""preds"": [46.62, 18.45, 34.93], ""scorePred"": [1, 0]}","{""preds"": [50.9, 12.64, 36.46], ""scorePred"": [1, 0]}","{""preds"": [20.14, 58.77, 21.09], ""scorePred"": [0, 1]}","{""preds"": [40.06, 26.03, 33.91], ""scorePred"": [1, 0]}","{""preds"": [42.79, 22.77, 34.44], ""scorePred"": [1, 0]}","{""preds"": [24.48, 49.3, 26.22], ""scorePred"": [0, 1]}","{""preds"": [25.98, 48.03, 25.99], ""scorePred"": [0, 1]}","{""preds"": [24.9, 48.13, 26.97], ""scorePred"": [0, 1]}","{""preds"": [18.53, 60.6, 20.87], ""scorePred"": [0, 1]}","{""preds"": [24.37, 49.55, 26.08], ""scorePred"": [0, 1]}","{""preds"": [22.63, 52.23, 25.14], ""scorePred"": [0, 1]}","{""preds"": [29.78, 41.39, 28.83], ""scorePred"": [0, 1]}","{""preds"": [27.35, 44.98, 27.67], ""scorePred"": [0, 1]}","{""preds"": [37.19, 30.83, 31.98], ""scorePred"": [1, 0]}","{""preds"": [32.79, 36.76, 30.45], ""scorePred"": [0, 1]}","{""preds"": [31.11, 38.61, 30.28], ""scorePred"": [0, 1]}","{""preds"": [10.09, 89.91, 0.0], ""scorePred"": [0, 2]}","{""preds"": [30.86, 69.14, 0.0], ""scorePred"": [0, 1]}","{""preds"": [39.41, 60.59, 0.0], ""scorePred"": [0, 1]}","{""preds"": [44.87, 55.13, 0.0], ""scorePred"": [0, 1]}","{""preds"": [70.79, 29.21, 0.0], ""scorePred"": [1, 0]}","{""preds"": [28.83, 71.17, 0.0], ""scorePred"": [0, 1]}","{""preds"": [29.4, 70.6, 0.0], ""scorePred"": [0, 1]}","{""preds"": [27.73, 72.27, 0.0], ""scorePred"": [0, 1]}","{""preds"": [27.02, 72.98, 0.0], ""scorePred"": [0, 1]}","{""preds"": [48.52, 51.48, 0.0], ""scorePred"": [0, 1]}","{""preds"": [24.37, 75.63, 0.0], ""scorePred"": [0, 1]}","{""preds"": [18.7, 81.3, 0.0], ""scorePred"": [1, 2]}",,"{""preds"": [29.43, 70.57, 0.0], ""scorePred"": [0, 1]}","{""preds"": [60.58, 39.42, 0.0], ""scorePred"": [1, 0]}","{""preds"": [42.32, 57.68, 0.0], ""scorePred"": [0, 1]}","{""preds"": [27.72, 72.28, 0.0], ""scorePred"": [0, 1]}","{""preds"": [72.09, 27.91, 0.0], ""scorePred"": [1, 0]}","{""preds"": [80.48, 19.52, 0.0], ""scorePred"": [1, 0]}","{""preds"": [25.1, 74.9, 0.0], ""scorePred"": [0, 1]}","{""preds"": [60.9, 39.1, 0.0], ""scorePred"": [1, 0]}","{""preds"": [63.42, 36.58, 0.0], ""scorePred"": [1, 0]}","{""preds"": [32.09, 67.91, 0.0], ""scorePred"": [0, 1]}","{""preds"": [37.06, 62.94, 0.0], ""scorePred"": [0, 1]}","{""preds"": [34.77, 65.23, 0.0], ""scorePred"": [0, 1]}","{""preds"": [23.04, 76.96, 0.0], ""scorePred"": [0, 1]}","{""preds"": [31.9, 68.1, 0.0], ""scorePred"": [0, 1]}","{""preds"": [29.99, 70.01, 0.0], ""scorePred"": [0, 1]}","{""preds"": [42.24, 57.76, 0.0], ""scorePred"": [0, 1]}","{""preds"": [37.41, 62.59, 0.0], ""scorePred"": [0, 1]}","{""preds"": [55.01, 44.99, 0.0], ""scorePred"": [1, 0]}","{""preds"": [47.83, 52.17, 0.0], ""scorePred"": [0, 1]}","{""preds"": [45.74, 54.26, 0.0], ""scorePred"": [0, 1]}"
Hungary,"{""preds"": [18.38, 65.7, 15.92], ""scorePred"": [1, 3]}","{""preds"": [38.53, 38.16, 23.31], ""scorePred"": [2, 1]}","{""preds"": [46.49, 29.26, 24.25], ""scorePred"": [2, 1]}","{""preds"": [49.74, 24.81, 25.45], ""scorePred"": [1, 0]}","{""preds"": [65.29, 11.45, 23.26], ""scorePred"": [1, 0]}","{""preds"": [38.13, 38.97, 22.9], ""scorePred"": [1, 2]}","{""preds"": [38.17, 38.66, 23.17], ""scorePred"": [1, 2]}","{""preds"": [35.73, 41.07, 23.2], ""scorePred"": [1, 2]}","{""preds"": [35.66, 42.5, 21.84], ""scorePred"": [1, 2]}","{""preds"": [52.32, 22.42, 25.26], ""scorePred"": [1, 0]}","{""preds"": [35.27, 42.96, 21.77], ""scorePred"": [1, 2]}","{""preds"": [27.88, 52.0, 20.12], ""scorePred"": [1, 2]}","{""preds"": [53.53, 21.88, 24.59], ""scorePred"": [1, 0]}",,"{""preds"": [60.52, 16.05, 23.43], ""scorePred"": [1, 0]}","{""preds"": [46.91, 28.27, 24.82], ""scorePred"": [2, 1]}","{""preds"": [36.52, 40.88, 22.6], ""scorePred"": [1, 2]}","{""preds"": [37.73, 60.36, 1.91], ""scorePred"": [2, 11]}","{""preds"": [70.04, 7.01, 22.95], ""scorePred"": [1, 0]}","{""preds"": [33.54, 44.74, 21.72], ""scorePred"": [1, 2]}","{""preds"": [58.9, 17.25, 23.85], ""scorePred"": [1, 0]}","{""preds"": [60.97, 14.51, 24.52], ""scorePred"": [1, 0]}","{""preds"": [40.2, 35.68, 24.12], ""scorePred"": [2, 1]}","{""preds"": [43.42, 32.94, 23.64], ""scorePred"": [2, 1]}","{""preds"": [43.18, 33.24, 23.58], ""scorePred"": [2, 1]}","{""preds"": [32.26, 46.55, 21.19], ""scorePred"": [1, 2]}","{""preds"": [41.02, 34.95, 24.03], ""scorePred"": [2, 1]}","{""preds"": [38.89, 37.75, 23.36], ""scorePred"": [2, 1]}","{""preds"": [47.33, 27.78, 24.89], ""scorePred"": [2, 1]}","{""preds"": [45.01, 31.17, 23.82], ""scorePred"": [2, 1]}","{""preds"": [55.61, 19.48, 24.91], ""scorePred"": [1, 0]}","{""preds"": [51.28, 24.55, 24.17], ""scorePred"": [1, 0]}","{""preds"": [50.46, 25.53, 24.01], ""scorePred"": [1, 0]}","{""preds"": [22.84, 77.16, 0.0], ""scorePred"": [1, 2]}","{""preds"": [51.42, 48.58, 0.0], ""scorePred"": [2, 1]}","{""preds"": [61.36, 38.64, 0.0], ""scorePred"": [2, 1]}","{""preds"": [66.28, 33.72, 0.0], ""scorePred"": [1, 0]}","{""preds"": [85.29, 14.71, 0.0], ""scorePred"": [1, 0]}","{""preds"": [49.49, 50.51, 0.0], ""scorePred"": [1, 2]}","{""preds"": [49.73, 50.27, 0.0], ""scorePred"": [1, 2]}","{""preds"": [46.88, 53.12, 0.0], ""scorePred"": [1, 2]}","{""preds"": [45.94, 54.06, 0.0], ""scorePred"": [1, 2]}","{""preds"": [68.5, 31.5, 0.0], ""scorePred"": [1, 0]}","{""preds"": [43.92, 56.08, 0.0], ""scorePred"": [1, 2]}","{""preds"": [34.7, 65.3, 0.0], ""scorePred"": [1, 2]}","{""preds"": [70.24, 29.76, 0.0], ""scorePred"": [1, 0]}",,"{""preds"": [79.85, 20.15, 0.0], ""scorePred"": [1, 0]}","{""preds"": [62.33, 37.67, 0.0], ""scorePred"": [1, 0]}","{""preds"": [47.09, 52.91, 0.0], ""scorePred"": [1, 2]}","{""preds"": [37.8, 62.2, 0.0], ""scorePred"": [2, 10]}","{""preds"": [90.73, 9.27, 0.0], ""scorePred"": [1, 0]}","{""preds"": [43.58, 56.42, 0.0], ""scorePred"": [1, 2]}","{""preds"": [78.39, 21.61, 0.0], ""scorePred"": [1, 0]}","{""preds"": [80.58, 19.42, 0.0], ""scorePred"": [1, 0]}","{""preds"": [53.19, 46.81, 0.0], ""scorePred"": [2, 1]}","{""preds"": [57.83, 42.17, 0.0], ""scorePred"": [2, 1]}","{""preds"": [54.51, 45.49, 0.0], ""scorePred"": [2, 1]}","{""preds"": [43.08, 56.92, 0.0], ""scorePred"": [1, 2]}","{""preds"": [53.91, 46.09, 0.0], ""scorePred"": [2, 1]}","{""preds"": [50.89, 49.11, 0.0], ""scorePred"": [2, 1]}","{""preds"": [62.29, 37.71, 0.0], ""scorePred"": [1, 0]}","{""preds"": [58.8, 41.2, 0.0], ""scorePred"": [2, 1]}","{""preds"": [74.42, 25.58, 0.0], ""scorePred"": [1, 0]}","{""preds"": [68.13, 31.87, 0.0], ""scorePred"": [1, 0]}","{""preds"": [63.97, 36.03, 0.0], ""scorePred"": [1, 0]}"
Iceland,"{""preds"": [5.75, 83.08, 11.17], ""scorePred"": [0, 3]}","{""preds"": [16.53, 58.01, 25.46], ""scorePred"": [0, 1]}","{""preds"": [51.17, 44.31, 4.52], ""scorePred"": [8, 2]}","{""preds"": [23.49, 43.85, 32.66], ""scorePred"": [0, 1]}","{""preds"": [36.02, 23.29, 40.69], ""scorePred"": [0, 0]}","{""preds"": [15.38, 59.96, 24.66], ""scorePred"": [0, 1]}","{""preds"": [15.0, 61.84, 23.16], ""scorePred"": [0, 1]}","{""preds"": [49.92, 46.99, 3.09], ""scorePred"": [11, 2]}","{""preds"": [50.38, 46.42, 3.2], ""scorePred"": [10, 2]}","{""preds"": [25.33, 41.04, 33.63], ""scorePred"": [0, 1]}","{""preds"": [13.76, 63.38, 22.86], ""scorePred"": [0, 1]}","{""preds"": [50.51, 47.35, 2.14], ""scorePred"": [10, 3]}","{""preds"": [25.6, 40.59, 33.81], ""scorePred"": [0, 1]}","{""preds"": [16.53, 58.96, 24.51], ""scorePred"": [0, 1]}",,"{""preds"": [22.05, 47.88, 30.07], ""scorePred"": [0, 1]}","{""preds"": [49.81, 47.1, 3.09], ""scorePred"": [10, 2]}","{""preds"": [36.46, 22.19, 41.35], ""scorePred"": [0, 0]}","{""preds"": [40.57, 15.42, 44.01], ""scorePred"": [0, 0]}","{""preds"": [13.58, 65.37, 21.05], ""scorePred"": [0, 1]}","{""preds"": [30.26, 31.96, 37.78], ""scorePred"": [0, 0]}","{""preds"": [31.47, 29.29, 39.24], ""scorePred"": [0, 0]}","{""preds"": [49.9, 46.21, 3.89], ""scorePred"": [9, 2]}","{""preds"": [19.41, 53.74, 26.85], ""scorePred"": [0, 1]}","{""preds"": [18.02, 55.28, 26.7], ""scorePred"": [0, 1]}","{""preds"": [50.72, 46.56, 2.72], ""scorePred"": [10, 2]}","{""preds"": [17.51, 56.55, 25.94], ""scorePred"": [0, 1]}","{""preds"": [16.22, 59.39, 24.39], ""scorePred"": [0, 1]}","{""preds"": [21.9, 46.61, 31.49], ""scorePred"": [0, 1]}","{""preds"": [20.21, 51.06, 28.73], ""scorePred"": [0, 1]}","{""preds"": [27.53, 35.59, 36.88], ""scorePred"": [0, 0]}","{""preds"": [24.14, 41.73, 34.13], ""scorePred"": [0, 1]}","{""preds"": [23.49, 45.11, 31.4], ""scorePred"": [0, 1]}","{""preds"": [6.64, 93.36, 0.0], ""scorePred"": [0, 2]}","{""preds"": [22.96, 77.04, 0.0], ""scorePred"": [0, 1]}","{""preds"": [52.98, 47.02, 0.0], ""scorePred"": [9, 2]}","{""preds"": [34.95, 65.05, 0.0], ""scorePred"": [0, 1]}","{""preds"": [61.18, 38.82, 0.0], ""scorePred"": [1, 0]}","{""preds"": [20.98, 79.02, 0.0], ""scorePred"": [0, 1]}","{""preds"": [19.94, 80.06, 0.0], ""scorePred"": [0, 1]}","{""preds"": [51.7, 48.3, 0.0], ""scorePred"": [9, 2]}","{""preds"": [52.13, 47.87, 0.0], ""scorePred"": [10, 2]}","{""preds"": [38.53, 61.47, 0.0], ""scorePred"": [0, 1]}","{""preds"": [17.74, 82.26, 0.0], ""scorePred"": [0, 1]}","{""preds"": [50.36, 49.64, 0.0], ""scorePred"": [10, 3]}","{""preds"": [38.14, 61.86, 0.0], ""scorePred"": [0, 1]}","{""preds"": [21.44, 78.56, 0.0], ""scorePred"": [0, 1]}",,"{""preds"": [30.86, 69.14, 0.0], ""scorePred"": [0, 1]}","{""preds"": [51.91, 48.09, 0.0], ""scorePred"": [9, 2]}","{""preds"": [60.15, 39.85, 0.0], ""scorePred"": [1, 0]}","{""preds"": [73.13, 26.87, 0.0], ""scorePred"": [1, 0]}","{""preds"": [17.37, 82.63, 0.0], ""scorePred"": [0, 1]}","{""preds"": [49.67, 50.33, 0.0], ""scorePred"": [0, 1]}","{""preds"": [52.86, 47.14, 0.0], ""scorePred"": [1, 0]}","{""preds"": [51.33, 48.67, 0.0], ""scorePred"": [9, 2]}","{""preds"": [26.41, 73.59, 0.0], ""scorePred"": [0, 1]}","{""preds"": [25.55, 74.45, 0.0], ""scorePred"": [0, 1]}","{""preds"": [51.7, 48.3, 0.0], ""scorePred"": [12, 2]}","{""preds"": [23.78, 76.22, 0.0], ""scorePred"": [0, 1]}","{""preds"": [20.64, 79.36, 0.0], ""scorePred"": [0, 1]}","{""preds"": [30.71, 69.29, 0.0], ""scorePred"": [0, 1]}","{""preds"": [27.61, 72.39, 0.0], ""scorePred"": [0, 1]}","{""preds"": [44.22, 55.78, 0.0], ""scorePred"": [0, 1]}","{""preds"": [36.65, 63.35, 0.0], ""scorePred"": [0, 1]}","{""preds"": [34.95, 65.05, 0.0], ""scorePred"": [0, 1]}"
Ireland,"{""preds"": [12.08, 73.63, 14.29], ""scorePred"": [1, 3]}","{""preds"": [28.67, 46.52, 24.81], ""scorePred"": [0, 1]}","{""preds"": [35.16, 37.59, 27.25], ""scorePred"": [0, 1]}","{""preds"": [39.03, 32.82, 28.15], ""scorePred"": [1, 0]}","{""preds"": [53.29, 15.71, 31.0], ""scorePred"": [1, 0]}","{""preds"": [27.75, 48.02, 24.23], ""scorePred"": [1, 2]}","{""preds"": [27.39, 48.77, 23.84], ""scorePred"": [0, 1]}","{""preds"": [26.3, 49.84, 23.86], ""scorePred"": [1, 2]}","{""preds"": [27.04, 50.01, 22.95], ""scorePred"": [1, 2]}","{""preds"": [39.93, 30.85, 29.22], ""scorePred"": [1, 0]}","{""preds"": [24.59, 53.03, 22.38], ""scorePred"": [1, 2]}","{""preds"": [19.74, 60.61, 19.65], ""scorePred"": [1, 2]}","{""preds"": [40.79, 30.04, 29.17], ""scorePred"": [1, 0]}","{""preds"": [27.94, 47.97, 24.09], ""scorePred"": [0, 1]}","{""preds"": [47.65, 22.55, 29.8], ""scorePred"": [1, 0]}",,"{""preds"": [26.98, 49.27, 23.75], ""scorePred"": [0, 1]}","{""preds"": [37.2, 59.99, 2.81], ""scorePred"": [2, 8]}","{""preds"": [59.22, 10.07, 30.71], ""scorePred"": [1, 0]}","{""preds"": [23.56, 53.99, 22.45], ""scorePred"": [1, 2]}","{""preds"": [47.88, 21.94, 30.18], ""scorePred"": [1, 0]}","{""preds"": [49.88, 19.76, 30.36], ""scorePred"": [1, 0]}","{""preds"": [29.83, 44.66, 25.51], ""scorePred"": [0, 1]}","{""preds"": [32.93, 40.88, 26.19], ""scorePred"": [0, 1]}","{""preds"": [31.51, 42.12, 26.37], ""scorePred"": [0, 1]}","{""preds"": [23.52, 55.24, 21.24], ""scorePred"": [1, 2]}","{""preds"": [30.6, 44.18, 25.22], ""scorePred"": [0, 1]}","{""preds"": [28.75, 46.82, 24.43], ""scorePred"": [0, 1]}","{""preds"": [36.54, 35.12, 28.34], ""scorePred"": [1, 0]}","{""preds"": [33.24, 39.38, 27.38], ""scorePred"": [0, 1]}","{""preds"": [44.79, 25.93, 29.28], ""scorePred"": [1, 0]}","{""preds"": [40.7, 31.13, 28.17], ""scorePred"": [1, 0]}","{""preds"": [37.94, 33.88, 28.18], ""scorePred"": [1, 0]}","{""preds"": [14.12, 85.88, 0.0], ""scorePred"": [1, 2]}","{""preds"": [38.17, 61.83, 0.0], ""scorePred"": [0, 1]}","{""preds"": [47.19, 52.81, 0.0], ""scorePred"": [0, 1]}","{""preds"": [53.05, 46.95, 0.0], ""scorePred"": [1, 0]}","{""preds"": [77.97, 22.03, 0.0], ""scorePred"": [1, 0]}","{""preds"": [37.07, 62.93, 0.0], ""scorePred"": [0, 1]}","{""preds"": [35.34, 64.66, 0.0], ""scorePred"": [1, 2]}","{""preds"": [35.21, 64.79, 0.0], ""scorePred"": [1, 2]}","{""preds"": [34.37, 65.63, 0.0], ""scorePred"": [1, 2]}","{""preds"": [57.64, 42.36, 0.0], ""scorePred"": [1, 0]}","{""preds"": [32.34, 67.66, 0.0], ""scorePred"": [1, 2]}","{""preds"": [25.24, 74.76, 0.0], ""scorePred"": [1, 2]}","{""preds"": [58.52, 41.48, 0.0], ""scorePred"": [1, 0]}","{""preds"": [36.98, 63.02, 0.0], ""scorePred"": [0, 1]}","{""preds"": [69.46, 30.54, 0.0], ""scorePred"": [1, 0]}",,"{""preds"": [34.31, 65.69, 0.0], ""scorePred"": [0, 1]}","{""preds"": [36.66, 63.34, 0.0], ""scorePred"": [2, 8]}","{""preds"": [84.66, 15.34, 0.0], ""scorePred"": [1, 0]}","{""preds"": [31.58, 68.42, 0.0], ""scorePred"": [1, 2]}","{""preds"": [68.65, 31.35, 0.0], ""scorePred"": [1, 0]}","{""preds"": [71.89, 28.11, 0.0], ""scorePred"": [1, 0]}","{""preds"": [40.45, 59.55, 0.0], ""scorePred"": [0, 1]}","{""preds"": [42.95, 57.05, 0.0], ""scorePred"": [0, 1]}","{""preds"": [42.56, 57.44, 0.0], ""scorePred"": [0, 1]}","{""preds"": [29.31, 70.69, 0.0], ""scorePred"": [1, 2]}","{""preds"": [40.87, 59.13, 0.0], ""scorePred"": [0, 1]}","{""preds"": [37.49, 62.51, 0.0], ""scorePred"": [0, 1]}","{""preds"": [51.11, 48.89, 0.0], ""scorePred"": [1, 0]}","{""preds"": [45.48, 54.52, 0.0], ""scorePred"": [0, 1]}","{""preds"": [63.21, 36.79, 0.0], ""scorePred"": [1, 0]}","{""preds"": [56.9, 43.1, 0.0], ""scorePred"": [1, 0]}","{""preds"": [53.94, 46.06, 0.0], ""scorePred"": [1, 0]}"
Italy,"{""preds"": [50.82, 32.14, 17.04], ""scorePred"": [2, 1]}","{""preds"": [41.35, 35.71, 22.94], ""scorePred"": [2, 1]}","{""preds"": [47.87, 28.22, 23.91], ""scorePred"": [2, 1]}","{""preds"": [52.57, 24.31, 23.12], ""scorePred"": [1, 0]}","{""preds"": [38.06, 60.3, 1.64], ""scorePred"": [2, 10]}","{""preds"": [40.41, 36.95, 22.64], ""scorePred"": [2, 1]}","{""preds"": [39.03, 37.81, 23.16], ""scorePred"": [2, 1]}","{""preds"": [39.12, 38.4, 22.48], ""scorePred"": [2, 1]}","{""preds"": [37.16, 40.4, 22.44], ""scorePred"": [1, 2]}","{""preds"": [55.49, 39.26, 5.25], ""scorePred"": [2, 0]}","{""preds"": [37.1, 41.17, 21.73], ""scorePred"": [1, 2]}","{""preds"": [29.4, 49.75, 20.85], ""scorePred"": [1, 2]}","{""preds"": [55.89, 21.0, 23.11], ""scorePred"": [1, 0]}","{""preds"": [40.74, 36.57, 22.69], ""scorePred"": [2, 1]}","{""preds"": [46.78, 49.84, 3.38], ""scorePred"": [2, 9]}","{""preds"": [49.44, 27.27, 23.29], ""scorePred"": [2, 1]}",,"{""preds"": [37.05, 61.08, 1.87], ""scorePred"": [2, 10]}","{""preds"": [27.3, 71.93, 0.77], ""scorePred"": [2, 10]}","{""preds"": [35.59, 42.91, 21.5], ""scorePred"": [1, 2]}","{""preds"": [61.51, 15.37, 23.12], ""scorePred"": [1, 0]}","{""preds"": [63.66, 13.5, 22.84], ""scorePred"": [1, 0]}","{""preds"": [42.93, 34.2, 22.87], ""scorePred"": [2, 1]}","{""preds"": [45.83, 30.93, 23.24], ""scorePred"": [2, 1]}","{""preds"": [44.84, 32.06, 23.1], ""scorePred"": [2, 1]}","{""preds"": [34.79, 43.98, 21.23], ""scorePred"": [1, 2]}","{""preds"": [42.57, 33.83, 23.6], ""scorePred"": [2, 1]}","{""preds"": [41.16, 36.26, 22.58], ""scorePred"": [2, 1]}","{""preds"": [49.16, 26.93, 23.91], ""scorePred"": [2, 1]}","{""preds"": [46.25, 30.34, 23.41], ""scorePred"": [2, 1]}","{""preds"": [59.19, 17.82, 22.99], ""scorePred"": [1, 0]}","{""preds"": [53.88, 23.16, 22.96], ""scorePred"": [1, 0]}","{""preds"": [51.84, 24.37, 23.79], ""scorePred"": [1, 0]}","{""preds"": [60.56, 39.44, 0.0], ""scorePred"": [2, 1]}","{""preds"": [53.78, 46.22, 0.0], ""scorePred"": [2, 1]}","{""preds"": [63.94, 36.06, 0.0], ""scorePred"": [2, 1]}","{""preds"": [68.33, 31.67, 0.0], ""scorePred"": [1, 0]}","{""preds"": [38.38, 61.62, 0.0], ""scorePred"": [2, 9]}","{""preds"": [51.25, 48.75, 0.0], ""scorePred"": [2, 1]}","{""preds"": [52.34, 47.66, 0.0], ""scorePred"": [2, 1]}","{""preds"": [50.57, 49.43, 0.0], ""scorePred"": [2, 1]}","{""preds"": [49.64, 50.36, 0.0], ""scorePred"": [1, 2]}","{""preds"": [59.02, 40.98, 0.0], ""scorePred"": [2, 0]}","{""preds"": [46.17, 53.83, 0.0], ""scorePred"": [1, 2]}","{""preds"": [37.84, 62.16, 0.0], ""scorePred"": [1, 2]}","{""preds"": [72.35, 27.65, 0.0], ""scorePred"": [1, 0]}","{""preds"": [51.78, 48.22, 0.0], ""scorePred"": [2, 1]}","{""preds"": [48.27, 51.73, 0.0], ""scorePred"": [2, 10]}","{""preds"": [65.14, 34.86, 0.0], ""scorePred"": [2, 1]}",,"{""preds"": [37.95, 62.05, 0.0], ""scorePred"": [2, 9]}","{""preds"": [27.39, 72.61, 0.0], ""scorePred"": [2, 10]}","{""preds"": [45.71, 54.29, 0.0], ""scorePred"": [1, 2]}","{""preds"": [80.69, 19.31, 0.0], ""scorePred"": [1, 0]}","{""preds"": [82.36, 17.64, 0.0], ""scorePred"": [1, 0]}","{""preds"": [55.45, 44.55, 0.0], ""scorePred"": [2, 1]}","{""preds"": [59.47, 40.53, 0.0], ""scorePred"": [2, 1]}","{""preds"": [58.04, 41.96, 0.0], ""scorePred"": [2, 1]}","{""preds"": [44.87, 55.13, 0.0], ""scorePred"": [1, 2]}","{""preds"": [56.72, 43.28, 0.0], ""scorePred"": [2, 1]}","{""preds"": [52.91, 47.09, 0.0], ""scorePred"": [2, 1]}","{""preds"": [65.97, 34.03, 0.0], ""scorePred"": [2, 1]}","{""preds"": [62.38, 37.62, 0.0], ""scorePred"": [2, 1]}","{""preds"": [77.06, 22.94, 0.0], ""scorePred"": [1, 0]}","{""preds"": [71.03, 28.97, 0.0], ""scorePred"": [1, 0]}","{""preds"": [68.25, 31.75, 0.0], ""scorePred"": [2, 1]}"
Luxembourg,"{""preds"": [3.93, 86.17, 9.9], ""scorePred"": [0, 3]}","{""preds"": [60.78, 37.05, 2.17], ""scorePred"": [10, 2]}","{""preds"": [61.46, 35.94, 2.6], ""scorePred"": [9, 2]}","{""preds"": [17.16, 49.48, 33.36], ""scorePred"": [0, 1]}","{""preds"": [27.32, 26.79, 45.89], ""scorePred"": [0, 0]}","{""preds"": [61.02, 37.16, 1.82], ""scorePred"": [10, 2]}","{""preds"": [11.16, 65.73, 23.11], ""scorePred"": [0, 1]}","{""preds"": [61.72, 36.58, 1.7], ""scorePred"": [9, 2]}","{""preds"": [60.8, 37.52, 1.68], ""scorePred"": [9, 2]}","{""preds"": [17.86, 47.34, 34.8], ""scorePred"": [0, 1]}","{""preds"": [60.08, 38.23, 1.69], ""scorePred"": [10, 2]}","{""preds"": [60.88, 37.83, 1.29], ""scorePred"": [12, 3]}","{""preds"": [19.13, 44.71, 36.16], ""scorePred"": [0, 1]}","{""preds"": [61.77, 36.06, 2.17], ""scorePred"": [9, 2]}","{""preds"": [22.88, 35.53, 41.59], ""scorePred"": [0, 0]}","{""preds"": [60.99, 36.39, 2.62], ""scorePred"": [7, 2]}","{""preds"": [60.74, 37.43, 1.83], ""scorePred"": [10, 2]}",,"{""preds"": [30.86, 18.77, 50.37], ""scorePred"": [0, 0]}","{""preds"": [60.86, 37.61, 1.53], ""scorePred"": [9, 2]}","{""preds"": [62.01, 33.96, 4.03], ""scorePred"": [6, 1]}","{""preds"": [24.18, 33.75, 42.07], ""scorePred"": [0, 0]}","{""preds"": [61.21, 36.78, 2.01], ""scorePred"": [10, 2]}","{""preds"": [61.21, 36.34, 2.45], ""scorePred"": [9, 2]}","{""preds"": [61.76, 35.83, 2.41], ""scorePred"": [9, 2]}","{""preds"": [61.6, 36.81, 1.59], ""scorePred"": [9, 2]}","{""preds"": [61.51, 36.41, 2.08], ""scorePred"": [9, 2]}","{""preds"": [60.66, 37.65, 1.69], ""scorePred"": [10, 2]}","{""preds"": [60.85, 35.97, 3.18], ""scorePred"": [7, 2]}","{""preds"": [13.69, 56.98, 29.33], ""scorePred"": [0, 1]}","{""preds"": [20.19, 41.55, 38.26], ""scorePred"": [0, 1]}","{""preds"": [16.93, 48.43, 34.64], ""scorePred"": [0, 1]}","{""preds"": [61.38, 35.2, 3.42], ""scorePred"": [8, 2]}","{""preds"": [4.12, 95.88, 0.0], ""scorePred"": [0, 3]}","{""preds"": [63.03, 36.97, 0.0], ""scorePred"": [11, 2]}","{""preds"": [62.68, 37.32, 0.0], ""scorePred"": [8, 2]}","{""preds"": [25.09, 74.91, 0.0], ""scorePred"": [0, 1]}","{""preds"": [50.08, 49.92, 0.0], ""scorePred"": [1, 0]}","{""preds"": [61.22, 38.78, 0.0], ""scorePred"": [10, 2]}","{""preds"": [14.14, 85.86, 0.0], ""scorePred"": [0, 1]}","{""preds"": [60.95, 39.05, 0.0], ""scorePred"": [10, 2]}","{""preds"": [61.2, 38.8, 0.0], ""scorePred"": [12, 2]}","{""preds"": [28.0, 72.0, 0.0], ""scorePred"": [0, 1]}","{""preds"": [62.08, 37.92, 0.0], ""scorePred"": [10, 3]}","{""preds"": [61.86, 38.14, 0.0], ""scorePred"": [11, 3]}","{""preds"": [28.21, 71.79, 0.0], ""scorePred"": [0, 1]}","{""preds"": [63.18, 36.82, 0.0], ""scorePred"": [10, 2]}","{""preds"": [37.2, 62.8, 0.0], ""scorePred"": [0, 1]}","{""preds"": [63.25, 36.75, 0.0], ""scorePred"": [8, 2]}","{""preds"": [61.71, 38.29, 0.0], ""scorePred"": [10, 2]}",,"{""preds"": [62.89, 37.11, 0.0], ""scorePred"": [1, 0]}","{""preds"": [62.22, 37.78, 0.0], ""scorePred"": [9, 2]}","{""preds"": [64.71, 35.29, 0.0], ""scorePred"": [8, 1]}","{""preds"": [40.56, 59.44, 0.0], ""scorePred"": [0, 1]}","{""preds"": [61.75, 38.25, 0.0], ""scorePred"": [9, 2]}","{""preds"": [62.01, 37.99, 0.0], ""scorePred"": [8, 2]}","{""preds"": [62.16, 37.84, 0.0], ""scorePred"": [9, 2]}","{""preds"": [60.96, 39.04, 0.0], ""scorePred"": [9, 2]}","{""preds"": [62.68, 37.32, 0.0], ""scorePred"": [9, 2]}","{""preds"": [61.51, 38.49, 0.0], ""scorePred"": [10, 2]}","{""preds"": [62.15, 37.85, 0.0], ""scorePred"": [8, 2]}","{""preds"": [19.69, 80.31, 0.0], ""scorePred"": [0, 1]}","{""preds"": [32.08, 67.92, 0.0], ""scorePred"": [0, 1]}","{""preds"": [26.82, 73.18, 0.0], ""scorePred"": [0, 1]}","{""preds"": [63.15, 36.85, 0.0], ""scorePred"": [8, 2]}"
Malta,"{""preds"": [2.31, 89.47, 8.22], ""scorePred"": [0, 2]}","{""preds"": [71.02, 28.08, 0.9], ""scorePred"": [9, 2]}","{""preds"": [71.51, 27.07, 1.42], ""scorePred"": [8, 2]}","{""preds"": [11.03, 54.76, 34.21], ""scorePred"": [0, 1]}","{""preds"": [18.51, 31.06, 50.43], ""scorePred"": [0, 0]}","{""preds"": [71.45, 27.54, 1.01], ""scorePred"": [9, 2]}","{""preds"": [7.03, 70.53, 22.44], ""scorePred"": [0, 1]}","{""preds"": [72.06, 27.15, 0.79], ""scorePred"": [11, 2]}","{""preds"": [71.56, 27.54, 0.9], ""scorePred"": [10, 2]}","{""preds"": [12.08, 51.16, 36.76], ""scorePred"": [0, 1]}","{""preds"": [71.94, 27.32, 0.74], ""scorePred"": [10, 2]}","{""preds"": [70.54, 28.84, 0.62], ""scorePred"": [10, 3]}","{""preds"": [12.75, 52.03, 35.22], ""scorePred"": [0, 1]}","{""preds"": [6.96, 70.59, 22.45], ""scorePred"": [0, 1]}","{""preds"": [14.66, 41.06, 44.28], ""scorePred"": [0, 0]}","{""preds"": [10.1, 59.01, 30.89], ""scorePred"": [0, 1]}","{""preds"": [72.1, 27.13, 0.77], ""scorePred"": [10, 2]}","{""preds"": [18.31, 30.5, 51.19], ""scorePred"": [0, 0]}",,"{""preds"": [71.0, 28.38, 0.62], ""scorePred"": [10, 2]}","{""preds"": [15.99, 40.83, 43.18], ""scorePred"": [0, 0]}","{""preds"": [16.02, 37.85, 46.13], ""scorePred"": [0, 0]}","{""preds"": [71.87, 27.03, 1.1], ""scorePred"": [9, 2]}","{""preds"": [8.4, 64.81, 26.79], ""scorePred"": [0, 1]}","{""preds"": [8.14, 65.98, 25.88], ""scorePred"": [0, 1]}","{""preds"": [71.25, 27.98, 0.77], ""scorePred"": [10, 2]}","{""preds"": [7.61, 67.55, 24.84], ""scorePred"": [0, 1]}","{""preds"": [72.53, 26.49, 0.98], ""scorePred"": [10, 2]}","{""preds"": [10.07, 57.56, 32.37], ""scorePred"": [0, 1]}","{""preds"": [9.15, 62.38, 28.47], ""scorePred"": [0, 1]}","{""preds"": [14.16, 45.98, 39.86], ""scorePred"": [0, 1]}","{""preds"": [12.01, 53.61, 34.38], ""scorePred"": [0, 1]}","{""preds"": [10.9, 55.88, 33.22], ""scorePred"": [0, 1]}","{""preds"": [2.27, 97.73, 0.0], ""scorePred"": [0, 2]}","{""preds"": [72.54, 27.46, 0.0], ""scorePred"": [9, 2]}","{""preds"": [73.04, 26.96, 0.0], ""scorePred"": [10, 2]}","{""preds"": [17.06, 82.94, 0.0], ""scorePred"": [0, 1]}","{""preds"": [39.25, 60.75, 0.0], ""scorePred"": [0, 1]}","{""preds"": [72.54, 27.46, 0.0], ""scorePred"": [9, 2]}","{""preds"": [8.84, 91.16, 0.0], ""scorePred"": [0, 1]}","{""preds"": [72.29, 27.71, 0.0], ""scorePred"": [9, 2]}","{""preds"": [72.49, 27.51, 0.0], ""scorePred"": [10, 2]}","{""preds"": [19.02, 80.98, 0.0], ""scorePred"": [0, 1]}","{""preds"": [72.37, 27.63, 0.0], ""scorePred"": [9, 2]}","{""preds"": [72.5, 27.5, 0.0], ""scorePred"": [11, 3]}","{""preds"": [19.64, 80.36, 0.0], ""scorePred"": [0, 1]}","{""preds"": [8.97, 91.03, 0.0], ""scorePred"": [0, 1]}","{""preds"": [28.33, 71.67, 0.0], ""scorePred"": [0, 1]}","{""preds"": [14.97, 85.03, 0.0], ""scorePred"": [0, 1]}","{""preds"": [72.45, 27.55, 0.0], ""scorePred"": [10, 2]}","{""preds"": [37.95, 62.05, 0.0], ""scorePred"": [0, 1]}",,"{""preds"": [71.71, 28.29, 0.0], ""scorePred"": [10, 2]}","{""preds"": [26.52, 73.48, 0.0], ""scorePred"": [0, 1]}","{""preds"": [29.73, 70.27, 0.0], ""scorePred"": [0, 1]}","{""preds"": [72.65, 27.35, 0.0], ""scorePred"": [9, 2]}","{""preds"": [11.41, 88.59, 0.0], ""scorePred"": [0, 1]}","{""preds"": [11.31, 88.69, 0.0], ""scorePred"": [0, 1]}","{""preds"": [72.78, 27.22, 0.0], ""scorePred"": [10, 2]}","{""preds"": [9.87, 90.13, 0.0], ""scorePred"": [0, 1]}","{""preds"": [72.02, 27.98, 0.0], ""scorePred"": [10, 2]}","{""preds"": [15.73, 84.27, 0.0], ""scorePred"": [0, 1]}","{""preds"": [12.61, 87.39, 0.0], ""scorePred"": [0, 1]}","{""preds"": [23.82, 76.18, 0.0], ""scorePred"": [0, 1]}","{""preds"": [16.66, 83.34, 0.0], ""scorePred"": [0, 1]}","{""preds"": [16.11, 83.89, 0.0], ""scorePred"": [0, 1]}"
Netherlands,"{""preds"": [21.92, 60.84, 17.24], ""scorePred"": [1, 3]}","{""preds"": [45.0, 32.89, 22.11], ""scorePred"": [2, 1]}","{""preds"": [51.69, 25.91, 22.4], ""scorePred"": [2, 1]}","{""preds"": [56.75, 21.45, 21.8], ""scorePred"": [2, 1]}","{""preds"": [36.87, 61.66, 1.47], ""scorePred"": [2, 11]}","{""preds"": [44.55, 33.8, 21.65], ""scorePred"": [2, 1]}","{""preds"": [42.93, 34.04, 23.03], ""scorePred"": [2, 1]}","{""preds"": [42.12, 36.01, 21.87], ""scorePred"": [2, 1]}","{""preds"": [41.57, 37.17, 21.26], ""scorePred"": [2, 1]}","{""preds"": [58.19, 19.62, 22.19], ""scorePred"": [2, 1]}","{""preds"": [40.58, 37.5, 21.92], ""scorePred"": [2, 1]}","{""preds"": [32.42, 47.22, 20.36], ""scorePred"": [1, 2]}","{""preds"": [58.85, 18.88, 22.27], ""scorePred"": [1, 0]}","{""preds"": [43.91, 34.02, 22.07], ""scorePred"": [2, 1]}","{""preds"": [64.69, 13.22, 22.09], ""scorePred"": [1, 0]}","{""preds"": [54.44, 23.2, 22.36], ""scorePred"": [2, 1]}","{""preds"": [42.28, 36.31, 21.41], ""scorePred"": [2, 1]}","{""preds"": [38.06, 60.39, 1.55], ""scorePred"": [2, 10]}","{""preds"": [27.32, 71.93, 0.75], ""scorePred"": [2, 10]}",,"{""preds"": [64.86, 13.57, 21.57], ""scorePred"": [1, 0]}","{""preds"": [65.93, 12.53, 21.54], ""scorePred"": [1, 0]}","{""preds"": [46.56, 31.37, 22.07], ""scorePred"": [2, 1]}","{""preds"": [48.69, 29.24, 22.07], ""scorePred"": [2, 1]}","{""preds"": [47.92, 29.97, 22.11], ""scorePred"": [2, 1]}","{""preds"": [37.27, 41.24, 21.49], ""scorePred"": [1, 2]}","{""preds"": [46.13, 31.4, 22.47], ""scorePred"": [2, 1]}","{""preds"": [45.07, 33.15, 21.78], ""scorePred"": [2, 1]}","{""preds"": [54.08, 24.48, 21.44], ""scorePred"": [2, 1]}","{""preds"": [51.3, 27.1, 21.6], ""scorePred"": [2, 1]}","{""preds"": [62.3, 16.18, 21.52], ""scorePred"": [1, 0]}","{""preds"": [56.63, 20.29, 23.08], ""scorePred"": [2, 1]}","{""preds"": [55.84, 22.18, 21.98], ""scorePred"": [2, 1]}","{""preds"": [27.47, 72.53, 0.0], ""scorePred"": [2, 3]}","{""preds"": [56.48, 43.52, 0.0], ""scorePred"": [2, 1]}","{""preds"": [65.95, 34.05, 0.0], ""scorePred"": [2, 1]}","{""preds"": [73.14, 26.86, 0.0], ""scorePred"": [1, 0]}","{""preds"": [38.05, 61.95, 0.0], ""scorePred"": [2, 10]}","{""preds"": [56.14, 43.86, 0.0], ""scorePred"": [2, 1]}","{""preds"": [56.43, 43.57, 0.0], ""scorePred"": [2, 1]}","{""preds"": [53.92, 46.08, 0.0], ""scorePred"": [2, 1]}","{""preds"": [51.38, 48.62, 0.0], ""scorePred"": [2, 1]}","{""preds"": [74.29, 25.71, 0.0], ""scorePred"": [1, 0]}","{""preds"": [51.2, 48.8, 0.0], ""scorePred"": [2, 1]}","{""preds"": [42.28, 57.72, 0.0], ""scorePred"": [1, 2]}","{""preds"": [75.38, 24.62, 0.0], ""scorePred"": [2, 1]}","{""preds"": [56.24, 43.76, 0.0], ""scorePred"": [2, 1]}","{""preds"": [83.68, 16.32, 0.0], ""scorePred"": [1, 0]}","{""preds"": [69.62, 30.38, 0.0], ""scorePred"": [2, 1]}","{""preds"": [54.17, 45.83, 0.0], ""scorePred"": [2, 1]}","{""preds"": [37.87, 62.13, 0.0], ""scorePred"": [2, 10]}","{""preds"": [27.81, 72.19, 0.0], ""scorePred"": [2, 10]}",,"{""preds"": [82.69, 17.31, 0.0], ""scorePred"": [1, 0]}","{""preds"": [85.55, 14.45, 0.0], ""scorePred"": [1, 0]}","{""preds"": [60.35, 39.65, 0.0], ""scorePred"": [2, 1]}","{""preds"": [62.86, 37.14, 0.0], ""scorePred"": [2, 1]}","{""preds"": [62.96, 37.04, 0.0], ""scorePred"": [2, 1]}","{""preds"": [48.37, 51.63, 0.0], ""scorePred"": [1, 2]}","{""preds"": [59.25, 40.75, 0.0], ""scorePred"": [2, 1]}","{""preds"": [56.03, 43.97, 0.0], ""scorePred"": [2, 1]}","{""preds"": [68.3, 31.7, 0.0], ""scorePred"": [2, 1]}","{""preds"": [65.01, 34.99, 0.0], ""scorePred"": [2, 1]}","{""preds"": [79.45, 20.55, 0.0], ""scorePred"": [1, 0]}","{""preds"": [73.23, 26.77, 0.0], ""scorePred"": [1, 0]}","{""preds"": [70.61, 29.39, 0.0], ""scorePred"": [2, 1]}"
Northern Ireland,"{""preds"": [5.82, 82.62, 11.56], ""scorePred"": [0, 2]}","{""preds"": [16.93, 58.97, 24.1], ""scorePred"": [0, 1]}","{""preds"": [21.78, 48.48, 29.74], ""scorePred"": [0, 1]}","{""preds"": [24.56, 43.51, 31.93], ""scorePred"": [0, 1]}","{""preds"": [34.13, 61.57, 4.3], ""scorePred"": [1, 7]}","{""preds"": [15.26, 60.5, 24.24], ""scorePred"": [0, 1]}","{""preds"": [15.9, 59.9, 24.2], ""scorePred"": [0, 1]}","{""preds"": [15.31, 61.54, 23.15], ""scorePred"": [0, 1]}","{""preds"": [14.62, 63.15, 22.23], ""scorePred"": [0, 1]}","{""preds"": [25.91, 40.69, 33.4], ""scorePred"": [0, 1]}","{""preds"": [14.34, 64.27, 21.39], ""scorePred"": [0, 1]}","{""preds"": [9.95, 72.76, 17.29], ""scorePred"": [0, 2]}","{""preds"": [25.61, 40.03, 34.36], ""scorePred"": [0, 1]}","{""preds"": [16.56, 58.86, 24.58], ""scorePred"": [0, 1]}","{""preds"": [31.3, 31.0, 37.7], ""scorePred"": [0, 0]}","{""preds"": [21.7, 47.54, 30.76], ""scorePred"": [0, 1]}","{""preds"": [15.14, 61.63, 23.23], ""scorePred"": [0, 1]}","{""preds"": [34.61, 60.93, 4.46], ""scorePred"": [1, 7]}","{""preds"": [40.98, 15.12, 43.9], ""scorePred"": [0, 0]}","{""preds"": [13.67, 64.65, 21.68], ""scorePred"": [0, 2]}",,"{""preds"": [32.98, 28.61, 38.41], ""scorePred"": [0, 0]}","{""preds"": [18.21, 56.12, 25.67], ""scorePred"": [0, 1]}","{""preds"": [19.29, 53.68, 27.03], ""scorePred"": [0, 1]}","{""preds"": [18.9, 54.17, 26.93], ""scorePred"": [0, 1]}","{""preds"": [12.9, 66.93, 20.17], ""scorePred"": [0, 1]}","{""preds"": [17.71, 56.71, 25.58], ""scorePred"": [0, 1]}","{""preds"": [15.8, 58.91, 25.29], ""scorePred"": [0, 1]}","{""preds"": [22.79, 46.75, 30.46], ""scorePred"": [0, 1]}","{""preds"": [20.84, 50.58, 28.58], ""scorePred"": [0, 1]}","{""preds"": [28.53, 36.01, 35.46], ""scorePred"": [0, 1]}","{""preds"": [24.75, 42.96, 32.29], ""scorePred"": [0, 1]}","{""preds"": [23.22, 45.23, 31.55], ""scorePred"": [0, 1]}","{""preds"": [6.57, 93.43, 0.0], ""scorePred"": [0, 2]}","{""preds"": [21.87, 78.13, 0.0], ""scorePred"": [0, 1]}","{""preds"": [28.82, 71.18, 0.0], ""scorePred"": [0, 1]}","{""preds"": [35.13, 64.87, 0.0], ""scorePred"": [0, 1]}","{""preds"": [35.99, 64.01, 0.0], ""scorePred"": [1, 9]}","{""preds"": [21.2, 78.8, 0.0], ""scorePred"": [0, 1]}","{""preds"": [21.95, 78.05, 0.0], ""scorePred"": [0, 1]}","{""preds"": [19.93, 80.07, 0.0], ""scorePred"": [0, 1]}","{""preds"": [18.12, 81.88, 0.0], ""scorePred"": [0, 1]}","{""preds"": [38.39, 61.61, 0.0], ""scorePred"": [0, 1]}","{""preds"": [17.41, 82.59, 0.0], ""scorePred"": [0, 1]}","{""preds"": [12.3, 87.7, 0.0], ""scorePred"": [0, 2]}","{""preds"": [38.65, 61.35, 0.0], ""scorePred"": [0, 1]}","{""preds"": [20.98, 79.02, 0.0], ""scorePred"": [0, 1]}","{""preds"": [51.07, 48.93, 0.0], ""scorePred"": [1, 0]}","{""preds"": [31.31, 68.69, 0.0], ""scorePred"": [0, 1]}","{""preds"": [20.12, 79.88, 0.0], ""scorePred"": [0, 1]}","{""preds"": [35.77, 64.23, 0.0], ""scorePred"": [1, 7]}","{""preds"": [72.36, 27.64, 0.0], ""scorePred"": [1, 0]}","{""preds"": [17.33, 82.67, 0.0], ""scorePred"": [0, 1]}",,"{""preds"": [52.39, 47.61, 0.0], ""scorePred"": [1, 0]}","{""preds"": [24.12, 75.88, 0.0], ""scorePred"": [0, 1]}","{""preds"": [26.76, 73.24, 0.0], ""scorePred"": [0, 1]}","{""preds"": [25.54, 74.46, 0.0], ""scorePred"": [0, 1]}","{""preds"": [15.97, 84.03, 0.0], ""scorePred"": [0, 1]}","{""preds"": [23.37, 76.63, 0.0], ""scorePred"": [0, 1]}","{""preds"": [21.23, 78.77, 0.0], ""scorePred"": [0, 1]}","{""preds"": [31.42, 68.58, 0.0], ""scorePred"": [0, 1]}","{""preds"": [28.66, 71.34, 0.0], ""scorePred"": [0, 1]}","{""preds"": [44.12, 55.88, 0.0], ""scorePred"": [0, 1]}","{""preds"": [36.94, 63.06, 0.0], ""scorePred"": [0, 1]}","{""preds"": [34.75, 65.25, 0.0], ""scorePred"": [0, 1]}"
Norway,"{""preds"": [4.89, 84.38, 10.73], ""scorePred"": [0, 3]}","{""preds"": [15.49, 60.3, 24.21], ""scorePred"": [0, 1]}","{""preds"": [18.8, 51.44, 29.76], ""scorePred"": [0, 1]}","{""preds"": [22.2, 44.92, 32.88], ""scorePred"": [0, 1]}","{""preds"": [33.44, 23.59, 42.97], ""scorePred"": [0, 0]}","{""preds"": [14.47, 61.38, 24.15], ""scorePred"": [0, 1]}","{""preds"": [14.25, 62.33, 23.42], ""scorePred"": [0, 1]}","{""preds"": [13.57, 63.57, 22.86], ""scorePred"": [0, 1]}","{""preds"": [12.76, 64.9, 22.34], ""scorePred"": [0, 1]}","{""preds"": [23.36, 43.32, 33.32], ""scorePred"": [0, 1]}","{""preds"": [12.45, 66.27, 21.28], ""scorePred"": [0, 1]}","{""preds"": [53.2, 44.85, 1.95], ""scorePred"": [10, 3]}","{""preds"": [23.66, 41.96, 34.38], ""scorePred"": [0, 1]}","{""preds"": [14.24, 61.73, 24.03], ""scorePred"": [0, 1]}","{""preds"": [28.96, 32.35, 38.69], ""scorePred"": [0, 0]}","{""preds"": [19.81, 49.66, 30.53], ""scorePred"": [0, 1]}","{""preds"": [13.42, 63.38, 23.2], ""scorePred"": [0, 1]}","{""preds"": [33.05, 23.35, 43.6], ""scorePred"": [0, 0]}","{""preds"": [37.28, 16.33, 46.39], ""scorePred"": [0, 0]}","{""preds"": [11.51, 67.27, 21.22], ""scorePred"": [0, 1]}","{""preds"": [28.85, 32.81, 38.34], ""scorePred"": [0, 0]}",,"{""preds"": [16.25, 57.79, 25.96], ""scorePred"": [0, 1]}","{""preds"": [16.77, 55.77, 27.46], ""scorePred"": [0, 1]}","{""preds"": [16.44, 56.27, 27.29], ""scorePred"": [0, 1]}","{""preds"": [11.39, 68.47, 20.14], ""scorePred"": [0, 2]}","{""preds"": [14.96, 59.63, 25.41], ""scorePred"": [0, 1]}","{""preds"": [14.53, 60.9, 24.57], ""scorePred"": [0, 1]}","{""preds"": [20.37, 48.62, 31.01], ""scorePred"": [0, 1]}","{""preds"": [18.6, 53.14, 28.26], ""scorePred"": [0, 1]}","{""preds"": [25.96, 37.23, 36.81], ""scorePred"": [0, 1]}","{""preds"": [23.16, 43.94, 32.9], ""scorePred"": [0, 1]}","{""preds"": [20.83, 46.23, 32.94], ""scorePred"": [0, 1]}","{""preds"": [5.83, 94.17, 0.0], ""scorePred"": [0, 3]}","{""preds"": [20.88, 79.12, 0.0], ""scorePred"": [0, 1]}","{""preds"": [27.74, 72.26, 0.0], ""scorePred"": [0, 1]}","{""preds"": [33.12, 66.88, 0.0], ""scorePred"": [0, 1]}","{""preds"": [58.62, 41.38, 0.0], ""scorePred"": [1, 0]}","{""preds"": [18.86, 81.14, 0.0], ""scorePred"": [0, 1]}","{""preds"": [19.4, 80.6, 0.0], ""scorePred"": [0, 1]}","{""preds"": [18.0, 82.0, 0.0], ""scorePred"": [0, 1]}","{""preds"": [16.75, 83.25, 0.0], ""scorePred"": [0, 1]}","{""preds"": [35.57, 64.43, 0.0], ""scorePred"": [0, 1]}","{""preds"": [15.66, 84.34, 0.0], ""scorePred"": [0, 1]}","{""preds"": [54.31, 45.69, 0.0], ""scorePred"": [11, 3]}","{""preds"": [36.56, 63.44, 0.0], ""scorePred"": [0, 1]}","{""preds"": [19.22, 80.78, 0.0], ""scorePred"": [0, 1]}","{""preds"": [47.26, 52.74, 0.0], ""scorePred"": [0, 1]}","{""preds"": [28.88, 71.12, 0.0], ""scorePred"": [0, 1]}","{""preds"": [18.26, 81.74, 0.0], ""scorePred"": [0, 1]}","{""preds"": [58.54, 41.46, 0.0], ""scorePred"": [1, 0]}","{""preds"": [70.68, 29.32, 0.0], ""scorePred"": [1, 0]}","{""preds"": [15.41, 84.59, 0.0], ""scorePred"": [0, 1]}","{""preds"": [47.01, 52.99, 0.0], ""scorePred"": [0, 1]}",,"{""preds"": [20.91, 79.09, 0.0], ""scorePred"": [0, 1]}","{""preds"": [23.59, 76.41, 0.0], ""scorePred"": [0, 1]}","{""preds"": [23.02, 76.98, 0.0], ""scorePred"": [0, 1]}","{""preds"": [14.66, 85.34, 0.0], ""scorePred"": [0, 1]}","{""preds"": [21.53, 78.47, 0.0], ""scorePred"": [0, 1]}","{""preds"": [20.1, 79.9, 0.0], ""scorePred"": [0, 1]}","{""preds"": [29.86, 70.14, 0.0], ""scorePred"": [0, 1]}","{""preds"": [26.31, 73.69, 0.0], ""scorePred"": [0, 1]}","{""preds"": [40.39, 59.61, 0.0], ""scorePred"": [0, 1]}","{""preds"": [32.59, 67.41, 0.0], ""scorePred"": [0, 1]}","{""preds"": [32.12, 67.88, 0.0], ""scorePred"": [0, 1]}"
Poland,"{""preds"": [16.74, 67.72, 15.54], ""scorePred"": [1, 3]}","{""preds"": [36.34, 40.42, 23.24], ""scorePred"": [1, 2]}","{""preds"": [43.71, 31.72, 24.57], ""scorePred"": [1, 0]}","{""preds"": [47.28, 27.36, 25.36], ""scorePred"": [1, 0]}","{""preds"": [36.31, 61.44, 2.25], ""scorePred"": [2, 9]}","{""preds"": [34.77, 42.05, 23.18], ""scorePred"": [1, 2]}","{""preds"": [34.8, 42.15, 23.05], ""scorePred"": [1, 2]}","{""preds"": [34.08, 43.16, 22.76], ""scorePred"": [1, 2]}","{""preds"": [32.56, 45.07, 22.37], ""scorePred"": [1, 2]}","{""preds"": [54.09, 39.18, 6.73], ""scorePred"": [2, 0]}","{""preds"": [31.69, 46.11, 22.2], ""scorePred"": [1, 2]}","{""preds"": [25.25, 54.24, 20.51], ""scorePred"": [1, 2]}","{""preds"": [49.8, 23.42, 26.78], ""scorePred"": [1, 0]}","{""preds"": [35.58, 40.85, 23.57], ""scorePred"": [1, 2]}","{""preds"": [46.63, 49.14, 4.23], ""scorePred"": [2, 8]}","{""preds"": [44.85, 30.2, 24.95], ""scorePred"": [1, 0]}","{""preds"": [34.14, 42.63, 23.23], ""scorePred"": [1, 2]}","{""preds"": [36.79, 60.76, 2.45], ""scorePred"": [2, 9]}","{""preds"": [27.32, 71.5, 1.18], ""scorePred"": [2, 8]}","{""preds"": [31.95, 45.81, 22.24], ""scorePred"": [1, 2]}","{""preds"": [56.32, 18.04, 25.64], ""scorePred"": [1, 0]}","{""preds"": [58.18, 15.72, 26.1], ""scorePred"": [1, 0]}",,"{""preds"": [40.22, 35.36, 24.42], ""scorePred"": [2, 1]}","{""preds"": [39.41, 36.57, 24.02], ""scorePred"": [2, 1]}","{""preds"": [30.53, 47.73, 21.74], ""scorePred"": [1, 2]}","{""preds"": [37.7, 37.86, 24.44], ""scorePred"": [1, 2]}","{""preds"": [36.12, 40.08, 23.8], ""scorePred"": [1, 2]}","{""preds"": [44.26, 30.84, 24.9], ""scorePred"": [1, 0]}","{""preds"": [41.75, 33.36, 24.89], ""scorePred"": [2, 1]}","{""preds"": [53.15, 20.4, 26.45], ""scorePred"": [1, 0]}","{""preds"": [48.34, 26.62, 25.04], ""scorePred"": [1, 0]}","{""preds"": [46.78, 27.94, 25.28], ""scorePred"": [1, 0]}","{""preds"": [19.97, 80.03, 0.0], ""scorePred"": [1, 2]}","{""preds"": [47.12, 52.88, 0.0], ""scorePred"": [1, 2]}","{""preds"": [57.61, 42.39, 0.0], ""scorePred"": [2, 1]}","{""preds"": [63.46, 36.54, 0.0], ""scorePred"": [1, 0]}","{""preds"": [37.76, 62.24, 0.0], ""scorePred"": [2, 9]}","{""preds"": [46.17, 53.83, 0.0], ""scorePred"": [1, 2]}","{""preds"": [45.2, 54.8, 0.0], ""scorePred"": [1, 2]}","{""preds"": [43.58, 56.42, 0.0], ""scorePred"": [1, 2]}","{""preds"": [42.15, 57.85, 0.0], ""scorePred"": [1, 2]}","{""preds"": [57.69, 42.31, 0.0], ""scorePred"": [2, 0]}","{""preds"": [40.5, 59.5, 0.0], ""scorePred"": [1, 2]}","{""preds"": [32.35, 67.65, 0.0], ""scorePred"": [1, 2]}","{""preds"": [67.98, 32.02, 0.0], ""scorePred"": [1, 0]}","{""preds"": [47.34, 52.66, 0.0], ""scorePred"": [1, 2]}","{""preds"": [48.18, 51.82, 0.0], ""scorePred"": [2, 9]}","{""preds"": [59.36, 40.64, 0.0], ""scorePred"": [1, 0]}","{""preds"": [43.81, 56.19, 0.0], ""scorePred"": [1, 2]}","{""preds"": [37.78, 62.22, 0.0], ""scorePred"": [2, 9]}","{""preds"": [28.11, 71.89, 0.0], ""scorePred"": [2, 9]}","{""preds"": [40.29, 59.71, 0.0], ""scorePred"": [1, 2]}","{""preds"": [76.77, 23.23, 0.0], ""scorePred"": [1, 0]}","{""preds"": [78.37, 21.63, 0.0], ""scorePred"": [1, 0]}",,"{""preds"": [53.35, 46.65, 0.0], ""scorePred"": [2, 1]}","{""preds"": [52.43, 47.57, 0.0], ""scorePred"": [2, 1]}","{""preds"": [38.8, 61.2, 0.0], ""scorePred"": [1, 2]}","{""preds"": [50.06, 49.94, 0.0], ""scorePred"": [2, 1]}","{""preds"": [46.78, 53.22, 0.0], ""scorePred"": [1, 2]}","{""preds"": [58.86, 41.14, 0.0], ""scorePred"": [1, 0]}","{""preds"": [55.94, 44.06, 0.0], ""scorePred"": [1, 0]}","{""preds"": [71.59, 28.41, 0.0], ""scorePred"": [1, 0]}","{""preds"": [65.38, 34.62, 0.0], ""scorePred"": [1, 0]}","{""preds"": [62.37, 37.63, 0.0], ""scorePred"": [1, 0]}"
Portugal,"{""preds"": [14.8, 69.86, 15.34], ""scorePred"": [1, 2]}","{""preds"": [33.09, 43.75, 23.16], ""scorePred"": [1, 2]}","{""preds"": [40.72, 33.4, 25.88], ""scorePred"": [1, 0]}","{""preds"": [44.21, 28.37, 27.42], ""scorePred"": [1, 0]}","{""preds"": [36.52, 61.09, 2.39], ""scorePred"": [2, 9]}","{""preds"": [32.13, 43.45, 24.42], ""scorePred"": [1, 2]}","{""preds"": [32.21, 44.03, 23.76], ""scorePred"": [1, 2]}","{""preds"": [31.42, 45.16, 23.42], ""scorePred"": [1, 2]}","{""preds"": [29.79, 48.3, 21.91], ""scorePred"": [1, 2]}","{""preds"": [46.14, 26.65, 27.21], ""scorePred"": [1, 0]}","{""preds"": [29.3, 47.8, 22.9], ""scorePred"": [1, 2]}","{""preds"": [23.46, 56.42, 20.12], ""scorePred"": [1, 2]}","{""preds"": [46.47, 26.06, 27.47], ""scorePred"": [1, 0]}","{""preds"": [33.99, 42.78, 23.23], ""scorePred"": [1, 2]}","{""preds"": [53.97, 19.02, 27.01], ""scorePred"": [1, 0]}","{""preds"": [41.96, 32.36, 25.68], ""scorePred"": [1, 0]}","{""preds"": [30.68, 45.7, 23.62], ""scorePred"": [1, 2]}","{""preds"": [36.32, 61.49, 2.19], ""scorePred"": [2, 10]}","{""preds"": [65.5, 8.42, 26.08], ""scorePred"": [1, 0]}","{""preds"": [28.34, 48.65, 23.01], ""scorePred"": [1, 2]}","{""preds"": [53.06, 19.61, 27.33], ""scorePred"": [1, 0]}","{""preds"": [54.91, 17.93, 27.16], ""scorePred"": [1, 0]}","{""preds"": [35.66, 40.15, 24.19], ""scorePred"": [1, 2]}",,"{""preds"": [37.59, 37.76, 24.65], ""scorePred"": [0, 1]}","{""preds"": [27.29, 50.16, 22.55], ""scorePred"": [1, 2]}","{""preds"": [35.26, 40.35, 24.39], ""scorePred"": [1, 2]}","{""preds"": [32.3, 43.23, 24.47], ""scorePred"": [1, 2]}","{""preds"": [41.7, 31.87, 26.43], ""scorePred"": [1, 0]}","{""preds"": [38.58, 35.42, 26.0], ""scorePred"": [1, 0]}","{""preds"": [50.63, 22.01, 27.36], ""scorePred"": [1, 0]}","{""preds"": [45.21, 28.16, 26.63], ""scorePred"": [1, 0]}","{""preds"": [43.84, 30.01, 26.15], ""scorePred"": [1, 0]}","{""preds"": [17.21, 82.79, 0.0], ""scorePred"": [1, 2]}","{""preds"": [43.83, 56.17, 0.0], ""scorePred"": [1, 2]}","{""preds"": [54.11, 45.89, 0.0], ""scorePred"": [1, 0]}","{""preds"": [60.16, 39.84, 0.0], ""scorePred"": [1, 0]}","{""preds"": [36.67, 63.33, 0.0], ""scorePred"": [2, 9]}","{""preds"": [43.16, 56.84, 0.0], ""scorePred"": [1, 2]}","{""preds"": [43.31, 56.69, 0.0], ""scorePred"": [1, 2]}","{""preds"": [40.85, 59.15, 0.0], ""scorePred"": [1, 2]}","{""preds"": [40.23, 59.77, 0.0], ""scorePred"": [1, 2]}","{""preds"": [62.08, 37.92, 0.0], ""scorePred"": [1, 0]}","{""preds"": [37.7, 62.3, 0.0], ""scorePred"": [1, 2]}","{""preds"": [28.61, 71.39, 0.0], ""scorePred"": [1, 2]}","{""preds"": [63.74, 36.26, 0.0], ""scorePred"": [1, 0]}","{""preds"": [42.46, 57.54, 0.0], ""scorePred"": [1, 2]}","{""preds"": [74.44, 25.56, 0.0], ""scorePred"": [1, 0]}","{""preds"": [57.32, 42.68, 0.0], ""scorePred"": [1, 0]}","{""preds"": [41.1, 58.9, 0.0], ""scorePred"": [1, 2]}","{""preds"": [37.47, 62.53, 0.0], ""scorePred"": [2, 8]}","{""preds"": [88.09, 11.91, 0.0], ""scorePred"": [1, 0]}","{""preds"": [36.55, 63.45, 0.0], ""scorePred"": [1, 2]}","{""preds"": [73.12, 26.88, 0.0], ""scorePred"": [1, 0]}","{""preds"": [76.67, 23.33, 0.0], ""scorePred"": [1, 0]}","{""preds"": [46.27, 53.73, 0.0], ""scorePred"": [1, 2]}",,"{""preds"": [46.8, 53.2, 0.0], ""scorePred"": [0, 1]}","{""preds"": [35.82, 64.18, 0.0], ""scorePred"": [1, 2]}","{""preds"": [46.97, 53.03, 0.0], ""scorePred"": [1, 2]}","{""preds"": [43.25, 56.75, 0.0], ""scorePred"": [1, 2]}","{""preds"": [56.54, 43.46, 0.0], ""scorePred"": [1, 0]}","{""preds"": [51.77, 48.23, 0.0], ""scorePred"": [2, 1]}","{""preds"": [69.44, 30.56, 0.0], ""scorePred"": [1, 0]}","{""preds"": [61.62, 38.38, 0.0], ""scorePred"": [1, 0]}","{""preds"": [60.44, 39.56, 0.0], ""scorePred"": [1, 0]}"
Romania,"{""preds"": [16.26, 68.38, 15.36], ""scorePred"": [1, 3]}","{""preds"": [34.34, 41.07, 24.59], ""scorePred"": [1, 2]}","{""preds"": [41.1, 33.39, 25.51], ""scorePred"": [1, 0]}","{""preds"": [45.4, 28.28, 26.32], ""scorePred"": [1, 0]}","{""preds"": [36.58, 60.99, 2.43], ""scorePred"": [2, 9]}","{""preds"": [34.18, 41.73, 24.09], ""scorePred"": [1, 2]}","{""preds"": [32.77, 43.66, 23.57], ""scorePred"": [1, 2]}","{""preds"": [32.47, 44.3, 23.23], ""scorePred"": [1, 2]}","{""preds"": [31.4, 45.41, 23.19], ""scorePred"": [1, 2]}","{""preds"": [47.69, 26.14, 26.17], ""scorePred"": [1, 0]}","{""preds"": [30.0, 47.39, 22.61], ""scorePred"": [1, 2]}","{""preds"": [23.95, 56.08, 19.97], ""scorePred"": [1, 2]}","{""preds"": [47.91, 25.45, 26.64], ""scorePred"": [1, 0]}","{""preds"": [34.04, 42.01, 23.95], ""scorePred"": [1, 2]}","{""preds"": [55.76, 17.94, 26.3], ""scorePred"": [1, 0]}","{""preds"": [42.86, 31.73, 25.41], ""scorePred"": [1, 0]}","{""preds"": [32.07, 44.31, 23.62], ""scorePred"": [1, 2]}","{""preds"": [36.7, 61.07, 2.23], ""scorePred"": [2, 9]}","{""preds"": [66.25, 8.06, 25.69], ""scorePred"": [1, 0]}","{""preds"": [29.57, 48.04, 22.39], ""scorePred"": [1, 2]}","{""preds"": [54.8, 18.68, 26.52], ""scorePred"": [1, 0]}","{""preds"": [56.65, 17.43, 25.92], ""scorePred"": [1, 0]}","{""preds"": [36.56, 38.94, 24.5], ""scorePred"": [1, 2]}","{""preds"": [38.94, 36.14, 24.92], ""scorePred"": [2, 1]}",,"{""preds"": [28.27, 49.85, 21.88], ""scorePred"": [1, 2]}","{""preds"": [36.12, 39.64, 24.24], ""scorePred"": [1, 2]}","{""preds"": [34.17, 41.99, 23.84], ""scorePred"": [1, 2]}","{""preds"": [42.82, 30.56, 26.62], ""scorePred"": [1, 0]}","{""preds"": [39.88, 34.32, 25.8], ""scorePred"": [1, 0]}","{""preds"": [52.04, 21.71, 26.25], ""scorePred"": [1, 0]}","{""preds"": [46.69, 26.53, 26.78], ""scorePred"": [1, 0]}","{""preds"": [44.94, 28.91, 26.15], ""scorePred"": [1, 0]}","{""preds"": [18.7, 81.3, 0.0], ""scorePred"": [1, 3]}","{""preds"": [45.85, 54.15, 0.0], ""scorePred"": [1, 2]}","{""preds"": [55.53, 44.47, 0.0], ""scorePred"": [1, 0]}","{""preds"": [62.41, 37.59, 0.0], ""scorePred"": [1, 0]}","{""preds"": [37.41, 62.59, 0.0], ""scorePred"": [2, 10]}","{""preds"": [44.48, 55.52, 0.0], ""scorePred"": [1, 2]}","{""preds"": [43.67, 56.33, 0.0], ""scorePred"": [1, 2]}","{""preds"": [42.71, 57.29, 0.0], ""scorePred"": [1, 2]}","{""preds"": [39.99, 60.01, 0.0], ""scorePred"": [1, 2]}","{""preds"": [65.63, 34.37, 0.0], ""scorePred"": [1, 0]}","{""preds"": [38.44, 61.56, 0.0], ""scorePred"": [1, 2]}","{""preds"": [29.71, 70.29, 0.0], ""scorePred"": [1, 2]}","{""preds"": [65.23, 34.77, 0.0], ""scorePred"": [1, 0]}","{""preds"": [44.11, 55.89, 0.0], ""scorePred"": [1, 2]}","{""preds"": [75.0, 25.0, 0.0], ""scorePred"": [1, 0]}","{""preds"": [57.57, 42.43, 0.0], ""scorePred"": [1, 0]}","{""preds"": [41.58, 58.42, 0.0], ""scorePred"": [1, 2]}","{""preds"": [36.91, 63.09, 0.0], ""scorePred"": [2, 9]}","{""preds"": [88.95, 11.05, 0.0], ""scorePred"": [1, 0]}","{""preds"": [38.25, 61.75, 0.0], ""scorePred"": [1, 2]}","{""preds"": [74.72, 25.28, 0.0], ""scorePred"": [1, 0]}","{""preds"": [76.72, 23.28, 0.0], ""scorePred"": [1, 0]}","{""preds"": [49.17, 50.83, 0.0], ""scorePred"": [1, 2]}","{""preds"": [51.41, 48.59, 0.0], ""scorePred"": [2, 1]}",,"{""preds"": [36.27, 63.73, 0.0], ""scorePred"": [1, 2]}","{""preds"": [47.79, 52.21, 0.0], ""scorePred"": [1, 2]}","{""preds"": [44.95, 55.05, 0.0], ""scorePred"": [1, 2]}","{""preds"": [58.97, 41.03, 0.0], ""scorePred"": [1, 0]}","{""preds"": [53.13, 46.87, 0.0], ""scorePred"": [1, 0]}","{""preds"": [70.19, 29.81, 0.0], ""scorePred"": [1, 0]}","{""preds"": [65.64, 34.36, 0.0], ""scorePred"": [1, 0]}","{""preds"": [60.25, 39.75, 0.0], ""scorePred"": [1, 0]}"
Russia,"{""preds"": [23.76, 59.53, 16.71], ""scorePred"": [1, 2]}","{""preds"": [46.52, 31.73, 21.75], ""scorePred"": [2, 1]}","{""preds"": [53.29, 24.57, 22.14], ""scorePred"": [2, 1]}","{""preds"": [57.86, 20.71, 21.43], ""scorePred"": [2, 1]}","{""preds"": [37.58, 61.06, 1.36], ""scorePred"": [2, 11]}","{""preds"": [45.71, 32.5, 21.79], ""scorePred"": [2, 1]}","{""preds"": [45.4, 33.92, 20.68], ""scorePred"": [2, 1]}","{""preds"": [44.41, 34.14, 21.45], ""scorePred"": [2, 1]}","{""preds"": [42.89, 35.66, 21.45], ""scorePred"": [2, 1]}","{""preds"": [57.09, 38.12, 4.79], ""scorePred"": [2, 0]}","{""preds"": [41.37, 37.64, 20.99], ""scorePred"": [2, 1]}","{""preds"": [34.67, 45.76, 19.57], ""scorePred"": [1, 2]}","{""preds"": [60.79, 17.9, 21.31], ""scorePred"": [1, 0]}","{""preds"": [45.98, 33.16, 20.86], ""scorePred"": [2, 1]}","{""preds"": [47.89, 49.62, 2.49], ""scorePred"": [2, 9]}","{""preds"": [54.59, 23.07, 22.34], ""scorePred"": [2, 1]}","{""preds"": [43.53, 35.58, 20.89], ""scorePred"": [2, 1]}","{""preds"": [38.15, 60.45, 1.4], ""scorePred"": [2, 10]}","{""preds"": [27.3, 71.92, 0.78], ""scorePred"": [3, 11]}","{""preds"": [40.69, 38.04, 21.27], ""scorePred"": [2, 1]}","{""preds"": [66.56, 12.69, 20.75], ""scorePred"": [2, 0]}","{""preds"": [68.29, 11.03, 20.68], ""scorePred"": [1, 0]}","{""preds"": [47.8, 30.17, 22.03], ""scorePred"": [2, 1]}","{""preds"": [50.58, 28.0, 21.42], ""scorePred"": [2, 1]}","{""preds"": [49.9, 28.76, 21.34], ""scorePred"": [2, 1]}",,"{""preds"": [47.56, 30.97, 21.47], ""scorePred"": [2, 1]}","{""preds"": [45.7, 33.07, 21.23], ""scorePred"": [2, 1]}","{""preds"": [54.66, 22.37, 22.97], ""scorePred"": [2, 1]}","{""preds"": [52.16, 25.89, 21.95], ""scorePred"": [2, 1]}","{""preds"": [64.41, 15.32, 20.27], ""scorePred"": [2, 0]}","{""preds"": [58.58, 19.77, 21.65], ""scorePred"": [1, 0]}","{""preds"": [57.25, 21.0, 21.75], ""scorePred"": [2, 1]}","{""preds"": [28.79, 71.21, 0.0], ""scorePred"": [1, 3]}","{""preds"": [59.14, 40.86, 0.0], ""scorePred"": [2, 1]}","{""preds"": [68.8, 31.2, 0.0], ""scorePred"": [2, 1]}","{""preds"": [73.84, 26.16, 0.0], ""scorePred"": [2, 1]}","{""preds"": [38.72, 61.28, 0.0], ""scorePred"": [2, 10]}","{""preds"": [57.23, 42.77, 0.0], ""scorePred"": [2, 1]}","{""preds"": [56.93, 43.07, 0.0], ""scorePred"": [2, 1]}","{""preds"": [56.4, 43.6, 0.0], ""scorePred"": [2, 1]}","{""preds"": [54.51, 45.49, 0.0], ""scorePred"": [2, 1]}","{""preds"": [59.36, 40.64, 0.0], ""scorePred"": [2, 0]}","{""preds"": [51.65, 48.35, 0.0], ""scorePred"": [2, 1]}","{""preds"": [42.68, 57.32, 0.0], ""scorePred"": [1, 2]}","{""preds"": [76.76, 23.24, 0.0], ""scorePred"": [2, 0]}","{""preds"": [57.63, 42.37, 0.0], ""scorePred"": [2, 1]}","{""preds"": [49.27, 50.73, 0.0], ""scorePred"": [2, 9]}","{""preds"": [70.28, 29.72, 0.0], ""scorePred"": [2, 1]}","{""preds"": [54.58, 45.42, 0.0], ""scorePred"": [2, 1]}","{""preds"": [38.21, 61.79, 0.0], ""scorePred"": [2, 11]}","{""preds"": [27.87, 72.13, 0.0], ""scorePred"": [2, 10]}","{""preds"": [51.59, 48.41, 0.0], ""scorePred"": [2, 1]}","{""preds"": [83.74, 16.26, 0.0], ""scorePred"": [1, 0]}","{""preds"": [85.22, 14.78, 0.0], ""scorePred"": [1, 0]}","{""preds"": [62.23, 37.77, 0.0], ""scorePred"": [2, 1]}","{""preds"": [64.98, 35.02, 0.0], ""scorePred"": [2, 1]}","{""preds"": [63.88, 36.12, 0.0], ""scorePred"": [2, 1]}",,"{""preds"": [62.02, 37.98, 0.0], ""scorePred"": [2, 1]}","{""preds"": [58.59, 41.41, 0.0], ""scorePred"": [2, 1]}","{""preds"": [70.55, 29.45, 0.0], ""scorePred"": [2, 1]}","{""preds"": [66.98, 33.02, 0.0], ""scorePred"": [2, 1]}","{""preds"": [80.82, 19.18, 0.0], ""scorePred"": [2, 0]}","{""preds"": [74.36, 25.64, 0.0], ""scorePred"": [2, 0]}","{""preds"": [72.78, 27.22, 0.0], ""scorePred"": [2, 1]}"
Scotland,"{""preds"": [16.74, 67.5, 15.76], ""scorePred"": [1, 3]}","{""preds"": [36.9, 39.79, 23.31], ""scorePred"": [1, 2]}","{""preds"": [43.47, 31.23, 25.3], ""scorePred"": [1, 0]}","{""preds"": [47.45, 27.02, 25.53], ""scorePred"": [1, 0]}","{""preds"": [36.94, 61.14, 1.92], ""scorePred"": [2, 10]}","{""preds"": [35.99, 40.45, 23.56], ""scorePred"": [1, 2]}","{""preds"": [34.54, 42.04, 23.42], ""scorePred"": [1, 2]}","{""preds"": [33.43, 42.94, 23.63], ""scorePred"": [1, 2]}","{""preds"": [32.81, 44.53, 22.66], ""scorePred"": [1, 2]}","{""preds"": [49.15, 24.94, 25.91], ""scorePred"": [1, 0]}","{""preds"": [32.19, 45.08, 22.73], ""scorePred"": [1, 2]}","{""preds"": [26.2, 53.95, 19.85], ""scorePred"": [1, 2]}","{""preds"": [49.61, 24.15, 26.24], ""scorePred"": [1, 0]}","{""preds"": [35.69, 40.94, 23.37], ""scorePred"": [1, 2]}","{""preds"": [56.56, 17.57, 25.87], ""scorePred"": [1, 0]}","{""preds"": [44.49, 30.23, 25.28], ""scorePred"": [1, 0]}","{""preds"": [35.02, 41.99, 22.99], ""scorePred"": [1, 2]}","{""preds"": [37.31, 60.84, 1.85], ""scorePred"": [2, 9]}","{""preds"": [67.04, 7.77, 25.19], ""scorePred"": [1, 0]}","{""preds"": [31.74, 45.56, 22.7], ""scorePred"": [1, 2]}","{""preds"": [56.7, 17.79, 25.51], ""scorePred"": [1, 0]}","{""preds"": [57.97, 16.05, 25.98], ""scorePred"": [1, 0]}","{""preds"": [37.9, 37.9, 24.2], ""scorePred"": [2, 1]}","{""preds"": [40.41, 35.25, 24.34], ""scorePred"": [2, 1]}","{""preds"": [38.99, 36.1, 24.91], ""scorePred"": [2, 1]}","{""preds"": [30.33, 47.78, 21.89], ""scorePred"": [1, 2]}",,"{""preds"": [35.3, 41.12, 23.58], ""scorePred"": [1, 2]}","{""preds"": [44.37, 30.11, 25.52], ""scorePred"": [1, 0]}","{""preds"": [41.71, 33.35, 24.94], ""scorePred"": [1, 0]}","{""preds"": [52.13, 21.85, 26.02], ""scorePred"": [1, 0]}","{""preds"": [49.43, 25.16, 25.41], ""scorePred"": [1, 0]}","{""preds"": [47.64, 26.73, 25.63], ""scorePred"": [1, 0]}","{""preds"": [19.37, 80.63, 0.0], ""scorePred"": [1, 2]}","{""preds"": [47.63, 52.37, 0.0], ""scorePred"": [1, 2]}","{""preds"": [56.99, 43.01, 0.0], ""scorePred"": [1, 0]}","{""preds"": [63.81, 36.19, 0.0], ""scorePred"": [1, 0]}","{""preds"": [37.27, 62.73, 0.0], ""scorePred"": [2, 9]}","{""preds"": [45.43, 54.57, 0.0], ""scorePred"": [1, 2]}","{""preds"": [47.15, 52.85, 0.0], ""scorePred"": [1, 2]}","{""preds"": [44.02, 55.98, 0.0], ""scorePred"": [1, 2]}","{""preds"": [42.38, 57.62, 0.0], ""scorePred"": [1, 2]}","{""preds"": [66.9, 33.1, 0.0], ""scorePred"": [1, 0]}","{""preds"": [40.41, 59.59, 0.0], ""scorePred"": [1, 2]}","{""preds"": [30.98, 69.02, 0.0], ""scorePred"": [1, 2]}","{""preds"": [68.46, 31.54, 0.0], ""scorePred"": [1, 0]}","{""preds"": [47.93, 52.07, 0.0], ""scorePred"": [1, 2]}","{""preds"": [77.11, 22.89, 0.0], ""scorePred"": [1, 0]}","{""preds"": [59.22, 40.78, 0.0], ""scorePred"": [1, 0]}","{""preds"": [45.28, 54.72, 0.0], ""scorePred"": [1, 2]}","{""preds"": [37.78, 62.22, 0.0], ""scorePred"": [2, 9]}","{""preds"": [88.94, 11.06, 0.0], ""scorePred"": [1, 0]}","{""preds"": [40.65, 59.35, 0.0], ""scorePred"": [1, 2]}","{""preds"": [76.06, 23.94, 0.0], ""scorePred"": [1, 0]}","{""preds"": [79.18, 20.82, 0.0], ""scorePred"": [1, 0]}","{""preds"": [49.99, 50.01, 0.0], ""scorePred"": [1, 2]}","{""preds"": [53.66, 46.34, 0.0], ""scorePred"": [2, 1]}","{""preds"": [51.3, 48.7, 0.0], ""scorePred"": [2, 1]}","{""preds"": [38.28, 61.72, 0.0], ""scorePred"": [1, 2]}",,"{""preds"": [46.96, 53.04, 0.0], ""scorePred"": [1, 2]}","{""preds"": [60.63, 39.37, 0.0], ""scorePred"": [1, 0]}","{""preds"": [56.31, 43.69, 0.0], ""scorePred"": [1, 0]}","{""preds"": [71.63, 28.37, 0.0], ""scorePred"": [1, 0]}","{""preds"": [65.95, 34.05, 0.0], ""scorePred"": [1, 0]}","{""preds"": [62.33, 37.67, 0.0], ""scorePred"": [1, 0]}"
Serbia,"{""preds"": [18.8, 64.9, 16.3], ""scorePred"": [1, 3]}","{""preds"": [38.89, 37.91, 23.2], ""scorePred"": [2, 1]}","{""preds"": [45.84, 30.31, 23.85], ""scorePred"": [2, 1]}","{""preds"": [50.86, 24.88, 24.26], ""scorePred"": [1, 0]}","{""preds"": [37.3, 60.53, 2.17], ""scorePred"": [2, 8]}","{""preds"": [37.81, 38.74, 23.45], ""scorePred"": [1, 2]}","{""preds"": [37.57, 39.62, 22.81], ""scorePred"": [1, 2]}","{""preds"": [36.77, 40.2, 23.03], ""scorePred"": [1, 2]}","{""preds"": [36.08, 41.16, 22.76], ""scorePred"": [1, 2]}","{""preds"": [52.5, 22.82, 24.68], ""scorePred"": [1, 0]}","{""preds"": [33.49, 44.73, 21.78], ""scorePred"": [1, 2]}","{""preds"": [27.2, 52.59, 20.21], ""scorePred"": [1, 2]}","{""preds"": [53.17, 22.3, 24.53], ""scorePred"": [1, 0]}","{""preds"": [37.72, 38.61, 23.67], ""scorePred"": [1, 2]}","{""preds"": [60.44, 15.74, 23.82], ""scorePred"": [1, 0]}","{""preds"": [47.22, 28.61, 24.17], ""scorePred"": [1, 0]}","{""preds"": [36.35, 41.17, 22.48], ""scorePred"": [1, 2]}","{""preds"": [36.6, 61.65, 1.75], ""scorePred"": [2, 9]}","{""preds"": [27.56, 71.46, 0.98], ""scorePred"": [2, 9]}","{""preds"": [33.45, 44.45, 22.1], ""scorePred"": [1, 2]}","{""preds"": [60.05, 15.73, 24.22], ""scorePred"": [1, 0]}","{""preds"": [60.6, 15.19, 24.21], ""scorePred"": [1, 0]}","{""preds"": [40.26, 35.54, 24.2], ""scorePred"": [2, 1]}","{""preds"": [42.7, 33.35, 23.95], ""scorePred"": [2, 1]}","{""preds"": [41.11, 34.81, 24.08], ""scorePred"": [2, 1]}","{""preds"": [31.65, 47.06, 21.29], ""scorePred"": [1, 2]}","{""preds"": [40.15, 36.96, 22.89], ""scorePred"": [2, 1]}",,"{""preds"": [47.88, 28.29, 23.83], ""scorePred"": [1, 0]}","{""preds"": [43.91, 32.21, 23.88], ""scorePred"": [2, 1]}","{""preds"": [55.13, 19.46, 25.41], ""scorePred"": [1, 0]}","{""preds"": [50.7, 24.33, 24.97], ""scorePred"": [1, 0]}","{""preds"": [49.13, 25.88, 24.99], ""scorePred"": [1, 0]}","{""preds"": [22.71, 77.29, 0.0], ""scorePred"": [1, 2]}","{""preds"": [50.02, 49.98, 0.0], ""scorePred"": [2, 1]}","{""preds"": [60.6, 39.4, 0.0], ""scorePred"": [2, 1]}","{""preds"": [65.75, 34.25, 0.0], ""scorePred"": [1, 0]}","{""preds"": [37.38, 62.62, 0.0], ""scorePred"": [2, 9]}","{""preds"": [49.2, 50.8, 0.0], ""scorePred"": [1, 2]}","{""preds"": [48.89, 51.11, 0.0], ""scorePred"": [1, 2]}","{""preds"": [47.15, 52.85, 0.0], ""scorePred"": [1, 2]}","{""preds"": [45.6, 54.4, 0.0], ""scorePred"": [1, 2]}","{""preds"": [69.04, 30.96, 0.0], ""scorePred"": [1, 0]}","{""preds"": [44.21, 55.79, 0.0], ""scorePred"": [1, 2]}","{""preds"": [35.22, 64.78, 0.0], ""scorePred"": [1, 2]}","{""preds"": [68.98, 31.02, 0.0], ""scorePred"": [1, 0]}","{""preds"": [50.3, 49.7, 0.0], ""scorePred"": [2, 1]}","{""preds"": [78.48, 21.52, 0.0], ""scorePred"": [1, 0]}","{""preds"": [61.86, 38.14, 0.0], ""scorePred"": [1, 0]}","{""preds"": [46.71, 53.29, 0.0], ""scorePred"": [1, 2]}","{""preds"": [37.32, 62.68, 0.0], ""scorePred"": [2, 10]}","{""preds"": [27.42, 72.58, 0.0], ""scorePred"": [2, 10]}","{""preds"": [43.25, 56.75, 0.0], ""scorePred"": [1, 2]}","{""preds"": [77.63, 22.37, 0.0], ""scorePred"": [1, 0]}","{""preds"": [80.25, 19.75, 0.0], ""scorePred"": [1, 0]}","{""preds"": [53.02, 46.98, 0.0], ""scorePred"": [2, 1]}","{""preds"": [56.29, 43.71, 0.0], ""scorePred"": [2, 1]}","{""preds"": [55.41, 44.59, 0.0], ""scorePred"": [2, 1]}","{""preds"": [42.35, 57.65, 0.0], ""scorePred"": [1, 2]}","{""preds"": [52.6, 47.4, 0.0], ""scorePred"": [2, 1]}",,"{""preds"": [63.26, 36.74, 0.0], ""scorePred"": [1, 0]}","{""preds"": [58.23, 41.77, 0.0], ""scorePred"": [2, 1]}","{""preds"": [73.67, 26.33, 0.0], ""scorePred"": [1, 0]}","{""preds"": [67.24, 32.76, 0.0], ""scorePred"": [1, 0]}","{""preds"": [64.95, 35.05, 0.0], ""scorePred"": [1, 0]}"
Spain,"{""preds"": [11.95, 74.55, 13.5], ""scorePred"": [1, 2]}","{""preds"": [28.84, 46.53, 24.63], ""scorePred"": [0, 1]}","{""preds"": [33.72, 38.49, 27.79], ""scorePred"": [0, 1]}","{""preds"": [38.14, 33.55, 28.31], ""scorePred"": [1, 0]}","{""preds"": [36.11, 61.04, 2.85], ""scorePred"": [2, 7]}","{""preds"": [27.52, 47.63, 24.85], ""scorePred"": [0, 1]}","{""preds"": [27.03, 48.85, 24.12], ""scorePred"": [0, 1]}","{""preds"": [25.72, 50.5, 23.78], ""scorePred"": [0, 1]}","{""preds"": [25.49, 50.83, 23.68], ""scorePred"": [1, 2]}","{""preds"": [40.68, 30.69, 28.63], ""scorePred"": [1, 0]}","{""preds"": [23.74, 52.89, 23.37], ""scorePred"": [1, 2]}","{""preds"": [18.41, 62.16, 19.43], ""scorePred"": [1, 2]}","{""preds"": [40.74, 30.89, 28.37], ""scorePred"": [1, 0]}","{""preds"": [27.94, 48.3, 23.76], ""scorePred"": [0, 1]}","{""preds"": [46.6, 21.81, 31.59], ""scorePred"": [1, 0]}","{""preds"": [36.09, 36.37, 27.54], ""scorePred"": [0, 1]}","{""preds"": [25.8, 50.84, 23.36], ""scorePred"": [1, 2]}","{""preds"": [36.68, 60.18, 3.14], ""scorePred"": [2, 8]}","{""preds"": [58.03, 10.36, 31.61], ""scorePred"": [1, 0]}","{""preds"": [23.79, 54.48, 21.73], ""scorePred"": [1, 2]}","{""preds"": [47.41, 21.98, 30.61], ""scorePred"": [1, 0]}","{""preds"": [48.79, 20.05, 31.16], ""scorePred"": [1, 0]}","{""preds"": [30.22, 43.73, 26.05], ""scorePred"": [0, 1]}","{""preds"": [31.96, 41.52, 26.52], ""scorePred"": [0, 1]}","{""preds"": [31.21, 42.38, 26.41], ""scorePred"": [0, 1]}","{""preds"": [23.32, 54.8, 21.88], ""scorePred"": [1, 2]}","{""preds"": [30.26, 44.71, 25.03], ""scorePred"": [0, 1]}","{""preds"": [26.91, 47.84, 25.25], ""scorePred"": [1, 2]}",,"{""preds"": [33.0, 40.29, 26.71], ""scorePred"": [0, 1]}","{""preds"": [43.46, 25.8, 30.74], ""scorePred"": [1, 0]}","{""preds"": [39.41, 31.69, 28.9], ""scorePred"": [1, 0]}","{""preds"": [37.65, 33.75, 28.6], ""scorePred"": [1, 0]}","{""preds"": [14.81, 85.19, 0.0], ""scorePred"": [1, 2]}","{""preds"": [37.31, 62.69, 0.0], ""scorePred"": [0, 1]}","{""preds"": [47.39, 52.61, 0.0], ""scorePred"": [0, 1]}","{""preds"": [53.83, 46.17, 0.0], ""scorePred"": [1, 0]}","{""preds"": [37.11, 62.89, 0.0], ""scorePred"": [2, 9]}","{""preds"": [36.21, 63.79, 0.0], ""scorePred"": [0, 1]}","{""preds"": [35.1, 64.9, 0.0], ""scorePred"": [1, 2]}","{""preds"": [35.31, 64.69, 0.0], ""scorePred"": [1, 2]}","{""preds"": [32.4, 67.6, 0.0], ""scorePred"": [1, 2]}","{""preds"": [56.57, 43.43, 0.0], ""scorePred"": [1, 0]}","{""preds"": [32.01, 67.99, 0.0], ""scorePred"": [1, 2]}","{""preds"": [23.78, 76.22, 0.0], ""scorePred"": [1, 2]}","{""preds"": [57.78, 42.22, 0.0], ""scorePred"": [1, 0]}","{""preds"": [35.4, 64.6, 0.0], ""scorePred"": [0, 1]}","{""preds"": [68.84, 31.16, 0.0], ""scorePred"": [1, 0]}","{""preds"": [49.34, 50.66, 0.0], ""scorePred"": [0, 1]}","{""preds"": [34.01, 65.99, 0.0], ""scorePred"": [1, 2]}","{""preds"": [37.43, 62.57, 0.0], ""scorePred"": [2, 9]}","{""preds"": [84.57, 15.43, 0.0], ""scorePred"": [1, 0]}","{""preds"": [30.67, 69.33, 0.0], ""scorePred"": [1, 2]}","{""preds"": [67.37, 32.63, 0.0], ""scorePred"": [1, 0]}","{""preds"": [70.21, 29.79, 0.0], ""scorePred"": [1, 0]}","{""preds"": [40.27, 59.73, 0.0], ""scorePred"": [0, 1]}","{""preds"": [43.55, 56.45, 0.0], ""scorePred"": [0, 1]}","{""preds"": [41.28, 58.72, 0.0], ""scorePred"": [0, 1]}","{""preds"": [29.14, 70.86, 0.0], ""scorePred"": [1, 2]}","{""preds"": [40.38, 59.62, 0.0], ""scorePred"": [0, 1]}","{""preds"": [37.23, 62.77, 0.0], ""scorePred"": [0, 1]}",,"{""preds"": [45.04, 54.96, 0.0], ""scorePred"": [0, 1]}","{""preds"": [63.31, 36.69, 0.0], ""scorePred"": [1, 0]}","{""preds"": [55.26, 44.74, 0.0], ""scorePred"": [1, 0]}","{""preds"": [52.48, 47.52, 0.0], ""scorePred"": [1, 0]}"
Sweden,"{""preds"": [14.71, 70.26, 15.03], ""scorePred"": [1, 2]}","{""preds"": [30.62, 45.0, 24.38], ""scorePred"": [1, 2]}","{""preds"": [38.4, 35.6, 26.0], ""scorePred"": [1, 0]}","{""preds"": [42.14, 30.25, 27.61], ""scorePred"": [1, 0]}","{""preds"": [57.58, 13.54, 28.88], ""scorePred"": [1, 0]}","{""preds"": [30.63, 44.7, 24.67], ""scorePred"": [1, 2]}","{""preds"": [31.03, 44.87, 24.1], ""scorePred"": [1, 2]}","{""preds"": [29.43, 46.82, 23.75], ""scorePred"": [1, 2]}","{""preds"": [29.39, 48.21, 22.4], ""scorePred"": [1, 2]}","{""preds"": [44.4, 28.24, 27.36], ""scorePred"": [1, 0]}","{""preds"": [27.73, 49.28, 22.99], ""scorePred"": [1, 2]}","{""preds"": [21.52, 58.51, 19.97], ""scorePred"": [1, 2]}","{""preds"": [44.67, 27.3, 28.03], ""scorePred"": [1, 0]}","{""preds"": [31.69, 44.79, 23.52], ""scorePred"": [1, 2]}","{""preds"": [50.81, 20.19, 29.0], ""scorePred"": [1, 0]}","{""preds"": [38.99, 34.56, 26.45], ""scorePred"": [1, 0]}","{""preds"": [29.51, 47.12, 23.37], ""scorePred"": [1, 2]}","{""preds"": [57.72, 13.9, 28.38], ""scorePred"": [1, 0]}","{""preds"": [63.0, 8.96, 28.04], ""scorePred"": [1, 0]}","{""preds"": [26.9, 50.6, 22.5], ""scorePred"": [1, 2]}","{""preds"": [52.18, 19.47, 28.35], ""scorePred"": [1, 0]}","{""preds"": [54.61, 17.67, 27.72], ""scorePred"": [1, 0]}","{""preds"": [33.33, 42.35, 24.32], ""scorePred"": [1, 2]}","{""preds"": [35.33, 38.79, 25.88], ""scorePred"": [0, 1]}","{""preds"": [34.39, 40.01, 25.6], ""scorePred"": [1, 2]}","{""preds"": [26.28, 52.16, 21.56], ""scorePred"": [1, 2]}","{""preds"": [33.33, 41.57, 25.1], ""scorePred"": [0, 1]}","{""preds"": [31.09, 44.16, 24.75], ""scorePred"": [1, 2]}","{""preds"": [40.84, 32.88, 26.28], ""scorePred"": [1, 0]}",,"{""preds"": [47.33, 24.25, 28.42], ""scorePred"": [1, 0]}","{""preds"": [43.76, 29.27, 26.97], ""scorePred"": [1, 0]}","{""preds"": [41.75, 31.42, 26.83], ""scorePred"": [1, 0]}","{""preds"": [16.02, 83.98, 0.0], ""scorePred"": [1, 3]}","{""preds"": [42.44, 57.56, 0.0], ""scorePred"": [1, 2]}","{""preds"": [51.41, 48.59, 0.0], ""scorePred"": [1, 0]}","{""preds"": [58.18, 41.82, 0.0], ""scorePred"": [1, 0]}","{""preds"": [80.63, 19.37, 0.0], ""scorePred"": [1, 0]}","{""preds"": [39.68, 60.32, 0.0], ""scorePred"": [1, 2]}","{""preds"": [41.08, 58.92, 0.0], ""scorePred"": [1, 2]}","{""preds"": [39.17, 60.83, 0.0], ""scorePred"": [1, 2]}","{""preds"": [37.18, 62.82, 0.0], ""scorePred"": [1, 2]}","{""preds"": [61.67, 38.33, 0.0], ""scorePred"": [1, 0]}","{""preds"": [35.6, 64.4, 0.0], ""scorePred"": [1, 2]}","{""preds"": [26.79, 73.21, 0.0], ""scorePred"": [1, 2]}","{""preds"": [61.8, 38.2, 0.0], ""scorePred"": [1, 0]}","{""preds"": [41.13, 58.87, 0.0], ""scorePred"": [1, 2]}","{""preds"": [73.18, 26.82, 0.0], ""scorePred"": [1, 0]}","{""preds"": [54.56, 45.44, 0.0], ""scorePred"": [1, 0]}","{""preds"": [38.48, 61.52, 0.0], ""scorePred"": [1, 2]}","{""preds"": [80.12, 19.88, 0.0], ""scorePred"": [1, 0]}","{""preds"": [87.06, 12.94, 0.0], ""scorePred"": [1, 0]}","{""preds"": [34.46, 65.54, 0.0], ""scorePred"": [1, 2]}","{""preds"": [71.29, 28.71, 0.0], ""scorePred"": [1, 0]}","{""preds"": [74.27, 25.73, 0.0], ""scorePred"": [1, 0]}","{""preds"": [44.6, 55.4, 0.0], ""scorePred"": [1, 2]}","{""preds"": [48.41, 51.59, 0.0], ""scorePred"": [0, 1]}","{""preds"": [46.3, 53.7, 0.0], ""scorePred"": [0, 1]}","{""preds"": [34.05, 65.95, 0.0], ""scorePred"": [1, 2]}","{""preds"": [44.51, 55.49, 0.0], ""scorePred"": [0, 1]}","{""preds"": [41.63, 58.37, 0.0], ""scorePred"": [1, 2]}","{""preds"": [54.15, 45.85, 0.0], ""scorePred"": [1, 0]}",,"{""preds"": [66.4, 33.6, 0.0], ""scorePred"": [1, 0]}","{""preds"": [60.13, 39.87, 0.0], ""scorePred"": [1, 0]}","{""preds"": [56.95, 43.05, 0.0], ""scorePred"": [1, 0]}"
Switzerland,"{""preds"": [7.46, 80.5, 12.04], ""scorePred"": [0, 2]}","{""preds"": [19.91, 55.05, 25.04], ""scorePred"": [0, 1]}","{""preds"": [25.02, 45.86, 29.12], ""scorePred"": [0, 1]}","{""preds"": [28.02, 40.2, 31.78], ""scorePred"": [0, 1]}","{""preds"": [42.38, 19.74, 37.88], ""scorePred"": [1, 0]}","{""preds"": [19.19, 55.98, 24.83], ""scorePred"": [0, 1]}","{""preds"": [18.57, 56.76, 24.67], ""scorePred"": [0, 1]}","{""preds"": [18.12, 58.63, 23.25], ""scorePred"": [0, 1]}","{""preds"": [17.99, 59.9, 22.11], ""scorePred"": [0, 1]}","{""preds"": [29.89, 37.88, 32.23], ""scorePred"": [0, 1]}","{""preds"": [16.64, 61.97, 21.39], ""scorePred"": [0, 1]}","{""preds"": [43.78, 53.45, 2.77], ""scorePred"": [0, 3]}","{""preds"": [29.48, 37.45, 33.07], ""scorePred"": [0, 1]}","{""preds"": [18.11, 57.36, 24.53], ""scorePred"": [0, 1]}","{""preds"": [35.67, 28.42, 35.91], ""scorePred"": [0, 0]}","{""preds"": [26.06, 43.74, 30.2], ""scorePred"": [0, 1]}","{""preds"": [18.09, 58.66, 23.25], ""scorePred"": [0, 1]}","{""preds"": [41.34, 20.81, 37.85], ""scorePred"": [1, 0]}","{""preds"": [46.72, 13.58, 39.7], ""scorePred"": [1, 0]}","{""preds"": [15.64, 63.11, 21.25], ""scorePred"": [0, 1]}","{""preds"": [36.61, 28.46, 34.93], ""scorePred"": [1, 0]}","{""preds"": [37.96, 25.77, 36.27], ""scorePred"": [1, 0]}","{""preds"": [20.88, 53.4, 25.72], ""scorePred"": [0, 1]}","{""preds"": [22.11, 50.48, 27.41], ""scorePred"": [0, 1]}","{""preds"": [21.2, 52.08, 26.72], ""scorePred"": [0, 1]}","{""preds"": [16.15, 62.72, 21.13], ""scorePred"": [0, 1]}","{""preds"": [21.6, 52.16, 26.24], ""scorePred"": [0, 1]}","{""preds"": [19.77, 55.55, 24.68], ""scorePred"": [0, 1]}","{""preds"": [27.41, 43.56, 29.03], ""scorePred"": [0, 1]}","{""preds"": [23.66, 48.82, 27.52], ""scorePred"": [0, 1]}",,"{""preds"": [29.74, 38.59, 31.67], ""scorePred"": [0, 1]}","{""preds"": [27.3, 41.45, 31.25], ""scorePred"": [0, 1]}","{""preds"": [8.51, 91.49, 0.0], ""scorePred"": [0, 3]}","{""preds"": [26.37, 73.63, 0.0], ""scorePred"": [0, 1]}","{""preds"": [34.06, 65.94, 0.0], ""scorePred"": [0, 1]}","{""preds"": [40.64, 59.36, 0.0], ""scorePred"": [0, 1]}","{""preds"": [66.31, 33.69, 0.0], ""scorePred"": [1, 0]}","{""preds"": [25.08, 74.92, 0.0], ""scorePred"": [0, 1]}","{""preds"": [25.38, 74.62, 0.0], ""scorePred"": [0, 1]}","{""preds"": [24.48, 75.52, 0.0], ""scorePred"": [0, 1]}","{""preds"": [23.05, 76.95, 0.0], ""scorePred"": [0, 1]}","{""preds"": [42.99, 57.01, 0.0], ""scorePred"": [0, 1]}","{""preds"": [20.7, 79.3, 0.0], ""scorePred"": [0, 1]}","{""preds"": [46.16, 53.84, 0.0], ""scorePred"": [0, 3]}","{""preds"": [44.6, 55.4, 0.0], ""scorePred"": [0, 1]}","{""preds"": [25.58, 74.42, 0.0], ""scorePred"": [0, 1]}","{""preds"": [56.98, 43.02, 0.0], ""scorePred"": [1, 0]}","{""preds"": [36.19, 63.81, 0.0], ""scorePred"": [0, 1]}","{""preds"": [23.84, 76.16, 0.0], ""scorePred"": [0, 1]}","{""preds"": [66.1, 33.9, 0.0], ""scorePred"": [1, 0]}","{""preds"": [77.39, 22.61, 0.0], ""scorePred"": [1, 0]}","{""preds"": [21.22, 78.78, 0.0], ""scorePred"": [0, 1]}","{""preds"": [56.23, 43.77, 0.0], ""scorePred"": [1, 0]}","{""preds"": [59.2, 40.8, 0.0], ""scorePred"": [1, 0]}","{""preds"": [27.41, 72.59, 0.0], ""scorePred"": [0, 1]}","{""preds"": [31.3, 68.7, 0.0], ""scorePred"": [0, 1]}","{""preds"": [30.77, 69.23, 0.0], ""scorePred"": [0, 1]}","{""preds"": [19.37, 80.63, 0.0], ""scorePred"": [0, 1]}","{""preds"": [28.32, 71.68, 0.0], ""scorePred"": [0, 1]}","{""preds"": [26.47, 73.53, 0.0], ""scorePred"": [0, 1]}","{""preds"": [37.5, 62.5, 0.0], ""scorePred"": [0, 1]}","{""preds"": [33.42, 66.58, 0.0], ""scorePred"": [0, 1]}",,"{""preds"": [42.2, 57.8, 0.0], ""scorePred"": [0, 1]}","{""preds"": [39.53, 60.47, 0.0], ""scorePred"": [0, 1]}"
Turkey,"{""preds"": [9.56, 76.77, 13.67], ""scorePred"": [0, 3]}","{""preds"": [25.3, 49.38, 25.32], ""scorePred"": [0, 1]}","{""preds"": [29.99, 41.89, 28.12], ""scorePred"": [0, 1]}","{""preds"": [34.43, 35.84, 29.73], ""scorePred"": [0, 1]}","{""preds"": [47.9, 17.81, 34.29], ""scorePred"": [1, 0]}","{""preds"": [23.77, 52.19, 24.04], ""scorePred"": [0, 1]}","{""preds"": [23.43, 52.95, 23.62], ""scorePred"": [0, 1]}","{""preds"": [22.55, 53.98, 23.47], ""scorePred"": [0, 1]}","{""preds"": [21.91, 55.16, 22.93], ""scorePred"": [0, 1]}","{""preds"": [35.05, 34.15, 30.8], ""scorePred"": [1, 0]}","{""preds"": [21.25, 56.05, 22.7], ""scorePred"": [0, 1]}","{""preds"": [16.01, 65.53, 18.46], ""scorePred"": [1, 2]}","{""preds"": [36.46, 32.88, 30.66], ""scorePred"": [1, 0]}","{""preds"": [24.34, 51.33, 24.33], ""scorePred"": [0, 1]}","{""preds"": [42.84, 24.64, 32.52], ""scorePred"": [1, 0]}","{""preds"": [31.75, 40.12, 28.13], ""scorePred"": [0, 1]}","{""preds"": [22.78, 54.29, 22.93], ""scorePred"": [0, 1]}","{""preds"": [48.21, 17.23, 34.56], ""scorePred"": [1, 0]}","{""preds"": [52.85, 11.88, 35.27], ""scorePred"": [1, 0]}","{""preds"": [20.63, 56.95, 22.42], ""scorePred"": [1, 2]}","{""preds"": [42.29, 24.87, 32.84], ""scorePred"": [1, 0]}","{""preds"": [44.49, 22.4, 33.11], ""scorePred"": [1, 0]}","{""preds"": [25.47, 48.98, 25.55], ""scorePred"": [0, 1]}","{""preds"": [27.49, 44.23, 28.28], ""scorePred"": [0, 1]}","{""preds"": [26.93, 46.63, 26.44], ""scorePred"": [0, 1]}","{""preds"": [20.17, 58.13, 21.7], ""scorePred"": [0, 1]}","{""preds"": [26.51, 48.01, 25.48], ""scorePred"": [0, 1]}","{""preds"": [24.78, 51.1, 24.12], ""scorePred"": [0, 1]}","{""preds"": [31.65, 38.52, 29.83], ""scorePred"": [0, 1]}","{""preds"": [28.08, 44.33, 27.59], ""scorePred"": [0, 1]}","{""preds"": [39.63, 28.32, 32.05], ""scorePred"": [1, 0]}",,"{""preds"": [32.77, 37.91, 29.32], ""scorePred"": [0, 1]}","{""preds"": [10.96, 89.04, 0.0], ""scorePred"": [1, 3]}","{""preds"": [31.43, 68.57, 0.0], ""scorePred"": [0, 1]}","{""preds"": [41.43, 58.57, 0.0], ""scorePred"": [0, 1]}","{""preds"": [49.02, 50.98, 0.0], ""scorePred"": [0, 1]}","{""preds"": [73.74, 26.26, 0.0], ""scorePred"": [1, 0]}","{""preds"": [31.93, 68.07, 0.0], ""scorePred"": [0, 1]}","{""preds"": [31.23, 68.77, 0.0], ""scorePred"": [0, 1]}","{""preds"": [29.88, 70.12, 0.0], ""scorePred"": [0, 1]}","{""preds"": [28.08, 71.92, 0.0], ""scorePred"": [0, 1]}","{""preds"": [50.64, 49.36, 0.0], ""scorePred"": [1, 0]}","{""preds"": [27.61, 72.39, 0.0], ""scorePred"": [0, 1]}","{""preds"": [20.36, 79.64, 0.0], ""scorePred"": [1, 2]}","{""preds"": [52.46, 47.54, 0.0], ""scorePred"": [1, 0]}","{""preds"": [31.86, 68.14, 0.0], ""scorePred"": [0, 1]}","{""preds"": [63.59, 36.41, 0.0], ""scorePred"": [1, 0]}","{""preds"": [44.44, 55.56, 0.0], ""scorePred"": [0, 1]}","{""preds"": [29.85, 70.15, 0.0], ""scorePred"": [0, 1]}","{""preds"": [72.91, 27.09, 0.0], ""scorePred"": [1, 0]}","{""preds"": [82.21, 17.79, 0.0], ""scorePred"": [1, 0]}","{""preds"": [26.47, 73.53, 0.0], ""scorePred"": [1, 2]}","{""preds"": [62.33, 37.67, 0.0], ""scorePred"": [1, 0]}","{""preds"": [65.96, 34.04, 0.0], ""scorePred"": [1, 0]}","{""preds"": [35.39, 64.61, 0.0], ""scorePred"": [0, 1]}","{""preds"": [37.33, 62.67, 0.0], ""scorePred"": [0, 1]}","{""preds"": [37.08, 62.92, 0.0], ""scorePred"": [0, 1]}","{""preds"": [24.44, 75.56, 0.0], ""scorePred"": [1, 2]}","{""preds"": [34.85, 65.15, 0.0], ""scorePred"": [0, 1]}","{""preds"": [31.52, 68.48, 0.0], ""scorePred"": [0, 1]}","{""preds"": [43.82, 56.18, 0.0], ""scorePred"": [0, 1]}","{""preds"": [40.81, 59.19, 0.0], ""scorePred"": [0, 1]}","{""preds"": [57.18, 42.82, 0.0], ""scorePred"": [1, 0]}",,"{""preds"": [47.24, 52.76, 0.0], ""scorePred"": [0, 1]}"
Wales,"{""preds"": [10.68, 75.64, 13.68], ""scorePred"": [1, 2]}","{""preds"": [26.58, 48.34, 25.08], ""scorePred"": [0, 1]}","{""preds"": [31.71, 40.71, 27.58], ""scorePred"": [0, 1]}","{""preds"": [35.51, 34.86, 29.63], ""scorePred"": [1, 0]}","{""preds"": [35.58, 61.63, 2.79], ""scorePred"": [2, 8]}","{""preds"": [25.53, 49.96, 24.51], ""scorePred"": [0, 1]}","{""preds"": [25.93, 50.16, 23.91], ""scorePred"": [0, 1]}","{""preds"": [24.63, 51.79, 23.58], ""scorePred"": [0, 1]}","{""preds"": [23.23, 53.77, 23.0], ""scorePred"": [0, 1]}","{""preds"": [38.62, 32.5, 28.88], ""scorePred"": [1, 0]}","{""preds"": [22.77, 54.61, 22.62], ""scorePred"": [0, 1]}","{""preds"": [17.99, 62.83, 19.18], ""scorePred"": [1, 2]}","{""preds"": [38.98, 30.72, 30.3], ""scorePred"": [1, 0]}","{""preds"": [27.06, 48.7, 24.24], ""scorePred"": [0, 1]}","{""preds"": [44.96, 23.48, 31.56], ""scorePred"": [1, 0]}","{""preds"": [33.23, 38.2, 28.57], ""scorePred"": [0, 1]}","{""preds"": [24.42, 51.82, 23.76], ""scorePred"": [0, 1]}","{""preds"": [36.22, 61.16, 2.62], ""scorePred"": [2, 8]}","{""preds"": [56.01, 11.04, 32.95], ""scorePred"": [1, 0]}","{""preds"": [22.04, 56.23, 21.73], ""scorePred"": [1, 2]}","{""preds"": [44.04, 24.13, 31.83], ""scorePred"": [1, 0]}","{""preds"": [46.68, 21.9, 31.42], ""scorePred"": [1, 0]}","{""preds"": [28.26, 46.23, 25.51], ""scorePred"": [0, 1]}","{""preds"": [29.66, 43.77, 26.57], ""scorePred"": [0, 1]}","{""preds"": [29.27, 45.48, 25.25], ""scorePred"": [0, 1]}","{""preds"": [21.38, 56.36, 22.26], ""scorePred"": [1, 2]}","{""preds"": [27.34, 46.46, 26.2], ""scorePred"": [0, 1]}","{""preds"": [26.14, 49.27, 24.59], ""scorePred"": [0, 1]}","{""preds"": [33.75, 37.78, 28.47], ""scorePred"": [0, 1]}","{""preds"": [30.39, 41.61, 28.0], ""scorePred"": [0, 1]}","{""preds"": [40.74, 28.32, 30.94], ""scorePred"": [1, 0]}","{""preds"": [36.87, 32.95, 30.18], ""scorePred"": [1, 0]}",,"{""preds"": [13.18, 86.82, 0.0], ""scorePred"": [1, 2]}","{""preds"": [34.69, 65.31, 0.0], ""scorePred"": [0, 1]}","{""preds"": [46.0, 54.0, 0.0], ""scorePred"": [0, 1]}","{""preds"": [52.35, 47.65, 0.0], ""scorePred"": [1, 0]}","{""preds"": [36.92, 63.08, 0.0], ""scorePred"": [2, 8]}","{""preds"": [33.67, 66.33, 0.0], ""scorePred"": [0, 1]}","{""preds"": [32.89, 67.11, 0.0], ""scorePred"": [0, 1]}","{""preds"": [31.87, 68.13, 0.0], ""scorePred"": [0, 1]}","{""preds"": [31.43, 68.57, 0.0], ""scorePred"": [1, 2]}","{""preds"": [54.19, 45.81, 0.0], ""scorePred"": [1, 0]}","{""preds"": [29.22, 70.78, 0.0], ""scorePred"": [1, 2]}","{""preds"": [21.45, 78.55, 0.0], ""scorePred"": [1, 2]}","{""preds"": [54.97, 45.03, 0.0], ""scorePred"": [1, 0]}","{""preds"": [34.61, 65.39, 0.0], ""scorePred"": [0, 1]}","{""preds"": [66.26, 33.74, 0.0], ""scorePred"": [1, 0]}","{""preds"": [47.45, 52.55, 0.0], ""scorePred"": [0, 1]}","{""preds"": [31.79, 68.21, 0.0], ""scorePred"": [1, 2]}","{""preds"": [36.52, 63.48, 0.0], ""scorePred"": [2, 9]}","{""preds"": [83.69, 16.31, 0.0], ""scorePred"": [1, 0]}","{""preds"": [28.32, 71.68, 0.0], ""scorePred"": [1, 2]}","{""preds"": [65.65, 34.35, 0.0], ""scorePred"": [1, 0]}","{""preds"": [67.87, 32.13, 0.0], ""scorePred"": [1, 0]}","{""preds"": [38.13, 61.87, 0.0], ""scorePred"": [0, 1]}","{""preds"": [40.07, 59.93, 0.0], ""scorePred"": [0, 1]}","{""preds"": [39.51, 60.49, 0.0], ""scorePred"": [0, 1]}","{""preds"": [28.16, 71.84, 0.0], ""scorePred"": [1, 2]}","{""preds"": [37.36, 62.64, 0.0], ""scorePred"": [0, 1]}","{""preds"": [35.43, 64.57, 0.0], ""scorePred"": [0, 1]}","{""preds"": [46.96, 53.04, 0.0], ""scorePred"": [0, 1]}","{""preds"": [42.74, 57.26, 0.0], ""scorePred"": [0, 1]}","{""preds"": [59.95, 40.05, 0.0], ""scorePred"": [1, 0]}","{""preds"": [53.2, 46.8, 0.0], ""scorePred"": [1, 0]}",
