home_team,AL_1,AT_1,BE_1,BG_1,CY_1,CZ_1,DK_1,DD_1,GB-ENG_1,FI_1,FR_1,DE_1,GR_1,HU_1,IS_1,IE_1,IT_1,LI_1,LU_1,MT_1,NL_1,GB-NIR_1,NO_1,PL_1,PT_1,RO_1,RU_1,GB-SCT_1,RS_1,ES_1,SE_1,CH_1,TR_1,GB-WLS_1,AL_0,AT_0,BE_0,BG_0,CY_0,CZ_0,DK_0,DD_0,GB-ENG_0,FI_0,FR_0,DE_0,GR_0,HU_0,IS_0,IE_0,IT_0,LI_0,LU_0,MT_0,NL_0,GB-NIR_0,NO_0,PL_0,PT_0,RO_0,RU_0,GB-SCT_0,RS_0,ES_0,SE_0,CH_0,TR_0,GB-WLS_0
AL,,"{""preds"": [12.11, 65.13, 22.76], ""scorePred"": [0, 1]}","{""preds"": [12.92, 59.83, 27.25], ""scorePred"": [0, 1]}","{""preds"": [11.43, 63.86, 24.71], ""scorePred"": [0, 1]}","{""preds"": [25.03, 28.87, 46.1], ""scorePred"": [0, 0]}","{""preds"": [13.14, 60.29, 26.57], ""scorePred"": [0, 1]}","{""preds"": [10.96, 64.38, 24.66], ""scorePred"": [0, 1]}","{""preds"": [10.81, 64.55, 24.64], ""scorePred"": [0, 1]}","{""preds"": [11.36, 63.19, 25.45], ""scorePred"": [0, 1]}","{""preds"": [19.51, 42.55, 37.94], ""scorePred"": [0, 1]}","{""preds"": [10.32, 67.55, 22.13], ""scorePred"": [0, 1]}","{""preds"": [7.02, 76.66, 16.32], ""scorePred"": [0, 2]}","{""preds"": [19.79, 43.89, 36.32], ""scorePred"": [0, 1]}","{""preds"": [9.37, 70.54, 20.09], ""scorePred"": [0, 1]}","{""preds"": [13.82, 58.07, 28.11], ""scorePred"": [0, 1]}","{""preds"": [11.47, 63.87, 24.66], ""scorePred"": [0, 1]}","{""preds"": [14.46, 56.18, 29.36], ""scorePred"": [0, 1]}","{""preds"": [18.67, 45.99, 35.34], ""scorePred"": [0, 1]}","{""preds"": [27.87, 23.42, 48.71], ""scorePred"": [0, 0]}","{""preds"": [25.25, 30.58, 44.17], ""scorePred"": [0, 0]}","{""preds"": [11.94, 63.14, 24.92], ""scorePred"": [0, 1]}","{""preds"": [22.14, 38.55, 39.31], ""scorePred"": [0, 0]}","{""preds"": [14.29, 55.44, 30.27], ""scorePred"": [0, 1]}","{""preds"": [10.75, 66.85, 22.4], ""scorePred"": [0, 1]}","{""preds"": [14.88, 55.16, 29.96], ""scorePred"": [0, 1]}","{""preds"": [16.98, 49.47, 33.55], ""scorePred"": [0, 1]}","{""preds"": [8.2, 72.79, 19.01], ""scorePred"": [0, 1]}","{""preds"": [16.16, 53.7, 30.14], ""scorePred"": [0, 1]}","{""preds"": [9.33, 69.97, 20.7], ""scorePred"": [0, 1]}","{""preds"": [12.4, 61.84, 25.76], ""scorePred"": [0, 1]}","{""preds"": [11.35, 64.59, 24.06], ""scorePred"": [0, 1]}","{""preds"": [16.46, 50.27, 33.27], ""scorePred"": [0, 1]}","{""preds"": [19.85, 43.35, 36.8], ""scorePred"": [0, 1]}","{""preds"": [15.28, 54.74, 29.98], ""scorePred"": [0, 1]}",,"{""preds"": [13.56, 86.44, 0.0], ""scorePred"": [0, 1]}","{""preds"": [17.82, 82.18, 0.0], ""scorePred"": [0, 1]}","{""preds"": [15.16, 84.84, 0.0], ""scorePred"": [0, 1]}","{""preds"": [47.85, 52.15, 0.0], ""scorePred"": [0, 1]}","{""preds"": [17.87, 82.13, 0.0], ""scorePred"": [0, 1]}","{""preds"": [15.54, 84.46, 0.0], ""scorePred"": [0, 1]}","{""preds"": [15.36, 84.64, 0.0], ""scorePred"": [0, 1]}","{""preds"": [15.42, 84.58, 0.0], ""scorePred"": [0, 1]}","{""preds"": [31.37, 68.63, 0.0], ""scorePred"": [0, 1]}","{""preds"": [12.3, 87.7, 0.0], ""scorePred"": [0, 1]}","{""preds"": [8.38, 91.62, 0.0], ""scorePred"": [0, 2]}","{""preds"": [29.48, 70.52, 0.0], ""scorePred"": [0, 1]}","{""preds"": [11.07, 88.93, 0.0], ""scorePred"": [0, 1]}","{""preds"": [19.24, 80.76, 0.0], ""scorePred"": [0, 1]}","{""preds"": [15.46, 84.54, 0.0], ""scorePred"": [0, 1]}","{""preds"": [22.07, 77.93, 0.0], ""scorePred"": [0, 1]}","{""preds"": [28.68, 71.32, 0.0], ""scorePred"": [0, 1]}","{""preds"": [53.68, 46.32, 0.0], ""scorePred"": [1, 0]}","{""preds"": [44.56, 55.44, 0.0], ""scorePred"": [0, 1]}","{""preds"": [15.31, 84.69, 0.0], ""scorePred"": [0, 1]}","{""preds"": [36.2, 63.8, 0.0], ""scorePred"": [0, 1]}","{""preds"": [20.43, 79.57, 0.0], ""scorePred"": [0, 1]}","{""preds"": [14.15, 85.85, 0.0], ""scorePred"": [0, 1]}","{""preds"": [21.11, 78.89, 0.0], ""scorePred"": [0, 1]}","{""preds"": [25.47, 74.53, 0.0], ""scorePred"": [0, 1]}","{""preds"": [9.65, 90.35, 0.0], ""scorePred"": [0, 2]}","{""preds"": [21.89, 78.11, 0.0], ""scorePred"": [0, 1]}","{""preds"": [12.59, 87.41, 0.0], ""scorePred"": [0, 1]}","{""preds"": [16.72, 83.28, 0.0], ""scorePred"": [0, 1]}","{""preds"": [14.53, 85.47, 0.0], ""scorePred"": [0, 1]}","{""preds"": [25.7, 74.3, 0.0], ""scorePred"": [0, 1]}","{""preds"": [30.84, 69.16, 0.0], ""scorePred"": [0, 1]}","{""preds"": [21.07, 78.93, 0.0], ""scorePred"": [0, 1]}"
AT,"{""preds"": [66.95, 10.59, 22.46], ""scorePred"": [1, 0]}",,"{""preds"": [43.91, 32.77, 23.32], ""scorePred"": [2, 1]}","{""preds"": [40.09, 36.65, 23.26], ""scorePred"": [2, 1]}","{""preds"": [64.92, 11.78, 23.3], ""scorePred"": [1, 0]}","{""preds"": [43.4, 32.33, 24.27], ""scorePred"": [2, 1]}","{""preds"": [39.89, 36.0, 24.11], ""scorePred"": [2, 1]}","{""preds"": [39.95, 36.38, 23.67], ""scorePred"": [2, 1]}","{""preds"": [41.24, 34.81, 23.95], ""scorePred"": [2, 1]}","{""preds"": [55.98, 19.69, 24.33], ""scorePred"": [1, 0]}","{""preds"": [36.38, 40.74, 22.88], ""scorePred"": [1, 2]}","{""preds"": [29.32, 49.74, 20.94], ""scorePred"": [1, 2]}","{""preds"": [54.08, 21.18, 24.74], ""scorePred"": [1, 0]}","{""preds"": [34.69, 43.1, 22.21], ""scorePred"": [1, 2]}","{""preds"": [44.72, 31.98, 23.3], ""scorePred"": [2, 1]}","{""preds"": [40.27, 36.32, 23.41], ""scorePred"": [2, 1]}","{""preds"": [47.54, 29.12, 23.34], ""scorePred"": [2, 1]}","{""preds"": [55.82, 38.27, 5.91], ""scorePred"": [2, 0]}","{""preds"": [32.95, 65.57, 1.48], ""scorePred"": [2, 10]}","{""preds"": [64.0, 12.67, 23.33], ""scorePred"": [1, 0]}","{""preds"": [40.44, 36.22, 23.34], ""scorePred"": [2, 1]}","{""preds"": [58.72, 17.12, 24.16], ""scorePred"": [1, 0]}","{""preds"": [47.56, 28.65, 23.79], ""scorePred"": [2, 1]}","{""preds"": [39.16, 37.88, 22.96], ""scorePred"": [2, 1]}","{""preds"": [46.84, 28.75, 24.41], ""scorePred"": [2, 1]}","{""preds"": [50.25, 24.84, 24.91], ""scorePred"": [1, 0]}","{""preds"": [32.55, 46.3, 21.15], ""scorePred"": [1, 2]}","{""preds"": [47.56, 28.01, 24.43], ""scorePred"": [1, 0]}","{""preds"": [37.19, 41.31, 21.5], ""scorePred"": [1, 2]}","{""preds"": [42.97, 34.02, 23.01], ""scorePred"": [2, 1]}","{""preds"": [40.22, 37.44, 22.34], ""scorePred"": [2, 1]}","{""preds"": [52.04, 24.06, 23.9], ""scorePred"": [1, 0]}","{""preds"": [56.39, 19.43, 24.18], ""scorePred"": [1, 0]}","{""preds"": [46.36, 29.6, 24.04], ""scorePred"": [2, 1]}","{""preds"": [85.99, 14.01, 0.0], ""scorePred"": [1, 0]}",,"{""preds"": [55.96, 44.04, 0.0], ""scorePred"": [2, 1]}","{""preds"": [51.68, 48.32, 0.0], ""scorePred"": [2, 1]}","{""preds"": [84.6, 15.4, 0.0], ""scorePred"": [1, 0]}","{""preds"": [57.32, 42.68, 0.0], ""scorePred"": [2, 1]}","{""preds"": [52.52, 47.48, 0.0], ""scorePred"": [2, 1]}","{""preds"": [53.22, 46.78, 0.0], ""scorePred"": [2, 1]}","{""preds"": [53.54, 46.46, 0.0], ""scorePred"": [2, 1]}","{""preds"": [73.84, 26.16, 0.0], ""scorePred"": [1, 0]}","{""preds"": [47.79, 52.21, 0.0], ""scorePred"": [1, 2]}","{""preds"": [36.66, 63.34, 0.0], ""scorePred"": [1, 2]}","{""preds"": [72.79, 27.21, 0.0], ""scorePred"": [1, 0]}","{""preds"": [44.77, 55.23, 0.0], ""scorePred"": [1, 2]}","{""preds"": [59.34, 40.66, 0.0], ""scorePred"": [2, 1]}","{""preds"": [53.14, 46.86, 0.0], ""scorePred"": [2, 1]}","{""preds"": [62.65, 37.35, 0.0], ""scorePred"": [2, 1]}","{""preds"": [59.24, 40.76, 0.0], ""scorePred"": [2, 0]}","{""preds"": [32.81, 67.19, 0.0], ""scorePred"": [2, 9]}","{""preds"": [84.03, 15.97, 0.0], ""scorePred"": [1, 0]}","{""preds"": [52.08, 47.92, 0.0], ""scorePred"": [2, 1]}","{""preds"": [76.96, 23.04, 0.0], ""scorePred"": [1, 0]}","{""preds"": [60.85, 39.15, 0.0], ""scorePred"": [2, 1]}","{""preds"": [50.06, 49.94, 0.0], ""scorePred"": [2, 1]}","{""preds"": [62.06, 37.94, 0.0], ""scorePred"": [2, 1]}","{""preds"": [67.09, 32.91, 0.0], ""scorePred"": [1, 0]}","{""preds"": [42.54, 57.46, 0.0], ""scorePred"": [1, 2]}","{""preds"": [63.43, 36.57, 0.0], ""scorePred"": [2, 1]}","{""preds"": [46.54, 53.46, 0.0], ""scorePred"": [1, 2]}","{""preds"": [55.53, 44.47, 0.0], ""scorePred"": [2, 1]}","{""preds"": [51.87, 48.13, 0.0], ""scorePred"": [2, 1]}","{""preds"": [68.06, 31.94, 0.0], ""scorePred"": [1, 0]}","{""preds"": [74.52, 25.48, 0.0], ""scorePred"": [1, 0]}","{""preds"": [61.84, 38.16, 0.0], ""scorePred"": [2, 1]}"
BE,"{""preds"": [60.86, 12.77, 26.37], ""scorePred"": [1, 0]}","{""preds"": [32.81, 44.09, 23.1], ""scorePred"": [1, 2]}",,"{""preds"": [34.69, 41.6, 23.71], ""scorePred"": [1, 2]}","{""preds"": [58.58, 14.36, 27.06], ""scorePred"": [1, 0]}","{""preds"": [37.19, 37.49, 25.32], ""scorePred"": [0, 1]}","{""preds"": [34.63, 41.38, 23.99], ""scorePred"": [1, 2]}","{""preds"": [33.59, 41.79, 24.62], ""scorePred"": [1, 2]}","{""preds"": [35.37, 39.69, 24.94], ""scorePred"": [1, 2]}","{""preds"": [49.9, 23.51, 26.59], ""scorePred"": [1, 0]}","{""preds"": [31.37, 46.33, 22.3], ""scorePred"": [1, 2]}","{""preds"": [24.15, 56.02, 19.83], ""scorePred"": [1, 2]}","{""preds"": [49.31, 23.82, 26.87], ""scorePred"": [1, 0]}","{""preds"": [29.7, 47.57, 22.73], ""scorePred"": [1, 2]}","{""preds"": [38.83, 35.67, 25.5], ""scorePred"": [1, 0]}","{""preds"": [35.47, 40.92, 23.61], ""scorePred"": [1, 2]}","{""preds"": [41.26, 32.46, 26.28], ""scorePred"": [1, 0]}","{""preds"": [53.68, 39.58, 6.74], ""scorePred"": [2, 0]}","{""preds"": [32.61, 65.53, 1.86], ""scorePred"": [2, 9]}","{""preds"": [58.65, 14.98, 26.37], ""scorePred"": [1, 0]}","{""preds"": [34.43, 41.99, 23.58], ""scorePred"": [1, 2]}","{""preds"": [52.44, 19.84, 27.72], ""scorePred"": [1, 0]}","{""preds"": [41.31, 33.55, 25.14], ""scorePred"": [1, 0]}","{""preds"": [32.97, 43.03, 24.0], ""scorePred"": [1, 2]}","{""preds"": [40.85, 33.29, 25.86], ""scorePred"": [1, 0]}","{""preds"": [44.56, 28.69, 26.75], ""scorePred"": [1, 0]}","{""preds"": [27.76, 50.04, 22.2], ""scorePred"": [1, 2]}","{""preds"": [41.8, 32.13, 26.07], ""scorePred"": [1, 0]}","{""preds"": [31.06, 46.37, 22.57], ""scorePred"": [1, 2]}","{""preds"": [36.53, 38.15, 25.32], ""scorePred"": [0, 1]}","{""preds"": [34.25, 41.5, 24.25], ""scorePred"": [1, 2]}","{""preds"": [44.96, 28.39, 26.65], ""scorePred"": [1, 0]}","{""preds"": [50.61, 22.95, 26.44], ""scorePred"": [1, 0]}","{""preds"": [40.06, 33.82, 26.12], ""scorePred"": [1, 0]}","{""preds"": [82.4, 17.6, 0.0], ""scorePred"": [1, 0]}","{""preds"": [42.54, 57.46, 0.0], ""scorePred"": [1, 2]}",,"{""preds"": [46.04, 53.96, 0.0], ""scorePred"": [1, 2]}","{""preds"": [80.41, 19.59, 0.0], ""scorePred"": [1, 0]}","{""preds"": [49.11, 50.89, 0.0], ""scorePred"": [1, 2]}","{""preds"": [45.53, 54.47, 0.0], ""scorePred"": [1, 2]}","{""preds"": [45.88, 54.12, 0.0], ""scorePred"": [1, 2]}","{""preds"": [46.38, 53.62, 0.0], ""scorePred"": [1, 2]}","{""preds"": [66.97, 33.03, 0.0], ""scorePred"": [1, 0]}","{""preds"": [40.86, 59.14, 0.0], ""scorePred"": [1, 2]}","{""preds"": [31.48, 68.52, 0.0], ""scorePred"": [1, 2]}","{""preds"": [65.92, 34.08, 0.0], ""scorePred"": [1, 0]}","{""preds"": [38.19, 61.81, 0.0], ""scorePred"": [1, 2]}","{""preds"": [52.36, 47.64, 0.0], ""scorePred"": [2, 1]}","{""preds"": [46.45, 53.55, 0.0], ""scorePred"": [1, 2]}","{""preds"": [56.52, 43.48, 0.0], ""scorePred"": [1, 0]}","{""preds"": [57.13, 42.87, 0.0], ""scorePred"": [2, 0]}","{""preds"": [33.3, 66.7, 0.0], ""scorePred"": [2, 9]}","{""preds"": [79.41, 20.59, 0.0], ""scorePred"": [1, 0]}","{""preds"": [46.51, 53.49, 0.0], ""scorePred"": [1, 2]}","{""preds"": [72.93, 27.07, 0.0], ""scorePred"": [1, 0]}","{""preds"": [54.23, 45.77, 0.0], ""scorePred"": [1, 0]}","{""preds"": [43.1, 56.9, 0.0], ""scorePred"": [1, 2]}","{""preds"": [54.77, 45.23, 0.0], ""scorePred"": [1, 0]}","{""preds"": [59.39, 40.61, 0.0], ""scorePred"": [1, 0]}","{""preds"": [34.75, 65.25, 0.0], ""scorePred"": [1, 2]}","{""preds"": [57.49, 42.51, 0.0], ""scorePred"": [1, 0]}","{""preds"": [39.72, 60.28, 0.0], ""scorePred"": [1, 2]}","{""preds"": [49.16, 50.84, 0.0], ""scorePred"": [1, 2]}","{""preds"": [45.32, 54.68, 0.0], ""scorePred"": [1, 2]}","{""preds"": [62.71, 37.29, 0.0], ""scorePred"": [1, 0]}","{""preds"": [67.57, 32.43, 0.0], ""scorePred"": [1, 0]}","{""preds"": [55.87, 44.13, 0.0], ""scorePred"": [1, 0]}"
BG,"{""preds"": [64.33, 11.34, 24.33], ""scorePred"": [1, 0]}","{""preds"": [35.88, 41.0, 23.12], ""scorePred"": [1, 2]}","{""preds"": [41.38, 34.34, 24.28], ""scorePred"": [2, 1]}",,"{""preds"": [63.16, 12.65, 24.19], ""scorePred"": [1, 0]}","{""preds"": [41.48, 34.46, 24.06], ""scorePred"": [2, 1]}","{""preds"": [37.6, 38.69, 23.71], ""scorePred"": [1, 2]}","{""preds"": [38.45, 38.66, 22.89], ""scorePred"": [1, 2]}","{""preds"": [38.79, 37.17, 24.04], ""scorePred"": [2, 1]}","{""preds"": [53.69, 21.45, 24.86], ""scorePred"": [1, 0]}","{""preds"": [34.19, 42.79, 23.02], ""scorePred"": [1, 2]}","{""preds"": [27.61, 52.64, 19.75], ""scorePred"": [1, 2]}","{""preds"": [53.23, 21.66, 25.11], ""scorePred"": [1, 0]}","{""preds"": [33.56, 44.52, 21.92], ""scorePred"": [1, 2]}","{""preds"": [43.32, 32.55, 24.13], ""scorePred"": [2, 1]}","{""preds"": [39.57, 37.51, 22.92], ""scorePred"": [2, 1]}","{""preds"": [45.31, 29.78, 24.91], ""scorePred"": [2, 1]}","{""preds"": [54.97, 38.62, 6.41], ""scorePred"": [2, 0]}","{""preds"": [33.04, 65.35, 1.61], ""scorePred"": [2, 10]}","{""preds"": [62.04, 13.5, 24.46], ""scorePred"": [1, 0]}","{""preds"": [38.46, 37.82, 23.72], ""scorePred"": [2, 1]}","{""preds"": [56.97, 17.2, 25.83], ""scorePred"": [1, 0]}","{""preds"": [44.49, 31.01, 24.5], ""scorePred"": [1, 0]}","{""preds"": [36.65, 40.64, 22.71], ""scorePred"": [1, 2]}","{""preds"": [45.15, 29.69, 25.16], ""scorePred"": [1, 0]}","{""preds"": [48.99, 25.88, 25.13], ""scorePred"": [1, 0]}","{""preds"": [30.13, 48.12, 21.75], ""scorePred"": [1, 2]}","{""preds"": [45.38, 30.01, 24.61], ""scorePred"": [1, 0]}","{""preds"": [34.34, 43.18, 22.48], ""scorePred"": [1, 2]}","{""preds"": [39.86, 36.5, 23.64], ""scorePred"": [2, 1]}","{""preds"": [37.91, 38.62, 23.47], ""scorePred"": [1, 2]}","{""preds"": [50.5, 25.4, 24.1], ""scorePred"": [1, 0]}","{""preds"": [53.35, 20.83, 25.82], ""scorePred"": [1, 0]}","{""preds"": [45.57, 29.67, 24.76], ""scorePred"": [2, 1]}","{""preds"": [84.7, 15.3, 0.0], ""scorePred"": [1, 0]}","{""preds"": [47.6, 52.4, 0.0], ""scorePred"": [1, 2]}","{""preds"": [54.37, 45.63, 0.0], ""scorePred"": [2, 1]}",,"{""preds"": [83.92, 16.08, 0.0], ""scorePred"": [1, 0]}","{""preds"": [53.59, 46.41, 0.0], ""scorePred"": [2, 1]}","{""preds"": [50.27, 49.73, 0.0], ""scorePred"": [2, 1]}","{""preds"": [49.83, 50.17, 0.0], ""scorePred"": [1, 2]}","{""preds"": [52.18, 47.82, 0.0], ""scorePred"": [2, 1]}","{""preds"": [72.47, 27.53, 0.0], ""scorePred"": [1, 0]}","{""preds"": [45.17, 54.83, 0.0], ""scorePred"": [1, 2]}","{""preds"": [34.82, 65.18, 0.0], ""scorePred"": [1, 2]}","{""preds"": [69.57, 30.43, 0.0], ""scorePred"": [1, 0]}","{""preds"": [41.29, 58.71, 0.0], ""scorePred"": [1, 2]}","{""preds"": [56.57, 43.43, 0.0], ""scorePred"": [2, 1]}","{""preds"": [50.55, 49.45, 0.0], ""scorePred"": [2, 1]}","{""preds"": [59.34, 40.66, 0.0], ""scorePred"": [1, 0]}","{""preds"": [57.6, 42.4, 0.0], ""scorePred"": [2, 0]}","{""preds"": [33.04, 66.96, 0.0], ""scorePred"": [2, 9]}","{""preds"": [81.96, 18.04, 0.0], ""scorePred"": [1, 0]}","{""preds"": [50.44, 49.56, 0.0], ""scorePred"": [2, 1]}","{""preds"": [75.7, 24.3, 0.0], ""scorePred"": [1, 0]}","{""preds"": [59.85, 40.15, 0.0], ""scorePred"": [1, 0]}","{""preds"": [47.89, 52.11, 0.0], ""scorePred"": [1, 2]}","{""preds"": [59.32, 40.68, 0.0], ""scorePred"": [1, 0]}","{""preds"": [63.46, 36.54, 0.0], ""scorePred"": [1, 0]}","{""preds"": [39.35, 60.65, 0.0], ""scorePred"": [1, 2]}","{""preds"": [61.32, 38.68, 0.0], ""scorePred"": [1, 0]}","{""preds"": [44.4, 55.6, 0.0], ""scorePred"": [1, 2]}","{""preds"": [52.78, 47.22, 0.0], ""scorePred"": [2, 1]}","{""preds"": [50.15, 49.85, 0.0], ""scorePred"": [2, 1]}","{""preds"": [65.0, 35.0, 0.0], ""scorePred"": [1, 0]}","{""preds"": [71.12, 28.88, 0.0], ""scorePred"": [1, 0]}","{""preds"": [59.37, 40.63, 0.0], ""scorePred"": [2, 1]}"
CY,"{""preds"": [28.79, 26.38, 44.83], ""scorePred"": [0, 0]}","{""preds"": [11.26, 64.74, 24.0], ""scorePred"": [0, 1]}","{""preds"": [14.62, 58.34, 27.04], ""scorePred"": [0, 1]}","{""preds"": [12.73, 62.87, 24.4], ""scorePred"": [0, 1]}",,"{""preds"": [14.35, 58.92, 26.73], ""scorePred"": [0, 1]}","{""preds"": [58.6, 38.96, 2.44], ""scorePred"": [11, 2]}","{""preds"": [12.7, 63.14, 24.16], ""scorePred"": [0, 1]}","{""preds"": [58.87, 38.57, 2.56], ""scorePred"": [9, 2]}","{""preds"": [20.96, 42.37, 36.67], ""scorePred"": [0, 1]}","{""preds"": [58.05, 39.78, 2.17], ""scorePred"": [11, 2]}","{""preds"": [58.05, 40.56, 1.39], ""scorePred"": [11, 3]}","{""preds"": [20.93, 43.53, 35.54], ""scorePred"": [0, 1]}","{""preds"": [10.16, 68.83, 21.01], ""scorePred"": [0, 1]}","{""preds"": [15.32, 56.84, 27.84], ""scorePred"": [0, 1]}","{""preds"": [12.27, 62.32, 25.41], ""scorePred"": [0, 1]}","{""preds"": [59.17, 37.88, 2.95], ""scorePred"": [8, 2]}","{""preds"": [19.89, 45.13, 34.98], ""scorePred"": [0, 1]}","{""preds"": [30.18, 22.59, 47.23], ""scorePred"": [0, 0]}","{""preds"": [27.41, 29.94, 42.65], ""scorePred"": [0, 0]}","{""preds"": [12.39, 62.18, 25.43], ""scorePred"": [0, 1]}","{""preds"": [23.44, 37.14, 39.42], ""scorePred"": [0, 0]}","{""preds"": [15.73, 55.05, 29.22], ""scorePred"": [0, 1]}","{""preds"": [59.11, 38.99, 1.9], ""scorePred"": [8, 2]}","{""preds"": [15.91, 53.78, 30.31], ""scorePred"": [0, 1]}","{""preds"": [17.91, 49.38, 32.71], ""scorePred"": [0, 1]}","{""preds"": [58.42, 39.83, 1.75], ""scorePred"": [9, 3]}","{""preds"": [58.86, 37.76, 3.38], ""scorePred"": [8, 2]}","{""preds"": [10.75, 68.01, 21.24], ""scorePred"": [0, 1]}","{""preds"": [57.01, 40.24, 2.75], ""scorePred"": [10, 2]}","{""preds"": [12.48, 64.08, 23.44], ""scorePred"": [0, 1]}","{""preds"": [18.74, 48.24, 33.02], ""scorePred"": [0, 1]}","{""preds"": [20.73, 42.25, 37.02], ""scorePred"": [0, 1]}","{""preds"": [15.82, 53.76, 30.42], ""scorePred"": [0, 1]}","{""preds"": [51.31, 48.69, 0.0], ""scorePred"": [1, 0]}","{""preds"": [14.77, 85.23, 0.0], ""scorePred"": [0, 1]}","{""preds"": [19.46, 80.54, 0.0], ""scorePred"": [0, 1]}","{""preds"": [16.78, 83.22, 0.0], ""scorePred"": [0, 1]}",,"{""preds"": [19.78, 80.22, 0.0], ""scorePred"": [0, 1]}","{""preds"": [60.13, 39.87, 0.0], ""scorePred"": [9, 2]}","{""preds"": [16.47, 83.53, 0.0], ""scorePred"": [0, 1]}","{""preds"": [60.33, 39.67, 0.0], ""scorePred"": [9, 2]}","{""preds"": [34.36, 65.64, 0.0], ""scorePred"": [0, 1]}","{""preds"": [57.75, 42.25, 0.0], ""scorePred"": [10, 2]}","{""preds"": [58.49, 41.51, 0.0], ""scorePred"": [11, 3]}","{""preds"": [32.53, 67.47, 0.0], ""scorePred"": [0, 1]}","{""preds"": [12.37, 87.63, 0.0], ""scorePred"": [0, 1]}","{""preds"": [19.96, 80.04, 0.0], ""scorePred"": [0, 1]}","{""preds"": [17.15, 82.85, 0.0], ""scorePred"": [0, 1]}","{""preds"": [59.89, 40.11, 0.0], ""scorePred"": [9, 2]}","{""preds"": [29.18, 70.82, 0.0], ""scorePred"": [0, 1]}","{""preds"": [57.36, 42.64, 0.0], ""scorePred"": [1, 0]}","{""preds"": [48.97, 51.03, 0.0], ""scorePred"": [0, 1]}","{""preds"": [16.87, 83.13, 0.0], ""scorePred"": [0, 1]}","{""preds"": [38.82, 61.18, 0.0], ""scorePred"": [0, 1]}","{""preds"": [22.6, 77.4, 0.0], ""scorePred"": [0, 1]}","{""preds"": [59.61, 40.39, 0.0], ""scorePred"": [10, 2]}","{""preds"": [22.42, 77.58, 0.0], ""scorePred"": [0, 1]}","{""preds"": [27.42, 72.58, 0.0], ""scorePred"": [0, 1]}","{""preds"": [59.13, 40.87, 0.0], ""scorePred"": [10, 3]}","{""preds"": [60.72, 39.28, 0.0], ""scorePred"": [8, 2]}","{""preds"": [13.91, 86.09, 0.0], ""scorePred"": [0, 1]}","{""preds"": [60.31, 39.69, 0.0], ""scorePred"": [9, 2]}","{""preds"": [16.9, 83.1, 0.0], ""scorePred"": [0, 1]}","{""preds"": [28.02, 71.98, 0.0], ""scorePred"": [0, 1]}","{""preds"": [33.35, 66.65, 0.0], ""scorePred"": [0, 1]}","{""preds"": [22.65, 77.35, 0.0], ""scorePred"": [0, 1]}"
CZ,"{""preds"": [60.09, 13.56, 26.35], ""scorePred"": [1, 0]}","{""preds"": [32.23, 43.89, 23.88], ""scorePred"": [1, 2]}","{""preds"": [37.49, 38.34, 24.17], ""scorePred"": [1, 2]}","{""preds"": [34.92, 40.45, 24.63], ""scorePred"": [1, 2]}","{""preds"": [59.2, 14.29, 26.51], ""scorePred"": [1, 0]}",,"{""preds"": [34.44, 41.95, 23.61], ""scorePred"": [1, 2]}","{""preds"": [34.57, 41.04, 24.39], ""scorePred"": [1, 2]}","{""preds"": [36.23, 39.36, 24.41], ""scorePred"": [1, 2]}","{""preds"": [49.71, 23.34, 26.95], ""scorePred"": [1, 0]}","{""preds"": [31.98, 45.21, 22.81], ""scorePred"": [1, 2]}","{""preds"": [24.51, 56.05, 19.44], ""scorePred"": [1, 2]}","{""preds"": [48.51, 24.96, 26.53], ""scorePred"": [1, 0]}","{""preds"": [30.41, 47.26, 22.33], ""scorePred"": [1, 2]}","{""preds"": [39.16, 35.46, 25.38], ""scorePred"": [2, 1]}","{""preds"": [35.34, 40.46, 24.2], ""scorePred"": [1, 2]}","{""preds"": [40.49, 33.07, 26.44], ""scorePred"": [1, 0]}","{""preds"": [53.53, 39.37, 7.1], ""scorePred"": [2, 0]}","{""preds"": [32.98, 65.38, 1.64], ""scorePred"": [2, 9]}","{""preds"": [58.04, 15.16, 26.8], ""scorePred"": [1, 0]}","{""preds"": [33.99, 41.53, 24.48], ""scorePred"": [1, 2]}","{""preds"": [53.62, 19.37, 27.01], ""scorePred"": [1, 0]}","{""preds"": [41.45, 32.51, 26.04], ""scorePred"": [1, 0]}","{""preds"": [34.13, 42.35, 23.52], ""scorePred"": [1, 2]}","{""preds"": [40.79, 32.75, 26.46], ""scorePred"": [1, 0]}","{""preds"": [44.62, 28.69, 26.69], ""scorePred"": [1, 0]}","{""preds"": [27.88, 50.05, 22.07], ""scorePred"": [1, 2]}","{""preds"": [41.59, 32.5, 25.91], ""scorePred"": [1, 0]}","{""preds"": [30.77, 46.48, 22.75], ""scorePred"": [1, 2]}","{""preds"": [37.48, 37.39, 25.13], ""scorePred"": [2, 1]}","{""preds"": [32.92, 42.96, 24.12], ""scorePred"": [1, 2]}","{""preds"": [45.77, 27.52, 26.71], ""scorePred"": [1, 0]}","{""preds"": [48.97, 23.45, 27.58], ""scorePred"": [1, 0]}","{""preds"": [41.48, 33.85, 24.67], ""scorePred"": [1, 0]}","{""preds"": [82.03, 17.97, 0.0], ""scorePred"": [1, 0]}","{""preds"": [42.73, 57.27, 0.0], ""scorePred"": [0, 1]}","{""preds"": [50.17, 49.83, 0.0], ""scorePred"": [2, 1]}","{""preds"": [44.59, 55.41, 0.0], ""scorePred"": [1, 2]}","{""preds"": [81.59, 18.41, 0.0], ""scorePred"": [1, 0]}",,"{""preds"": [45.09, 54.91, 0.0], ""scorePred"": [1, 2]}","{""preds"": [46.61, 53.39, 0.0], ""scorePred"": [1, 2]}","{""preds"": [46.15, 53.85, 0.0], ""scorePred"": [1, 2]}","{""preds"": [68.22, 31.78, 0.0], ""scorePred"": [1, 0]}","{""preds"": [40.41, 59.59, 0.0], ""scorePred"": [1, 2]}","{""preds"": [31.44, 68.56, 0.0], ""scorePred"": [1, 2]}","{""preds"": [66.51, 33.49, 0.0], ""scorePred"": [1, 0]}","{""preds"": [38.08, 61.92, 0.0], ""scorePred"": [1, 2]}","{""preds"": [53.36, 46.64, 0.0], ""scorePred"": [1, 0]}","{""preds"": [47.05, 52.95, 0.0], ""scorePred"": [1, 2]}","{""preds"": [56.02, 43.98, 0.0], ""scorePred"": [1, 0]}","{""preds"": [57.45, 42.55, 0.0], ""scorePred"": [2, 0]}","{""preds"": [32.94, 67.06, 0.0], ""scorePred"": [2, 9]}","{""preds"": [80.04, 19.96, 0.0], ""scorePred"": [1, 0]}","{""preds"": [45.91, 54.09, 0.0], ""scorePred"": [1, 2]}","{""preds"": [72.65, 27.35, 0.0], ""scorePred"": [1, 0]}","{""preds"": [55.0, 45.0, 0.0], ""scorePred"": [1, 0]}","{""preds"": [43.35, 56.65, 0.0], ""scorePred"": [1, 2]}","{""preds"": [55.34, 44.66, 0.0], ""scorePred"": [1, 0]}","{""preds"": [60.97, 39.03, 0.0], ""scorePred"": [1, 0]}","{""preds"": [35.49, 64.51, 0.0], ""scorePred"": [1, 2]}","{""preds"": [57.18, 42.82, 0.0], ""scorePred"": [1, 0]}","{""preds"": [40.52, 59.48, 0.0], ""scorePred"": [1, 2]}","{""preds"": [48.83, 51.17, 0.0], ""scorePred"": [1, 2]}","{""preds"": [45.48, 54.52, 0.0], ""scorePred"": [1, 2]}","{""preds"": [61.76, 38.24, 0.0], ""scorePred"": [1, 0]}","{""preds"": [67.25, 32.75, 0.0], ""scorePred"": [1, 0]}","{""preds"": [56.11, 43.89, 0.0], ""scorePred"": [1, 0]}"
DK,"{""preds"": [64.04, 11.21, 24.75], ""scorePred"": [1, 0]}","{""preds"": [37.7, 39.96, 22.34], ""scorePred"": [1, 2]}","{""preds"": [40.8, 35.28, 23.92], ""scorePred"": [2, 1]}","{""preds"": [37.45, 38.62, 23.93], ""scorePred"": [1, 2]}","{""preds"": [39.24, 58.02, 2.74], ""scorePred"": [2, 10]}","{""preds"": [41.45, 35.1, 23.45], ""scorePred"": [2, 1]}",,"{""preds"": [39.09, 37.36, 23.55], ""scorePred"": [2, 1]}","{""preds"": [40.23, 35.88, 23.89], ""scorePred"": [2, 1]}","{""preds"": [54.47, 20.88, 24.65], ""scorePred"": [1, 0]}","{""preds"": [35.54, 41.67, 22.79], ""scorePred"": [1, 2]}","{""preds"": [26.98, 52.42, 20.6], ""scorePred"": [1, 2]}","{""preds"": [52.17, 22.16, 25.67], ""scorePred"": [1, 0]}","{""preds"": [32.72, 44.44, 22.84], ""scorePred"": [1, 2]}","{""preds"": [42.84, 32.72, 24.44], ""scorePred"": [2, 1]}","{""preds"": [39.75, 36.81, 23.44], ""scorePred"": [2, 1]}","{""preds"": [45.13, 30.06, 24.81], ""scorePred"": [2, 1]}","{""preds"": [54.88, 38.71, 6.41], ""scorePred"": [2, 0]}","{""preds"": [33.56, 64.97, 1.47], ""scorePred"": [2, 9]}","{""preds"": [62.04, 13.56, 24.4], ""scorePred"": [1, 0]}","{""preds"": [39.32, 37.43, 23.25], ""scorePred"": [2, 1]}","{""preds"": [58.53, 17.6, 23.87], ""scorePred"": [1, 0]}","{""preds"": [44.34, 31.08, 24.58], ""scorePred"": [2, 1]}","{""preds"": [36.76, 39.92, 23.32], ""scorePred"": [1, 2]}","{""preds"": [45.52, 29.72, 24.76], ""scorePred"": [1, 0]}","{""preds"": [49.12, 26.63, 24.25], ""scorePred"": [1, 0]}","{""preds"": [30.97, 47.62, 21.41], ""scorePred"": [1, 2]}","{""preds"": [46.25, 29.1, 24.65], ""scorePred"": [1, 0]}","{""preds"": [34.39, 43.38, 22.23], ""scorePred"": [1, 2]}","{""preds"": [40.26, 36.7, 23.04], ""scorePred"": [2, 1]}","{""preds"": [37.96, 38.77, 23.27], ""scorePred"": [1, 2]}","{""preds"": [49.48, 25.86, 24.66], ""scorePred"": [1, 0]}","{""preds"": [53.58, 20.57, 25.85], ""scorePred"": [1, 0]}","{""preds"": [44.43, 30.65, 24.92], ""scorePred"": [2, 1]}","{""preds"": [84.78, 15.22, 0.0], ""scorePred"": [1, 0]}","{""preds"": [46.84, 53.16, 0.0], ""scorePred"": [1, 2]}","{""preds"": [54.35, 45.65, 0.0], ""scorePred"": [2, 1]}","{""preds"": [50.27, 49.73, 0.0], ""scorePred"": [2, 1]}","{""preds"": [40.47, 59.53, 0.0], ""scorePred"": [2, 9]}","{""preds"": [55.42, 44.58, 0.0], ""scorePred"": [2, 1]}",,"{""preds"": [49.9, 50.1, 0.0], ""scorePred"": [1, 2]}","{""preds"": [51.87, 48.13, 0.0], ""scorePred"": [2, 1]}","{""preds"": [71.86, 28.14, 0.0], ""scorePred"": [1, 0]}","{""preds"": [45.6, 54.4, 0.0], ""scorePred"": [1, 2]}","{""preds"": [35.3, 64.7, 0.0], ""scorePred"": [1, 2]}","{""preds"": [70.89, 29.11, 0.0], ""scorePred"": [1, 0]}","{""preds"": [41.56, 58.44, 0.0], ""scorePred"": [1, 2]}","{""preds"": [57.19, 42.81, 0.0], ""scorePred"": [2, 1]}","{""preds"": [51.01, 48.99, 0.0], ""scorePred"": [2, 1]}","{""preds"": [59.44, 40.56, 0.0], ""scorePred"": [2, 1]}","{""preds"": [58.13, 41.87, 0.0], ""scorePred"": [2, 0]}","{""preds"": [33.86, 66.14, 0.0], ""scorePred"": [2, 9]}","{""preds"": [82.7, 17.3, 0.0], ""scorePred"": [1, 0]}","{""preds"": [50.65, 49.35, 0.0], ""scorePred"": [2, 1]}","{""preds"": [75.53, 24.47, 0.0], ""scorePred"": [1, 0]}","{""preds"": [59.42, 40.58, 0.0], ""scorePred"": [2, 1]}","{""preds"": [47.87, 52.13, 0.0], ""scorePred"": [1, 2]}","{""preds"": [60.49, 39.51, 0.0], ""scorePred"": [2, 1]}","{""preds"": [64.44, 35.56, 0.0], ""scorePred"": [1, 0]}","{""preds"": [38.48, 61.52, 0.0], ""scorePred"": [1, 2]}","{""preds"": [60.6, 39.4, 0.0], ""scorePred"": [1, 0]}","{""preds"": [44.21, 55.79, 0.0], ""scorePred"": [1, 2]}","{""preds"": [54.15, 45.85, 0.0], ""scorePred"": [2, 1]}","{""preds"": [49.24, 50.76, 0.0], ""scorePred"": [1, 2]}","{""preds"": [65.72, 34.28, 0.0], ""scorePred"": [1, 0]}","{""preds"": [71.23, 28.77, 0.0], ""scorePred"": [1, 0]}","{""preds"": [59.32, 40.68, 0.0], ""scorePred"": [2, 1]}"
DD,"{""preds"": [64.6, 11.62, 23.78], ""scorePred"": [1, 0]}","{""preds"": [36.71, 40.26, 23.03], ""scorePred"": [1, 2]}","{""preds"": [41.83, 34.65, 23.52], ""scorePred"": [2, 1]}","{""preds"": [38.18, 38.21, 23.61], ""scorePred"": [1, 2]}","{""preds"": [62.87, 12.22, 24.91], ""scorePred"": [1, 0]}","{""preds"": [41.34, 34.04, 24.62], ""scorePred"": [2, 1]}","{""preds"": [37.32, 38.82, 23.86], ""scorePred"": [1, 2]}",,"{""preds"": [39.53, 36.93, 23.54], ""scorePred"": [2, 1]}","{""preds"": [52.47, 21.25, 26.28], ""scorePred"": [1, 0]}","{""preds"": [34.97, 42.38, 22.65], ""scorePred"": [1, 2]}","{""preds"": [27.71, 52.06, 20.23], ""scorePred"": [1, 2]}","{""preds"": [52.8, 22.09, 25.11], ""scorePred"": [1, 0]}","{""preds"": [33.3, 43.89, 22.81], ""scorePred"": [1, 2]}","{""preds"": [42.78, 33.16, 24.06], ""scorePred"": [1, 0]}","{""preds"": [38.61, 37.79, 23.6], ""scorePred"": [2, 1]}","{""preds"": [44.36, 31.12, 24.52], ""scorePred"": [1, 0]}","{""preds"": [54.25, 39.56, 6.19], ""scorePred"": [2, 0]}","{""preds"": [33.27, 65.32, 1.41], ""scorePred"": [2, 9]}","{""preds"": [62.19, 13.4, 24.41], ""scorePred"": [1, 0]}","{""preds"": [39.21, 37.69, 23.1], ""scorePred"": [2, 1]}","{""preds"": [57.83, 18.02, 24.15], ""scorePred"": [1, 0]}","{""preds"": [44.75, 30.43, 24.82], ""scorePred"": [2, 1]}","{""preds"": [37.34, 40.21, 22.45], ""scorePred"": [1, 2]}","{""preds"": [44.68, 29.68, 25.64], ""scorePred"": [2, 1]}","{""preds"": [48.32, 26.33, 25.35], ""scorePred"": [1, 0]}","{""preds"": [30.9, 47.93, 21.17], ""scorePred"": [1, 2]}","{""preds"": [45.86, 29.13, 25.01], ""scorePred"": [1, 0]}","{""preds"": [33.7, 43.94, 22.36], ""scorePred"": [1, 2]}","{""preds"": [39.91, 35.68, 24.41], ""scorePred"": [2, 1]}","{""preds"": [38.39, 37.87, 23.74], ""scorePred"": [2, 1]}","{""preds"": [49.37, 25.63, 25.0], ""scorePred"": [1, 0]}","{""preds"": [53.93, 21.02, 25.05], ""scorePred"": [1, 0]}","{""preds"": [44.95, 30.33, 24.72], ""scorePred"": [1, 0]}","{""preds"": [84.76, 15.24, 0.0], ""scorePred"": [1, 0]}","{""preds"": [47.77, 52.23, 0.0], ""scorePred"": [1, 2]}","{""preds"": [53.81, 46.19, 0.0], ""scorePred"": [2, 1]}","{""preds"": [50.54, 49.46, 0.0], ""scorePred"": [2, 1]}","{""preds"": [82.93, 17.07, 0.0], ""scorePred"": [1, 0]}","{""preds"": [54.23, 45.77, 0.0], ""scorePred"": [2, 1]}","{""preds"": [48.79, 51.21, 0.0], ""scorePred"": [1, 2]}",,"{""preds"": [51.11, 48.89, 0.0], ""scorePred"": [2, 1]}","{""preds"": [72.2, 27.8, 0.0], ""scorePred"": [1, 0]}","{""preds"": [45.51, 54.49, 0.0], ""scorePred"": [1, 2]}","{""preds"": [34.52, 65.48, 0.0], ""scorePred"": [1, 2]}","{""preds"": [70.57, 29.43, 0.0], ""scorePred"": [1, 0]}","{""preds"": [42.53, 57.47, 0.0], ""scorePred"": [1, 2]}","{""preds"": [56.24, 43.76, 0.0], ""scorePred"": [2, 1]}","{""preds"": [50.52, 49.48, 0.0], ""scorePred"": [2, 1]}","{""preds"": [58.8, 41.2, 0.0], ""scorePred"": [2, 1]}","{""preds"": [57.92, 42.08, 0.0], ""scorePred"": [2, 0]}","{""preds"": [33.83, 66.17, 0.0], ""scorePred"": [2, 9]}","{""preds"": [82.63, 17.37, 0.0], ""scorePred"": [1, 0]}","{""preds"": [50.89, 49.11, 0.0], ""scorePred"": [2, 1]}","{""preds"": [76.48, 23.52, 0.0], ""scorePred"": [1, 0]}","{""preds"": [58.48, 41.52, 0.0], ""scorePred"": [2, 1]}","{""preds"": [47.39, 52.61, 0.0], ""scorePred"": [1, 2]}","{""preds"": [58.75, 41.25, 0.0], ""scorePred"": [1, 0]}","{""preds"": [65.56, 34.44, 0.0], ""scorePred"": [1, 0]}","{""preds"": [38.86, 61.14, 0.0], ""scorePred"": [1, 2]}","{""preds"": [60.37, 39.63, 0.0], ""scorePred"": [1, 0]}","{""preds"": [43.83, 56.17, 0.0], ""scorePred"": [1, 2]}","{""preds"": [53.13, 46.87, 0.0], ""scorePred"": [2, 1]}","{""preds"": [49.56, 50.44, 0.0], ""scorePred"": [1, 2]}","{""preds"": [65.03, 34.97, 0.0], ""scorePred"": [1, 0]}","{""preds"": [71.98, 28.02, 0.0], ""scorePred"": [1, 0]}","{""preds"": [59.74, 40.26, 0.0], ""scorePred"": [2, 1]}"
GB-ENG,"{""preds"": [63.32, 11.71, 24.97], ""scorePred"": [1, 0]}","{""preds"": [35.32, 41.77, 22.91], ""scorePred"": [1, 2]}","{""preds"": [40.64, 35.5, 23.86], ""scorePred"": [2, 1]}","{""preds"": [37.93, 38.24, 23.83], ""scorePred"": [1, 2]}","{""preds"": [38.78, 58.76, 2.46], ""scorePred"": [2, 9]}","{""preds"": [40.09, 35.71, 24.2], ""scorePred"": [2, 1]}","{""preds"": [37.74, 39.17, 23.09], ""scorePred"": [1, 2]}","{""preds"": [37.44, 38.52, 24.04], ""scorePred"": [1, 2]}",,"{""preds"": [53.5, 21.46, 25.04], ""scorePred"": [1, 0]}","{""preds"": [33.2, 43.95, 22.85], ""scorePred"": [1, 2]}","{""preds"": [26.42, 53.23, 20.35], ""scorePred"": [1, 2]}","{""preds"": [51.72, 22.69, 25.59], ""scorePred"": [1, 0]}","{""preds"": [32.06, 45.66, 22.28], ""scorePred"": [1, 2]}","{""preds"": [41.64, 33.38, 24.98], ""scorePred"": [2, 1]}","{""preds"": [36.59, 39.39, 24.02], ""scorePred"": [1, 2]}","{""preds"": [43.7, 30.91, 25.39], ""scorePred"": [1, 0]}","{""preds"": [54.21, 39.25, 6.54], ""scorePred"": [2, 0]}","{""preds"": [33.79, 64.55, 1.66], ""scorePred"": [2, 10]}","{""preds"": [41.14, 56.26, 2.6], ""scorePred"": [2, 9]}","{""preds"": [37.78, 38.84, 23.38], ""scorePred"": [1, 2]}","{""preds"": [55.42, 18.41, 26.17], ""scorePred"": [1, 0]}","{""preds"": [43.27, 31.84, 24.89], ""scorePred"": [1, 0]}","{""preds"": [35.62, 40.61, 23.77], ""scorePred"": [1, 2]}","{""preds"": [43.75, 31.45, 24.8], ""scorePred"": [1, 0]}","{""preds"": [48.12, 26.54, 25.34], ""scorePred"": [1, 0]}","{""preds"": [30.11, 48.34, 21.55], ""scorePred"": [1, 2]}","{""preds"": [44.84, 29.87, 25.29], ""scorePred"": [1, 0]}","{""preds"": [32.98, 44.9, 22.12], ""scorePred"": [1, 2]}","{""preds"": [38.48, 37.21, 24.31], ""scorePred"": [2, 1]}","{""preds"": [36.37, 39.64, 23.99], ""scorePred"": [1, 2]}","{""preds"": [48.38, 26.9, 24.72], ""scorePred"": [1, 0]}","{""preds"": [52.43, 21.55, 26.02], ""scorePred"": [1, 0]}","{""preds"": [44.07, 30.74, 25.19], ""scorePred"": [1, 0]}","{""preds"": [83.74, 16.26, 0.0], ""scorePred"": [1, 0]}","{""preds"": [46.81, 53.19, 0.0], ""scorePred"": [1, 2]}","{""preds"": [52.94, 47.06, 0.0], ""scorePred"": [2, 1]}","{""preds"": [48.47, 51.53, 0.0], ""scorePred"": [1, 2]}","{""preds"": [40.19, 59.81, 0.0], ""scorePred"": [2, 9]}","{""preds"": [52.75, 47.25, 0.0], ""scorePred"": [2, 1]}","{""preds"": [47.93, 52.07, 0.0], ""scorePred"": [1, 2]}","{""preds"": [48.0, 52.0, 0.0], ""scorePred"": [1, 2]}",,"{""preds"": [71.78, 28.22, 0.0], ""scorePred"": [1, 0]}","{""preds"": [43.84, 56.16, 0.0], ""scorePred"": [1, 2]}","{""preds"": [33.97, 66.03, 0.0], ""scorePred"": [1, 2]}","{""preds"": [69.57, 30.43, 0.0], ""scorePred"": [1, 0]}","{""preds"": [42.08, 57.92, 0.0], ""scorePred"": [1, 2]}","{""preds"": [55.67, 44.33, 0.0], ""scorePred"": [2, 1]}","{""preds"": [48.69, 51.31, 0.0], ""scorePred"": [1, 2]}","{""preds"": [57.59, 42.41, 0.0], ""scorePred"": [2, 1]}","{""preds"": [58.37, 41.63, 0.0], ""scorePred"": [2, 0]}","{""preds"": [33.24, 66.76, 0.0], ""scorePred"": [2, 9]}","{""preds"": [42.15, 57.85, 0.0], ""scorePred"": [2, 9]}","{""preds"": [48.98, 51.02, 0.0], ""scorePred"": [1, 2]}","{""preds"": [74.84, 25.16, 0.0], ""scorePred"": [1, 0]}","{""preds"": [56.5, 43.5, 0.0], ""scorePred"": [2, 1]}","{""preds"": [47.34, 52.66, 0.0], ""scorePred"": [1, 2]}","{""preds"": [59.23, 40.77, 0.0], ""scorePred"": [1, 0]}","{""preds"": [63.9, 36.1, 0.0], ""scorePred"": [1, 0]}","{""preds"": [38.72, 61.28, 0.0], ""scorePred"": [1, 2]}","{""preds"": [59.36, 40.64, 0.0], ""scorePred"": [1, 0]}","{""preds"": [42.27, 57.73, 0.0], ""scorePred"": [1, 2]}","{""preds"": [52.49, 47.51, 0.0], ""scorePred"": [2, 1]}","{""preds"": [48.13, 51.87, 0.0], ""scorePred"": [1, 2]}","{""preds"": [64.56, 35.44, 0.0], ""scorePred"": [1, 0]}","{""preds"": [70.61, 29.39, 0.0], ""scorePred"": [1, 0]}","{""preds"": [59.65, 40.35, 0.0], ""scorePred"": [1, 0]}"
FI,"{""preds"": [42.44, 19.7, 37.86], ""scorePred"": [1, 0]}","{""preds"": [19.84, 55.81, 24.35], ""scorePred"": [0, 1]}","{""preds"": [22.77, 50.74, 26.49], ""scorePred"": [0, 1]}","{""preds"": [21.05, 53.31, 25.64], ""scorePred"": [0, 1]}","{""preds"": [41.81, 21.07, 37.12], ""scorePred"": [1, 0]}","{""preds"": [22.97, 50.42, 26.61], ""scorePred"": [0, 1]}","{""preds"": [20.43, 54.38, 25.19], ""scorePred"": [0, 1]}","{""preds"": [20.38, 53.67, 25.95], ""scorePred"": [0, 1]}","{""preds"": [21.47, 52.6, 25.93], ""scorePred"": [0, 1]}",,"{""preds"": [18.73, 58.13, 23.14], ""scorePred"": [0, 1]}","{""preds"": [13.69, 68.53, 17.78], ""scorePred"": [0, 2]}","{""preds"": [32.62, 34.7, 32.68], ""scorePred"": [0, 1]}","{""preds"": [16.85, 60.89, 22.26], ""scorePred"": [0, 1]}","{""preds"": [24.44, 47.77, 27.79], ""scorePred"": [0, 1]}","{""preds"": [21.86, 53.26, 24.88], ""scorePred"": [0, 1]}","{""preds"": [25.49, 45.57, 28.94], ""scorePred"": [0, 1]}","{""preds"": [30.91, 37.86, 31.23], ""scorePred"": [0, 1]}","{""preds"": [44.6, 17.28, 38.12], ""scorePred"": [1, 0]}","{""preds"": [41.58, 22.11, 36.31], ""scorePred"": [1, 0]}","{""preds"": [21.21, 52.97, 25.82], ""scorePred"": [0, 1]}","{""preds"": [36.75, 29.47, 33.78], ""scorePred"": [1, 0]}","{""preds"": [25.82, 44.92, 29.26], ""scorePred"": [0, 1]}","{""preds"": [19.8, 55.81, 24.39], ""scorePred"": [0, 1]}","{""preds"": [27.01, 44.12, 28.87], ""scorePred"": [0, 1]}","{""preds"": [29.56, 39.28, 31.16], ""scorePred"": [0, 1]}","{""preds"": [16.0, 63.19, 20.81], ""scorePred"": [0, 2]}","{""preds"": [26.27, 44.04, 29.69], ""scorePred"": [0, 1]}","{""preds"": [18.91, 57.98, 23.11], ""scorePred"": [0, 1]}","{""preds"": [22.58, 50.94, 26.48], ""scorePred"": [0, 1]}","{""preds"": [20.35, 54.68, 24.97], ""scorePred"": [0, 1]}","{""preds"": [29.79, 38.95, 31.26], ""scorePred"": [0, 1]}","{""preds"": [33.7, 33.33, 32.97], ""scorePred"": [1, 0]}","{""preds"": [26.12, 44.7, 29.18], ""scorePred"": [0, 1]}","{""preds"": [67.92, 32.08, 0.0], ""scorePred"": [1, 0]}","{""preds"": [25.47, 74.53, 0.0], ""scorePred"": [0, 1]}","{""preds"": [31.07, 68.93, 0.0], ""scorePred"": [0, 1]}","{""preds"": [28.41, 71.59, 0.0], ""scorePred"": [0, 1]}","{""preds"": [65.31, 34.69, 0.0], ""scorePred"": [1, 0]}","{""preds"": [31.31, 68.69, 0.0], ""scorePred"": [0, 1]}","{""preds"": [28.09, 71.91, 0.0], ""scorePred"": [0, 1]}","{""preds"": [29.37, 70.63, 0.0], ""scorePred"": [0, 1]}","{""preds"": [29.44, 70.56, 0.0], ""scorePred"": [0, 1]}",,"{""preds"": [24.36, 75.64, 0.0], ""scorePred"": [0, 1]}","{""preds"": [16.19, 83.81, 0.0], ""scorePred"": [0, 2]}","{""preds"": [47.57, 52.43, 0.0], ""scorePred"": [0, 1]}","{""preds"": [22.05, 77.95, 0.0], ""scorePred"": [0, 1]}","{""preds"": [34.13, 65.87, 0.0], ""scorePred"": [0, 1]}","{""preds"": [29.07, 70.93, 0.0], ""scorePred"": [0, 1]}","{""preds"": [36.33, 63.67, 0.0], ""scorePred"": [0, 1]}","{""preds"": [44.88, 55.12, 0.0], ""scorePred"": [0, 1]}","{""preds"": [73.53, 26.47, 0.0], ""scorePred"": [1, 0]}","{""preds"": [64.52, 35.48, 0.0], ""scorePred"": [1, 0]}","{""preds"": [27.74, 72.26, 0.0], ""scorePred"": [0, 1]}","{""preds"": [54.95, 45.05, 0.0], ""scorePred"": [1, 0]}","{""preds"": [36.29, 63.71, 0.0], ""scorePred"": [0, 1]}","{""preds"": [27.02, 72.98, 0.0], ""scorePred"": [0, 1]}","{""preds"": [36.24, 63.76, 0.0], ""scorePred"": [0, 1]}","{""preds"": [42.12, 57.88, 0.0], ""scorePred"": [0, 1]}","{""preds"": [20.39, 79.61, 0.0], ""scorePred"": [0, 2]}","{""preds"": [37.44, 62.56, 0.0], ""scorePred"": [0, 1]}","{""preds"": [22.98, 77.02, 0.0], ""scorePred"": [0, 1]}","{""preds"": [30.3, 69.7, 0.0], ""scorePred"": [0, 1]}","{""preds"": [28.08, 71.92, 0.0], ""scorePred"": [0, 1]}","{""preds"": [41.99, 58.01, 0.0], ""scorePred"": [0, 1]}","{""preds"": [49.6, 50.4, 0.0], ""scorePred"": [0, 1]}","{""preds"": [36.43, 63.57, 0.0], ""scorePred"": [0, 1]}"
FR,"{""preds"": [68.37, 9.71, 21.92], ""scorePred"": [1, 0]}","{""preds"": [40.71, 36.19, 23.1], ""scorePred"": [2, 1]}","{""preds"": [46.16, 30.64, 23.2], ""scorePred"": [2, 1]}","{""preds"": [43.1, 34.21, 22.69], ""scorePred"": [2, 1]}","{""preds"": [39.45, 58.47, 2.08], ""scorePred"": [2, 9]}","{""preds"": [44.65, 31.72, 23.63], ""scorePred"": [2, 1]}","{""preds"": [42.99, 34.34, 22.67], ""scorePred"": [2, 1]}","{""preds"": [42.56, 34.7, 22.74], ""scorePred"": [2, 1]}","{""preds"": [43.24, 34.08, 22.68], ""scorePred"": [2, 1]}","{""preds"": [57.98, 18.67, 23.35], ""scorePred"": [1, 0]}",,"{""preds"": [30.89, 48.69, 20.42], ""scorePred"": [1, 2]}","{""preds"": [57.13, 19.8, 23.07], ""scorePred"": [1, 0]}","{""preds"": [36.8, 40.8, 22.4], ""scorePred"": [1, 2]}","{""preds"": [46.35, 30.04, 23.61], ""scorePred"": [2, 1]}","{""preds"": [43.58, 33.86, 22.56], ""scorePred"": [2, 1]}","{""preds"": [49.17, 27.33, 23.5], ""scorePred"": [2, 1]}","{""preds"": [55.16, 39.59, 5.25], ""scorePred"": [2, 0]}","{""preds"": [33.8, 64.98, 1.22], ""scorePred"": [2, 10]}","{""preds"": [41.59, 56.07, 2.34], ""scorePred"": [2, 9]}","{""preds"": [42.66, 34.47, 22.87], ""scorePred"": [2, 1]}","{""preds"": [61.01, 16.3, 22.69], ""scorePred"": [1, 0]}","{""preds"": [49.24, 26.78, 23.98], ""scorePred"": [2, 1]}","{""preds"": [41.23, 36.28, 22.49], ""scorePred"": [2, 1]}","{""preds"": [49.23, 27.53, 23.24], ""scorePred"": [2, 1]}","{""preds"": [53.47, 23.27, 23.26], ""scorePred"": [2, 1]}","{""preds"": [35.7, 43.52, 20.78], ""scorePred"": [1, 2]}","{""preds"": [50.96, 25.92, 23.12], ""scorePred"": [2, 1]}","{""preds"": [37.47, 40.99, 21.54], ""scorePred"": [1, 2]}","{""preds"": [43.69, 32.91, 23.4], ""scorePred"": [2, 1]}","{""preds"": [42.05, 34.77, 23.18], ""scorePred"": [2, 1]}","{""preds"": [53.34, 22.82, 23.84], ""scorePred"": [1, 0]}","{""preds"": [58.23, 18.11, 23.66], ""scorePred"": [1, 0]}","{""preds"": [49.61, 27.17, 23.22], ""scorePred"": [2, 1]}","{""preds"": [86.74, 13.26, 0.0], ""scorePred"": [1, 0]}","{""preds"": [52.56, 47.44, 0.0], ""scorePred"": [2, 1]}","{""preds"": [60.22, 39.78, 0.0], ""scorePred"": [2, 1]}","{""preds"": [56.38, 43.62, 0.0], ""scorePred"": [2, 1]}","{""preds"": [40.26, 59.74, 0.0], ""scorePred"": [2, 10]}","{""preds"": [59.53, 40.47, 0.0], ""scorePred"": [2, 1]}","{""preds"": [54.65, 45.35, 0.0], ""scorePred"": [2, 1]}","{""preds"": [54.85, 45.15, 0.0], ""scorePred"": [2, 1]}","{""preds"": [56.73, 43.27, 0.0], ""scorePred"": [2, 1]}","{""preds"": [76.8, 23.2, 0.0], ""scorePred"": [1, 0]}",,"{""preds"": [39.61, 60.39, 0.0], ""scorePred"": [1, 2]}","{""preds"": [73.15, 26.85, 0.0], ""scorePred"": [1, 0]}","{""preds"": [46.87, 53.13, 0.0], ""scorePred"": [1, 2]}","{""preds"": [61.89, 38.11, 0.0], ""scorePred"": [2, 1]}","{""preds"": [56.29, 43.71, 0.0], ""scorePred"": [2, 1]}","{""preds"": [64.58, 35.42, 0.0], ""scorePred"": [2, 1]}","{""preds"": [59.5, 40.5, 0.0], ""scorePred"": [2, 0]}","{""preds"": [33.42, 66.58, 0.0], ""scorePred"": [2, 10]}","{""preds"": [43.68, 56.32, 0.0], ""scorePred"": [2, 9]}","{""preds"": [54.92, 45.08, 0.0], ""scorePred"": [2, 1]}","{""preds"": [79.54, 20.46, 0.0], ""scorePred"": [1, 0]}","{""preds"": [63.8, 36.2, 0.0], ""scorePred"": [2, 1]}","{""preds"": [52.79, 47.21, 0.0], ""scorePred"": [2, 1]}","{""preds"": [64.85, 35.15, 0.0], ""scorePred"": [2, 1]}","{""preds"": [69.48, 30.52, 0.0], ""scorePred"": [1, 0]}","{""preds"": [43.87, 56.13, 0.0], ""scorePred"": [1, 2]}","{""preds"": [65.73, 34.27, 0.0], ""scorePred"": [2, 1]}","{""preds"": [49.35, 50.65, 0.0], ""scorePred"": [1, 2]}","{""preds"": [57.53, 42.47, 0.0], ""scorePred"": [2, 1]}","{""preds"": [54.26, 45.74, 0.0], ""scorePred"": [2, 1]}","{""preds"": [69.48, 30.52, 0.0], ""scorePred"": [1, 0]}","{""preds"": [74.79, 25.21, 0.0], ""scorePred"": [1, 0]}","{""preds"": [63.23, 36.77, 0.0], ""scorePred"": [2, 1]}"
DE,"{""preds"": [76.53, 6.79, 16.68], ""scorePred"": [2, 0]}","{""preds"": [50.36, 29.39, 20.25], ""scorePred"": [2, 1]}","{""preds"": [55.02, 24.29, 20.69], ""scorePred"": [2, 1]}","{""preds"": [51.93, 28.06, 20.01], ""scorePred"": [2, 1]}","{""preds"": [40.55, 58.08, 1.37], ""scorePred"": [3, 11]}","{""preds"": [55.54, 24.07, 20.39], ""scorePred"": [2, 1]}","{""preds"": [52.08, 27.62, 20.3], ""scorePred"": [2, 1]}","{""preds"": [51.87, 27.21, 20.92], ""scorePred"": [2, 1]}","{""preds"": [53.91, 26.19, 19.9], ""scorePred"": [2, 1]}","{""preds"": [67.61, 13.65, 18.74], ""scorePred"": [2, 0]}","{""preds"": [47.95, 31.75, 20.3], ""scorePred"": [2, 1]}",,"{""preds"": [66.14, 14.39, 19.47], ""scorePred"": [2, 0]}","{""preds"": [46.42, 33.48, 20.1], ""scorePred"": [2, 1]}","{""preds"": [57.39, 23.1, 19.51], ""scorePred"": [2, 1]}","{""preds"": [53.07, 26.78, 20.15], ""scorePred"": [2, 1]}","{""preds"": [58.66, 21.94, 19.4], ""scorePred"": [2, 1]}","{""preds"": [57.72, 38.13, 4.15], ""scorePred"": [3, 0]}","{""preds"": [34.15, 64.94, 0.91], ""scorePred"": [3, 11]}","{""preds"": [41.63, 56.66, 1.71], ""scorePred"": [3, 10]}","{""preds"": [52.45, 27.07, 20.48], ""scorePred"": [2, 1]}","{""preds"": [70.68, 11.18, 18.14], ""scorePred"": [2, 0]}","{""preds"": [58.86, 21.37, 19.77], ""scorePred"": [2, 1]}","{""preds"": [49.62, 28.98, 21.4], ""scorePred"": [2, 1]}","{""preds"": [59.03, 20.96, 20.01], ""scorePred"": [2, 1]}","{""preds"": [62.96, 17.76, 19.28], ""scorePred"": [2, 1]}","{""preds"": [44.3, 35.22, 20.48], ""scorePred"": [2, 1]}","{""preds"": [59.61, 20.47, 19.92], ""scorePred"": [2, 1]}","{""preds"": [47.98, 31.85, 20.17], ""scorePred"": [2, 1]}","{""preds"": [54.67, 25.41, 19.92], ""scorePred"": [2, 1]}","{""preds"": [52.52, 27.7, 19.78], ""scorePred"": [2, 1]}","{""preds"": [63.54, 16.87, 19.59], ""scorePred"": [2, 1]}","{""preds"": [66.77, 13.73, 19.5], ""scorePred"": [2, 0]}","{""preds"": [58.9, 21.27, 19.83], ""scorePred"": [2, 1]}","{""preds"": [90.92, 9.08, 0.0], ""scorePred"": [2, 0]}","{""preds"": [64.24, 35.76, 0.0], ""scorePred"": [2, 1]}","{""preds"": [69.29, 30.71, 0.0], ""scorePred"": [2, 1]}","{""preds"": [64.58, 35.42, 0.0], ""scorePred"": [2, 1]}","{""preds"": [40.81, 59.19, 0.0], ""scorePred"": [3, 10]}","{""preds"": [69.46, 30.54, 0.0], ""scorePred"": [2, 1]}","{""preds"": [65.47, 34.53, 0.0], ""scorePred"": [2, 1]}","{""preds"": [66.07, 33.93, 0.0], ""scorePred"": [2, 1]}","{""preds"": [65.87, 34.13, 0.0], ""scorePred"": [2, 1]}","{""preds"": [82.85, 17.15, 0.0], ""scorePred"": [2, 0]}","{""preds"": [60.44, 39.56, 0.0], ""scorePred"": [2, 1]}",,"{""preds"": [81.26, 18.74, 0.0], ""scorePred"": [2, 0]}","{""preds"": [58.06, 41.94, 0.0], ""scorePred"": [2, 1]}","{""preds"": [70.97, 29.03, 0.0], ""scorePred"": [2, 1]}","{""preds"": [64.75, 35.25, 0.0], ""scorePred"": [2, 1]}","{""preds"": [73.42, 26.58, 0.0], ""scorePred"": [2, 1]}","{""preds"": [60.84, 39.16, 0.0], ""scorePred"": [3, 0]}","{""preds"": [33.27, 66.73, 0.0], ""scorePred"": [3, 11]}","{""preds"": [42.91, 57.09, 0.0], ""scorePred"": [3, 11]}","{""preds"": [65.87, 34.13, 0.0], ""scorePred"": [2, 1]}","{""preds"": [85.76, 14.24, 0.0], ""scorePred"": [2, 0]}","{""preds"": [73.41, 26.59, 0.0], ""scorePred"": [2, 1]}","{""preds"": [63.23, 36.77, 0.0], ""scorePred"": [2, 1]}","{""preds"": [74.24, 25.76, 0.0], ""scorePred"": [2, 1]}","{""preds"": [77.55, 22.45, 0.0], ""scorePred"": [2, 1]}","{""preds"": [54.72, 45.28, 0.0], ""scorePred"": [2, 1]}","{""preds"": [75.06, 24.94, 0.0], ""scorePred"": [2, 1]}","{""preds"": [60.63, 39.37, 0.0], ""scorePred"": [2, 1]}","{""preds"": [68.9, 31.1, 0.0], ""scorePred"": [2, 1]}","{""preds"": [63.39, 36.61, 0.0], ""scorePred"": [2, 1]}","{""preds"": [78.76, 21.24, 0.0], ""scorePred"": [2, 1]}","{""preds"": [83.05, 16.95, 0.0], ""scorePred"": [2, 0]}","{""preds"": [73.23, 26.77, 0.0], ""scorePred"": [2, 1]}"
GR,"{""preds"": [44.27, 18.71, 37.02], ""scorePred"": [1, 0]}","{""preds"": [20.5, 54.75, 24.75], ""scorePred"": [0, 1]}","{""preds"": [24.27, 49.15, 26.58], ""scorePred"": [0, 1]}","{""preds"": [21.55, 53.26, 25.19], ""scorePred"": [0, 1]}","{""preds"": [42.43, 21.12, 36.45], ""scorePred"": [1, 0]}","{""preds"": [25.1, 48.69, 26.21], ""scorePred"": [0, 1]}","{""preds"": [22.15, 52.9, 24.95], ""scorePred"": [0, 1]}","{""preds"": [22.5, 52.54, 24.96], ""scorePred"": [0, 1]}","{""preds"": [22.82, 51.49, 25.69], ""scorePred"": [0, 1]}","{""preds"": [34.4, 32.35, 33.25], ""scorePred"": [1, 0]}","{""preds"": [19.72, 56.96, 23.32], ""scorePred"": [0, 1]}","{""preds"": [14.13, 66.96, 18.91], ""scorePred"": [0, 2]}",,"{""preds"": [18.58, 58.2, 23.22], ""scorePred"": [0, 1]}","{""preds"": [25.47, 46.68, 27.85], ""scorePred"": [0, 1]}","{""preds"": [22.94, 52.24, 24.82], ""scorePred"": [0, 1]}","{""preds"": [26.52, 44.07, 29.41], ""scorePred"": [0, 1]}","{""preds"": [32.42, 36.04, 31.54], ""scorePred"": [0, 1]}","{""preds"": [46.46, 16.64, 36.9], ""scorePred"": [1, 0]}","{""preds"": [41.85, 22.52, 35.63], ""scorePred"": [1, 0]}","{""preds"": [22.24, 52.89, 24.87], ""scorePred"": [0, 1]}","{""preds"": [37.27, 28.01, 34.72], ""scorePred"": [1, 0]}","{""preds"": [27.69, 44.11, 28.2], ""scorePred"": [0, 1]}","{""preds"": [20.59, 54.77, 24.64], ""scorePred"": [0, 1]}","{""preds"": [28.0, 43.74, 28.26], ""scorePred"": [0, 1]}","{""preds"": [30.64, 38.83, 30.53], ""scorePred"": [0, 1]}","{""preds"": [16.88, 62.42, 20.7], ""scorePred"": [0, 1]}","{""preds"": [28.65, 42.04, 29.31], ""scorePred"": [0, 1]}","{""preds"": [19.46, 57.34, 23.2], ""scorePred"": [0, 1]}","{""preds"": [23.67, 51.11, 25.22], ""scorePred"": [0, 1]}","{""preds"": [21.72, 53.11, 25.17], ""scorePred"": [0, 1]}","{""preds"": [31.41, 38.18, 30.41], ""scorePred"": [0, 1]}","{""preds"": [35.07, 32.15, 32.78], ""scorePred"": [1, 0]}","{""preds"": [27.24, 43.62, 29.14], ""scorePred"": [0, 1]}","{""preds"": [69.65, 30.35, 0.0], ""scorePred"": [1, 0]}","{""preds"": [27.61, 72.39, 0.0], ""scorePred"": [0, 1]}","{""preds"": [34.05, 65.95, 0.0], ""scorePred"": [0, 1]}","{""preds"": [30.23, 69.77, 0.0], ""scorePred"": [0, 1]}","{""preds"": [67.75, 32.25, 0.0], ""scorePred"": [1, 0]}","{""preds"": [33.19, 66.81, 0.0], ""scorePred"": [0, 1]}","{""preds"": [30.11, 69.89, 0.0], ""scorePred"": [0, 1]}","{""preds"": [29.64, 70.36, 0.0], ""scorePred"": [0, 1]}","{""preds"": [30.62, 69.38, 0.0], ""scorePred"": [0, 1]}","{""preds"": [51.21, 48.79, 0.0], ""scorePred"": [1, 0]}","{""preds"": [25.89, 74.11, 0.0], ""scorePred"": [0, 1]}","{""preds"": [18.71, 81.29, 0.0], ""scorePred"": [0, 2]}",,"{""preds"": [23.22, 76.78, 0.0], ""scorePred"": [0, 1]}","{""preds"": [35.29, 64.71, 0.0], ""scorePred"": [0, 1]}","{""preds"": [30.67, 69.33, 0.0], ""scorePred"": [0, 1]}","{""preds"": [38.88, 61.12, 0.0], ""scorePred"": [0, 1]}","{""preds"": [46.27, 53.73, 0.0], ""scorePred"": [0, 1]}","{""preds"": [73.77, 26.23, 0.0], ""scorePred"": [1, 0]}","{""preds"": [66.63, 33.37, 0.0], ""scorePred"": [1, 0]}","{""preds"": [30.26, 69.74, 0.0], ""scorePred"": [0, 1]}","{""preds"": [56.68, 43.32, 0.0], ""scorePred"": [1, 0]}","{""preds"": [37.93, 62.07, 0.0], ""scorePred"": [0, 1]}","{""preds"": [28.21, 71.79, 0.0], ""scorePred"": [0, 1]}","{""preds"": [38.72, 61.28, 0.0], ""scorePred"": [0, 1]}","{""preds"": [44.37, 55.63, 0.0], ""scorePred"": [0, 1]}","{""preds"": [21.38, 78.62, 0.0], ""scorePred"": [0, 1]}","{""preds"": [40.84, 59.16, 0.0], ""scorePred"": [0, 1]}","{""preds"": [24.82, 75.18, 0.0], ""scorePred"": [0, 1]}","{""preds"": [31.3, 68.7, 0.0], ""scorePred"": [0, 1]}","{""preds"": [29.6, 70.4, 0.0], ""scorePred"": [0, 1]}","{""preds"": [44.59, 55.41, 0.0], ""scorePred"": [0, 1]}","{""preds"": [51.14, 48.86, 0.0], ""scorePred"": [1, 0]}","{""preds"": [38.62, 61.38, 0.0], ""scorePred"": [0, 1]}"
HU,"{""preds"": [70.23, 8.95, 20.82], ""scorePred"": [1, 0]}","{""preds"": [42.24, 35.07, 22.69], ""scorePred"": [2, 1]}","{""preds"": [47.91, 29.6, 22.49], ""scorePred"": [2, 1]}","{""preds"": [45.39, 32.91, 21.7], ""scorePred"": [2, 1]}","{""preds"": [69.59, 9.48, 20.93], ""scorePred"": [1, 0]}","{""preds"": [47.79, 29.84, 22.37], ""scorePred"": [2, 1]}","{""preds"": [44.21, 32.55, 23.24], ""scorePred"": [2, 1]}","{""preds"": [45.13, 33.44, 21.43], ""scorePred"": [2, 1]}","{""preds"": [46.22, 31.93, 21.85], ""scorePred"": [2, 1]}","{""preds"": [60.52, 17.25, 22.23], ""scorePred"": [1, 0]}","{""preds"": [41.1, 36.58, 22.32], ""scorePred"": [2, 1]}","{""preds"": [33.71, 46.54, 19.75], ""scorePred"": [1, 2]}","{""preds"": [59.98, 18.38, 21.64], ""scorePred"": [1, 0]}",,"{""preds"": [50.49, 27.2, 22.31], ""scorePred"": [2, 1]}","{""preds"": [44.82, 32.72, 22.46], ""scorePred"": [2, 1]}","{""preds"": [52.43, 24.77, 22.8], ""scorePred"": [2, 1]}","{""preds"": [56.07, 39.0, 4.93], ""scorePred"": [2, 0]}","{""preds"": [34.08, 64.51, 1.41], ""scorePred"": [2, 10]}","{""preds"": [68.08, 11.62, 20.3], ""scorePred"": [1, 0]}","{""preds"": [45.01, 32.88, 22.11], ""scorePred"": [2, 1]}","{""preds"": [63.62, 15.01, 21.37], ""scorePred"": [1, 0]}","{""preds"": [51.57, 26.31, 22.12], ""scorePred"": [2, 1]}","{""preds"": [42.97, 33.81, 23.22], ""scorePred"": [2, 1]}","{""preds"": [51.69, 25.32, 22.99], ""scorePred"": [2, 1]}","{""preds"": [55.8, 22.02, 22.18], ""scorePred"": [2, 1]}","{""preds"": [37.04, 41.73, 21.23], ""scorePred"": [1, 2]}","{""preds"": [53.28, 24.41, 22.31], ""scorePred"": [2, 1]}","{""preds"": [40.24, 37.84, 21.92], ""scorePred"": [2, 1]}","{""preds"": [47.37, 30.01, 22.62], ""scorePred"": [2, 1]}","{""preds"": [44.66, 33.43, 21.91], ""scorePred"": [2, 1]}","{""preds"": [56.04, 21.01, 22.95], ""scorePred"": [1, 0]}","{""preds"": [60.33, 17.18, 22.49], ""scorePred"": [1, 0]}","{""preds"": [50.39, 26.14, 23.47], ""scorePred"": [2, 1]}","{""preds"": [88.46, 11.54, 0.0], ""scorePred"": [1, 0]}","{""preds"": [55.35, 44.65, 0.0], ""scorePred"": [2, 1]}","{""preds"": [62.51, 37.49, 0.0], ""scorePred"": [2, 1]}","{""preds"": [58.42, 41.58, 0.0], ""scorePred"": [2, 1]}","{""preds"": [88.18, 11.82, 0.0], ""scorePred"": [1, 0]}","{""preds"": [62.24, 37.76, 0.0], ""scorePred"": [2, 1]}","{""preds"": [57.12, 42.88, 0.0], ""scorePred"": [2, 1]}","{""preds"": [56.15, 43.85, 0.0], ""scorePred"": [2, 1]}","{""preds"": [59.37, 40.63, 0.0], ""scorePred"": [2, 1]}","{""preds"": [78.37, 21.63, 0.0], ""scorePred"": [1, 0]}","{""preds"": [52.8, 47.2, 0.0], ""scorePred"": [2, 1]}","{""preds"": [41.52, 58.48, 0.0], ""scorePred"": [1, 2]}","{""preds"": [76.54, 23.46, 0.0], ""scorePred"": [1, 0]}",,"{""preds"": [63.44, 36.56, 0.0], ""scorePred"": [2, 1]}","{""preds"": [57.85, 42.15, 0.0], ""scorePred"": [2, 1]}","{""preds"": [66.21, 33.79, 0.0], ""scorePred"": [2, 1]}","{""preds"": [59.96, 40.04, 0.0], ""scorePred"": [2, 0]}","{""preds"": [33.61, 66.39, 0.0], ""scorePred"": [2, 11]}","{""preds"": [86.38, 13.62, 0.0], ""scorePred"": [1, 0]}","{""preds"": [57.34, 42.66, 0.0], ""scorePred"": [2, 1]}","{""preds"": [81.66, 18.34, 0.0], ""scorePred"": [1, 0]}","{""preds"": [66.12, 33.88, 0.0], ""scorePred"": [2, 1]}","{""preds"": [54.97, 45.03, 0.0], ""scorePred"": [2, 1]}","{""preds"": [67.03, 32.97, 0.0], ""scorePred"": [2, 1]}","{""preds"": [71.99, 28.01, 0.0], ""scorePred"": [2, 1]}","{""preds"": [46.76, 53.24, 0.0], ""scorePred"": [1, 2]}","{""preds"": [68.4, 31.6, 0.0], ""scorePred"": [2, 1]}","{""preds"": [51.21, 48.79, 0.0], ""scorePred"": [2, 1]}","{""preds"": [60.42, 39.58, 0.0], ""scorePred"": [2, 1]}","{""preds"": [56.56, 43.44, 0.0], ""scorePred"": [2, 1]}","{""preds"": [71.24, 28.76, 0.0], ""scorePred"": [1, 0]}","{""preds"": [77.58, 22.42, 0.0], ""scorePred"": [1, 0]}","{""preds"": [67.37, 32.63, 0.0], ""scorePred"": [2, 1]}"
IS,"{""preds"": [58.38, 13.82, 27.8], ""scorePred"": [1, 0]}","{""preds"": [31.03, 45.19, 23.78], ""scorePred"": [1, 2]}","{""preds"": [35.76, 38.89, 25.35], ""scorePred"": [0, 1]}","{""preds"": [33.1, 41.44, 25.46], ""scorePred"": [1, 2]}","{""preds"": [56.89, 14.3, 28.81], ""scorePred"": [1, 0]}","{""preds"": [36.24, 38.51, 25.25], ""scorePred"": [0, 1]}","{""preds"": [31.47, 43.45, 25.08], ""scorePred"": [1, 2]}","{""preds"": [32.78, 42.52, 24.7], ""scorePred"": [1, 2]}","{""preds"": [33.53, 41.61, 24.86], ""scorePred"": [1, 2]}","{""preds"": [48.47, 23.77, 27.76], ""scorePred"": [1, 0]}","{""preds"": [29.59, 47.08, 23.33], ""scorePred"": [1, 2]}","{""preds"": [22.95, 56.86, 20.19], ""scorePred"": [1, 2]}","{""preds"": [47.45, 24.93, 27.62], ""scorePred"": [1, 0]}","{""preds"": [27.73, 49.55, 22.72], ""scorePred"": [1, 2]}",,"{""preds"": [33.27, 42.23, 24.5], ""scorePred"": [1, 2]}","{""preds"": [39.41, 34.08, 26.51], ""scorePred"": [1, 0]}","{""preds"": [44.07, 28.51, 27.42], ""scorePred"": [1, 0]}","{""preds"": [60.21, 11.42, 28.37], ""scorePred"": [1, 0]}","{""preds"": [55.76, 15.72, 28.52], ""scorePred"": [1, 0]}","{""preds"": [32.91, 42.36, 24.73], ""scorePred"": [1, 2]}","{""preds"": [50.32, 20.89, 28.79], ""scorePred"": [1, 0]}","{""preds"": [39.44, 34.54, 26.02], ""scorePred"": [1, 0]}","{""preds"": [31.2, 44.76, 24.04], ""scorePred"": [1, 2]}","{""preds"": [38.72, 34.66, 26.62], ""scorePred"": [1, 0]}","{""preds"": [42.65, 30.23, 27.12], ""scorePred"": [1, 0]}","{""preds"": [26.19, 52.25, 21.56], ""scorePred"": [1, 2]}","{""preds"": [40.86, 33.7, 25.44], ""scorePred"": [1, 0]}","{""preds"": [28.85, 48.28, 22.87], ""scorePred"": [1, 2]}","{""preds"": [35.28, 39.68, 25.04], ""scorePred"": [0, 1]}","{""preds"": [32.58, 43.19, 24.23], ""scorePred"": [1, 2]}","{""preds"": [43.78, 28.71, 27.51], ""scorePred"": [1, 0]}","{""preds"": [47.82, 24.22, 27.96], ""scorePred"": [1, 0]}","{""preds"": [39.25, 34.43, 26.32], ""scorePred"": [1, 0]}","{""preds"": [81.69, 18.31, 0.0], ""scorePred"": [1, 0]}","{""preds"": [40.42, 59.58, 0.0], ""scorePred"": [1, 2]}","{""preds"": [48.18, 51.82, 0.0], ""scorePred"": [0, 1]}","{""preds"": [43.44, 56.56, 0.0], ""scorePred"": [1, 2]}","{""preds"": [79.46, 20.54, 0.0], ""scorePred"": [1, 0]}","{""preds"": [47.06, 52.94, 0.0], ""scorePred"": [0, 1]}","{""preds"": [43.28, 56.72, 0.0], ""scorePred"": [1, 2]}","{""preds"": [42.96, 57.04, 0.0], ""scorePred"": [1, 2]}","{""preds"": [44.81, 55.19, 0.0], ""scorePred"": [1, 2]}","{""preds"": [66.48, 33.52, 0.0], ""scorePred"": [1, 0]}","{""preds"": [39.03, 60.97, 0.0], ""scorePred"": [1, 2]}","{""preds"": [28.98, 71.02, 0.0], ""scorePred"": [1, 2]}","{""preds"": [64.7, 35.3, 0.0], ""scorePred"": [1, 0]}","{""preds"": [35.25, 64.75, 0.0], ""scorePred"": [1, 2]}",,"{""preds"": [44.98, 55.02, 0.0], ""scorePred"": [0, 1]}","{""preds"": [53.24, 46.76, 0.0], ""scorePred"": [1, 0]}","{""preds"": [62.03, 37.97, 0.0], ""scorePred"": [1, 0]}","{""preds"": [83.35, 16.65, 0.0], ""scorePred"": [1, 0]}","{""preds"": [78.1, 21.9, 0.0], ""scorePred"": [1, 0]}","{""preds"": [43.67, 56.33, 0.0], ""scorePred"": [1, 2]}","{""preds"": [70.79, 29.21, 0.0], ""scorePred"": [1, 0]}","{""preds"": [52.13, 47.87, 0.0], ""scorePred"": [1, 0]}","{""preds"": [40.78, 59.22, 0.0], ""scorePred"": [1, 2]}","{""preds"": [53.72, 46.28, 0.0], ""scorePred"": [1, 0]}","{""preds"": [58.85, 41.15, 0.0], ""scorePred"": [1, 0]}","{""preds"": [33.9, 66.1, 0.0], ""scorePred"": [1, 2]}","{""preds"": [53.64, 46.36, 0.0], ""scorePred"": [1, 0]}","{""preds"": [37.46, 62.54, 0.0], ""scorePred"": [1, 2]}","{""preds"": [46.24, 53.76, 0.0], ""scorePred"": [0, 1]}","{""preds"": [41.87, 58.13, 0.0], ""scorePred"": [1, 2]}","{""preds"": [59.46, 40.54, 0.0], ""scorePred"": [1, 0]}","{""preds"": [66.8, 33.2, 0.0], ""scorePred"": [1, 0]}","{""preds"": [53.79, 46.21, 0.0], ""scorePred"": [1, 0]}"
IE,"{""preds"": [63.32, 11.98, 24.7], ""scorePred"": [1, 0]}","{""preds"": [35.63, 41.63, 22.74], ""scorePred"": [1, 2]}","{""preds"": [40.51, 35.74, 23.75], ""scorePred"": [2, 1]}","{""preds"": [38.08, 37.95, 23.97], ""scorePred"": [2, 1]}","{""preds"": [62.04, 12.72, 25.24], ""scorePred"": [1, 0]}","{""preds"": [41.3, 34.3, 24.4], ""scorePred"": [2, 1]}","{""preds"": [36.02, 40.04, 23.94], ""scorePred"": [1, 2]}","{""preds"": [37.79, 38.67, 23.54], ""scorePred"": [1, 2]}","{""preds"": [38.51, 37.04, 24.45], ""scorePred"": [2, 1]}","{""preds"": [53.17, 21.38, 25.45], ""scorePred"": [1, 0]}","{""preds"": [34.33, 43.27, 22.4], ""scorePred"": [1, 2]}","{""preds"": [27.51, 51.96, 20.53], ""scorePred"": [1, 2]}","{""preds"": [51.16, 22.91, 25.93], ""scorePred"": [1, 0]}","{""preds"": [32.69, 44.12, 23.19], ""scorePred"": [1, 2]}","{""preds"": [41.75, 32.85, 25.4], ""scorePred"": [2, 1]}",,"{""preds"": [44.1, 30.9, 25.0], ""scorePred"": [1, 0]}","{""preds"": [54.2, 39.41, 6.39], ""scorePred"": [2, 0]}","{""preds"": [65.5, 10.02, 24.48], ""scorePred"": [1, 0]}","{""preds"": [60.33, 13.79, 25.88], ""scorePred"": [1, 0]}","{""preds"": [37.72, 39.24, 23.04], ""scorePred"": [1, 2]}","{""preds"": [55.88, 18.87, 25.25], ""scorePred"": [1, 0]}","{""preds"": [43.19, 32.25, 24.56], ""scorePred"": [1, 0]}","{""preds"": [34.72, 41.42, 23.86], ""scorePred"": [1, 2]}","{""preds"": [44.24, 31.36, 24.4], ""scorePred"": [1, 0]}","{""preds"": [47.79, 27.02, 25.19], ""scorePred"": [1, 0]}","{""preds"": [29.95, 49.13, 20.92], ""scorePred"": [1, 2]}","{""preds"": [45.24, 29.82, 24.94], ""scorePred"": [1, 0]}","{""preds"": [33.04, 43.87, 23.09], ""scorePred"": [1, 2]}","{""preds"": [39.94, 36.23, 23.83], ""scorePred"": [2, 1]}","{""preds"": [37.45, 39.1, 23.45], ""scorePred"": [1, 2]}","{""preds"": [47.86, 26.51, 25.63], ""scorePred"": [1, 0]}","{""preds"": [53.02, 21.59, 25.39], ""scorePred"": [1, 0]}","{""preds"": [44.24, 31.17, 24.59], ""scorePred"": [1, 0]}","{""preds"": [84.96, 15.04, 0.0], ""scorePred"": [1, 0]}","{""preds"": [46.58, 53.42, 0.0], ""scorePred"": [1, 2]}","{""preds"": [54.22, 45.78, 0.0], ""scorePred"": [2, 1]}","{""preds"": [48.86, 51.14, 0.0], ""scorePred"": [1, 2]}","{""preds"": [82.94, 17.06, 0.0], ""scorePred"": [1, 0]}","{""preds"": [53.96, 46.04, 0.0], ""scorePred"": [2, 1]}","{""preds"": [49.23, 50.77, 0.0], ""scorePred"": [1, 2]}","{""preds"": [48.45, 51.55, 0.0], ""scorePred"": [1, 2]}","{""preds"": [50.54, 49.46, 0.0], ""scorePred"": [2, 1]}","{""preds"": [71.97, 28.03, 0.0], ""scorePred"": [1, 0]}","{""preds"": [44.8, 55.2, 0.0], ""scorePred"": [1, 2]}","{""preds"": [33.23, 66.77, 0.0], ""scorePred"": [1, 2]}","{""preds"": [68.73, 31.27, 0.0], ""scorePred"": [1, 0]}","{""preds"": [41.38, 58.62, 0.0], ""scorePred"": [1, 2]}","{""preds"": [55.46, 44.54, 0.0], ""scorePred"": [1, 0]}",,"{""preds"": [58.83, 41.17, 0.0], ""scorePred"": [1, 0]}","{""preds"": [58.02, 41.98, 0.0], ""scorePred"": [2, 0]}","{""preds"": [87.5, 12.5, 0.0], ""scorePred"": [1, 0]}","{""preds"": [82.13, 17.87, 0.0], ""scorePred"": [1, 0]}","{""preds"": [49.49, 50.51, 0.0], ""scorePred"": [1, 2]}","{""preds"": [74.89, 25.11, 0.0], ""scorePred"": [1, 0]}","{""preds"": [57.81, 42.19, 0.0], ""scorePred"": [1, 0]}","{""preds"": [46.65, 53.35, 0.0], ""scorePred"": [1, 2]}","{""preds"": [59.68, 40.32, 0.0], ""scorePred"": [1, 0]}","{""preds"": [63.72, 36.28, 0.0], ""scorePred"": [1, 0]}","{""preds"": [39.04, 60.96, 0.0], ""scorePred"": [1, 2]}","{""preds"": [59.93, 40.07, 0.0], ""scorePred"": [1, 0]}","{""preds"": [44.06, 55.94, 0.0], ""scorePred"": [1, 2]}","{""preds"": [52.29, 47.71, 0.0], ""scorePred"": [2, 1]}","{""preds"": [48.25, 51.75, 0.0], ""scorePred"": [1, 2]}","{""preds"": [65.55, 34.45, 0.0], ""scorePred"": [1, 0]}","{""preds"": [71.19, 28.81, 0.0], ""scorePred"": [1, 0]}","{""preds"": [58.37, 41.63, 0.0], ""scorePred"": [1, 0]}"
IT,"{""preds"": [55.06, 14.57, 30.37], ""scorePred"": [1, 0]}","{""preds"": [28.76, 46.79, 24.45], ""scorePred"": [1, 2]}","{""preds"": [33.32, 40.6, 26.08], ""scorePred"": [0, 1]}","{""preds"": [30.28, 44.24, 25.48], ""scorePred"": [0, 1]}","{""preds"": [38.73, 58.14, 3.13], ""scorePred"": [2, 9]}","{""preds"": [32.69, 41.18, 26.13], ""scorePred"": [0, 1]}","{""preds"": [30.62, 44.73, 24.65], ""scorePred"": [0, 1]}","{""preds"": [30.12, 45.3, 24.58], ""scorePred"": [1, 2]}","{""preds"": [31.46, 43.52, 25.02], ""scorePred"": [0, 1]}","{""preds"": [44.93, 25.57, 29.5], ""scorePred"": [1, 0]}","{""preds"": [27.21, 49.4, 23.39], ""scorePred"": [1, 2]}","{""preds"": [20.79, 59.09, 20.12], ""scorePred"": [1, 2]}","{""preds"": [44.25, 26.83, 28.92], ""scorePred"": [1, 0]}","{""preds"": [25.6, 52.01, 22.39], ""scorePred"": [1, 2]}","{""preds"": [35.12, 38.25, 26.63], ""scorePred"": [0, 1]}","{""preds"": [30.8, 44.71, 24.49], ""scorePred"": [0, 1]}",,"{""preds"": [51.86, 40.14, 8.0], ""scorePred"": [2, 0]}","{""preds"": [32.16, 65.94, 1.9], ""scorePred"": [2, 8]}","{""preds"": [54.1, 16.86, 29.04], ""scorePred"": [1, 0]}","{""preds"": [31.18, 43.76, 25.06], ""scorePred"": [1, 2]}","{""preds"": [49.08, 22.29, 28.63], ""scorePred"": [1, 0]}","{""preds"": [36.51, 36.71, 26.78], ""scorePred"": [0, 1]}","{""preds"": [29.01, 47.45, 23.54], ""scorePred"": [1, 2]}","{""preds"": [37.01, 37.26, 25.73], ""scorePred"": [0, 1]}","{""preds"": [40.23, 32.48, 27.29], ""scorePred"": [1, 0]}","{""preds"": [23.77, 53.81, 22.42], ""scorePred"": [1, 2]}","{""preds"": [36.36, 36.79, 26.85], ""scorePred"": [0, 1]}","{""preds"": [26.85, 50.67, 22.48], ""scorePred"": [1, 2]}","{""preds"": [31.91, 43.17, 24.92], ""scorePred"": [0, 1]}","{""preds"": [29.92, 45.82, 24.26], ""scorePred"": [0, 1]}","{""preds"": [40.32, 31.73, 27.95], ""scorePred"": [1, 0]}","{""preds"": [43.87, 27.35, 28.78], ""scorePred"": [1, 0]}","{""preds"": [36.56, 36.55, 26.89], ""scorePred"": [1, 0]}","{""preds"": [79.53, 20.47, 0.0], ""scorePred"": [1, 0]}","{""preds"": [38.21, 61.79, 0.0], ""scorePred"": [1, 2]}","{""preds"": [44.16, 55.84, 0.0], ""scorePred"": [0, 1]}","{""preds"": [40.8, 59.2, 0.0], ""scorePred"": [0, 1]}","{""preds"": [39.7, 60.3, 0.0], ""scorePred"": [2, 9]}","{""preds"": [44.75, 55.25, 0.0], ""scorePred"": [0, 1]}","{""preds"": [40.5, 59.5, 0.0], ""scorePred"": [0, 1]}","{""preds"": [40.57, 59.43, 0.0], ""scorePred"": [0, 1]}","{""preds"": [42.07, 57.93, 0.0], ""scorePred"": [0, 1]}","{""preds"": [63.08, 36.92, 0.0], ""scorePred"": [1, 0]}","{""preds"": [35.3, 64.7, 0.0], ""scorePred"": [1, 2]}","{""preds"": [26.78, 73.22, 0.0], ""scorePred"": [1, 2]}","{""preds"": [60.36, 39.64, 0.0], ""scorePred"": [1, 0]}","{""preds"": [33.6, 66.4, 0.0], ""scorePred"": [1, 2]}","{""preds"": [47.02, 52.98, 0.0], ""scorePred"": [0, 1]}","{""preds"": [41.05, 58.95, 0.0], ""scorePred"": [1, 2]}",,"{""preds"": [56.5, 43.5, 0.0], ""scorePred"": [2, 0]}","{""preds"": [33.66, 66.34, 0.0], ""scorePred"": [2, 8]}","{""preds"": [75.36, 24.64, 0.0], ""scorePred"": [1, 0]}","{""preds"": [40.41, 59.59, 0.0], ""scorePred"": [1, 2]}","{""preds"": [67.91, 32.09, 0.0], ""scorePred"": [1, 0]}","{""preds"": [48.8, 51.2, 0.0], ""scorePred"": [0, 1]}","{""preds"": [37.95, 62.05, 0.0], ""scorePred"": [1, 2]}","{""preds"": [50.15, 49.85, 0.0], ""scorePred"": [1, 0]}","{""preds"": [55.99, 44.01, 0.0], ""scorePred"": [1, 0]}","{""preds"": [29.71, 70.29, 0.0], ""scorePred"": [1, 2]}","{""preds"": [51.31, 48.69, 0.0], ""scorePred"": [1, 0]}","{""preds"": [34.16, 65.84, 0.0], ""scorePred"": [1, 2]}","{""preds"": [42.17, 57.83, 0.0], ""scorePred"": [0, 1]}","{""preds"": [39.91, 60.09, 0.0], ""scorePred"": [0, 1]}","{""preds"": [56.49, 43.51, 0.0], ""scorePred"": [1, 0]}","{""preds"": [62.51, 37.49, 0.0], ""scorePred"": [1, 0]}","{""preds"": [51.03, 48.97, 0.0], ""scorePred"": [1, 0]}"
LI,"{""preds"": [47.26, 18.05, 34.69], ""scorePred"": [1, 0]}","{""preds"": [39.13, 55.08, 5.79], ""scorePred"": [0, 2]}","{""preds"": [39.57, 53.66, 6.77], ""scorePred"": [0, 2]}","{""preds"": [38.32, 55.93, 5.75], ""scorePred"": [0, 2]}","{""preds"": [46.26, 19.58, 34.16], ""scorePred"": [1, 0]}","{""preds"": [39.38, 53.87, 6.75], ""scorePred"": [0, 2]}","{""preds"": [38.66, 55.1, 6.24], ""scorePred"": [0, 2]}","{""preds"": [38.99, 54.83, 6.18], ""scorePred"": [0, 2]}","{""preds"": [39.06, 54.35, 6.59], ""scorePred"": [0, 2]}","{""preds"": [37.47, 31.44, 31.09], ""scorePred"": [1, 0]}","{""preds"": [39.23, 55.48, 5.29], ""scorePred"": [0, 2]}","{""preds"": [38.44, 57.7, 3.86], ""scorePred"": [0, 3]}","{""preds"": [36.44, 31.57, 31.99], ""scorePred"": [1, 0]}","{""preds"": [39.33, 55.31, 5.36], ""scorePred"": [0, 2]}","{""preds"": [28.05, 44.58, 27.37], ""scorePred"": [0, 1]}","{""preds"": [38.68, 54.73, 6.59], ""scorePred"": [0, 2]}","{""preds"": [40.09, 52.05, 7.86], ""scorePred"": [0, 2]}",,"{""preds"": [49.01, 15.1, 35.89], ""scorePred"": [1, 0]}","{""preds"": [44.44, 20.78, 34.78], ""scorePred"": [1, 0]}","{""preds"": [39.02, 54.73, 6.25], ""scorePred"": [0, 2]}","{""preds"": [40.6, 48.41, 10.99], ""scorePred"": [0, 1]}","{""preds"": [29.32, 43.24, 27.44], ""scorePred"": [0, 1]}","{""preds"": [38.76, 55.26, 5.98], ""scorePred"": [0, 2]}","{""preds"": [39.93, 52.31, 7.76], ""scorePred"": [0, 2]}","{""preds"": [39.99, 51.2, 8.81], ""scorePred"": [0, 2]}","{""preds"": [38.71, 56.85, 4.44], ""scorePred"": [0, 2]}","{""preds"": [39.51, 52.49, 8.0], ""scorePred"": [0, 2]}","{""preds"": [38.15, 56.4, 5.45], ""scorePred"": [0, 2]}","{""preds"": [39.85, 53.35, 6.8], ""scorePred"": [0, 2]}","{""preds"": [37.72, 55.78, 6.5], ""scorePred"": [0, 2]}","{""preds"": [39.11, 52.01, 8.88], ""scorePred"": [0, 2]}","{""preds"": [36.69, 31.47, 31.84], ""scorePred"": [1, 0]}","{""preds"": [39.26, 52.85, 7.89], ""scorePred"": [0, 2]}","{""preds"": [72.14, 27.86, 0.0], ""scorePred"": [1, 0]}","{""preds"": [41.28, 58.72, 0.0], ""scorePred"": [0, 2]}","{""preds"": [43.2, 56.8, 0.0], ""scorePred"": [0, 2]}","{""preds"": [42.23, 57.77, 0.0], ""scorePred"": [0, 2]}","{""preds"": [69.87, 30.13, 0.0], ""scorePred"": [1, 0]}","{""preds"": [42.75, 57.25, 0.0], ""scorePred"": [0, 2]}","{""preds"": [42.1, 57.9, 0.0], ""scorePred"": [0, 2]}","{""preds"": [41.75, 58.25, 0.0], ""scorePred"": [0, 2]}","{""preds"": [41.86, 58.14, 0.0], ""scorePred"": [0, 2]}","{""preds"": [55.67, 44.33, 0.0], ""scorePred"": [1, 0]}","{""preds"": [40.54, 59.46, 0.0], ""scorePred"": [0, 2]}","{""preds"": [39.43, 60.57, 0.0], ""scorePred"": [0, 3]}","{""preds"": [51.96, 48.04, 0.0], ""scorePred"": [1, 0]}","{""preds"": [40.18, 59.82, 0.0], ""scorePred"": [0, 2]}","{""preds"": [37.38, 62.62, 0.0], ""scorePred"": [0, 1]}","{""preds"": [42.06, 57.94, 0.0], ""scorePred"": [0, 2]}","{""preds"": [43.64, 56.36, 0.0], ""scorePred"": [0, 2]}",,"{""preds"": [76.78, 23.22, 0.0], ""scorePred"": [1, 0]}","{""preds"": [68.48, 31.52, 0.0], ""scorePred"": [1, 0]}","{""preds"": [41.42, 58.58, 0.0], ""scorePred"": [0, 2]}","{""preds"": [46.05, 53.95, 0.0], ""scorePred"": [0, 1]}","{""preds"": [39.37, 60.63, 0.0], ""scorePred"": [0, 1]}","{""preds"": [42.4, 57.6, 0.0], ""scorePred"": [0, 2]}","{""preds"": [42.49, 57.51, 0.0], ""scorePred"": [0, 2]}","{""preds"": [44.09, 55.91, 0.0], ""scorePred"": [0, 2]}","{""preds"": [40.16, 59.84, 0.0], ""scorePred"": [0, 2]}","{""preds"": [43.22, 56.78, 0.0], ""scorePred"": [0, 2]}","{""preds"": [41.09, 58.91, 0.0], ""scorePred"": [0, 2]}","{""preds"": [40.81, 59.19, 0.0], ""scorePred"": [0, 2]}","{""preds"": [41.03, 58.97, 0.0], ""scorePred"": [0, 2]}","{""preds"": [44.4, 55.6, 0.0], ""scorePred"": [0, 2]}","{""preds"": [53.29, 46.71, 0.0], ""scorePred"": [1, 0]}","{""preds"": [43.61, 56.39, 0.0], ""scorePred"": [0, 2]}"
LU,"{""preds"": [23.5, 27.87, 48.63], ""scorePred"": [0, 0]}","{""preds"": [65.88, 32.73, 1.39], ""scorePred"": [11, 2]}","{""preds"": [65.43, 32.63, 1.94], ""scorePred"": [8, 2]}","{""preds"": [65.19, 33.31, 1.5], ""scorePred"": [9, 2]}","{""preds"": [23.06, 30.06, 46.88], ""scorePred"": [0, 0]}","{""preds"": [65.62, 32.72, 1.66], ""scorePred"": [8, 2]}","{""preds"": [64.79, 33.63, 1.58], ""scorePred"": [10, 2]}","{""preds"": [64.47, 33.9, 1.63], ""scorePred"": [9, 2]}","{""preds"": [65.5, 32.98, 1.52], ""scorePred"": [8, 2]}","{""preds"": [18.12, 44.0, 37.88], ""scorePred"": [0, 1]}","{""preds"": [64.75, 33.98, 1.27], ""scorePred"": [10, 2]}","{""preds"": [65.09, 34.05, 0.86], ""scorePred"": [10, 3]}","{""preds"": [17.0, 46.33, 36.67], ""scorePred"": [0, 1]}","{""preds"": [65.22, 33.67, 1.11], ""scorePred"": [10, 2]}","{""preds"": [11.54, 59.72, 28.74], ""scorePred"": [0, 1]}","{""preds"": [9.95, 64.64, 25.41], ""scorePred"": [0, 1]}","{""preds"": [66.49, 31.53, 1.98], ""scorePred"": [8, 2]}","{""preds"": [15.43, 49.29, 35.28], ""scorePred"": [0, 1]}",,"{""preds"": [21.88, 31.97, 46.15], ""scorePred"": [0, 0]}","{""preds"": [65.67, 32.89, 1.44], ""scorePred"": [9, 2]}","{""preds"": [65.63, 31.2, 3.17], ""scorePred"": [7, 1]}","{""preds"": [12.53, 57.88, 29.59], ""scorePred"": [0, 1]}","{""preds"": [65.18, 33.48, 1.34], ""scorePred"": [10, 2]}","{""preds"": [65.74, 32.33, 1.93], ""scorePred"": [9, 2]}","{""preds"": [64.9, 32.59, 2.51], ""scorePred"": [8, 2]}","{""preds"": [65.43, 33.35, 1.22], ""scorePred"": [12, 2]}","{""preds"": [65.72, 32.3, 1.98], ""scorePred"": [9, 2]}","{""preds"": [65.16, 33.51, 1.33], ""scorePred"": [9, 2]}","{""preds"": [65.27, 33.0, 1.73], ""scorePred"": [9, 2]}","{""preds"": [65.4, 32.93, 1.67], ""scorePred"": [9, 2]}","{""preds"": [65.03, 32.68, 2.29], ""scorePred"": [7, 2]}","{""preds"": [16.54, 45.43, 38.03], ""scorePred"": [0, 1]}","{""preds"": [65.82, 32.26, 1.92], ""scorePred"": [8, 2]}","{""preds"": [45.15, 54.85, 0.0], ""scorePred"": [0, 1]}","{""preds"": [65.74, 34.26, 0.0], ""scorePred"": [10, 2]}","{""preds"": [66.68, 33.32, 0.0], ""scorePred"": [9, 2]}","{""preds"": [66.32, 33.68, 0.0], ""scorePred"": [8, 2]}","{""preds"": [42.37, 57.63, 0.0], ""scorePred"": [0, 1]}","{""preds"": [66.85, 33.15, 0.0], ""scorePred"": [10, 2]}","{""preds"": [66.1, 33.9, 0.0], ""scorePred"": [9, 2]}","{""preds"": [66.32, 33.68, 0.0], ""scorePred"": [9, 2]}","{""preds"": [66.14, 33.86, 0.0], ""scorePred"": [9, 2]}","{""preds"": [27.88, 72.12, 0.0], ""scorePred"": [0, 1]}","{""preds"": [66.05, 33.95, 0.0], ""scorePred"": [8, 2]}","{""preds"": [65.9, 34.1, 0.0], ""scorePred"": [10, 3]}","{""preds"": [24.85, 75.15, 0.0], ""scorePred"": [0, 1]}","{""preds"": [66.2, 33.8, 0.0], ""scorePred"": [11, 2]}","{""preds"": [16.62, 83.38, 0.0], ""scorePred"": [0, 1]}","{""preds"": [13.69, 86.31, 0.0], ""scorePred"": [0, 1]}","{""preds"": [67.43, 32.57, 0.0], ""scorePred"": [9, 2]}","{""preds"": [24.02, 75.98, 0.0], ""scorePred"": [0, 1]}",,"{""preds"": [40.86, 59.14, 0.0], ""scorePred"": [0, 1]}","{""preds"": [67.09, 32.91, 0.0], ""scorePred"": [10, 2]}","{""preds"": [68.07, 31.93, 0.0], ""scorePred"": [7, 1]}","{""preds"": [17.45, 82.55, 0.0], ""scorePred"": [0, 1]}","{""preds"": [66.63, 33.37, 0.0], ""scorePred"": [10, 2]}","{""preds"": [66.82, 33.18, 0.0], ""scorePred"": [9, 2]}","{""preds"": [67.46, 32.54, 0.0], ""scorePred"": [8, 2]}","{""preds"": [66.0, 34.0, 0.0], ""scorePred"": [10, 3]}","{""preds"": [66.47, 33.53, 0.0], ""scorePred"": [8, 2]}","{""preds"": [66.12, 33.88, 0.0], ""scorePred"": [10, 2]}","{""preds"": [67.23, 32.77, 0.0], ""scorePred"": [9, 2]}","{""preds"": [66.21, 33.79, 0.0], ""scorePred"": [10, 2]}","{""preds"": [67.24, 32.76, 0.0], ""scorePred"": [7, 2]}","{""preds"": [27.72, 72.28, 0.0], ""scorePred"": [0, 1]}","{""preds"": [66.58, 33.42, 0.0], ""scorePred"": [8, 2]}"
MT,"{""preds"": [30.2, 24.67, 45.13], ""scorePred"": [0, 0]}","{""preds"": [12.04, 64.89, 23.07], ""scorePred"": [0, 1]}","{""preds"": [15.63, 56.87, 27.5], ""scorePred"": [0, 1]}","{""preds"": [13.83, 61.83, 24.34], ""scorePred"": [0, 1]}","{""preds"": [29.55, 26.83, 43.62], ""scorePred"": [0, 0]}","{""preds"": [14.71, 58.71, 26.58], ""scorePred"": [0, 1]}","{""preds"": [13.28, 61.88, 24.84], ""scorePred"": [0, 1]}","{""preds"": [13.51, 61.65, 24.84], ""scorePred"": [0, 1]}","{""preds"": [56.15, 40.95, 2.9], ""scorePred"": [9, 2]}","{""preds"": [22.69, 41.25, 36.06], ""scorePred"": [0, 1]}","{""preds"": [56.35, 41.38, 2.27], ""scorePred"": [9, 2]}","{""preds"": [56.7, 41.63, 1.67], ""scorePred"": [11, 3]}","{""preds"": [21.77, 43.17, 35.06], ""scorePred"": [0, 1]}","{""preds"": [10.58, 68.35, 21.07], ""scorePred"": [0, 1]}","{""preds"": [15.34, 55.22, 29.44], ""scorePred"": [0, 1]}","{""preds"": [14.57, 61.26, 24.17], ""scorePred"": [0, 1]}","{""preds"": [17.66, 52.7, 29.64], ""scorePred"": [0, 1]}","{""preds"": [19.78, 45.59, 34.63], ""scorePred"": [0, 1]}","{""preds"": [32.12, 21.99, 45.89], ""scorePred"": [0, 0]}",,"{""preds"": [13.87, 61.62, 24.51], ""scorePred"": [0, 1]}","{""preds"": [24.54, 35.97, 39.49], ""scorePred"": [0, 0]}","{""preds"": [16.41, 54.04, 29.55], ""scorePred"": [0, 1]}","{""preds"": [12.47, 63.98, 23.55], ""scorePred"": [0, 1]}","{""preds"": [17.62, 52.91, 29.47], ""scorePred"": [0, 1]}","{""preds"": [20.21, 46.87, 32.92], ""scorePred"": [0, 1]}","{""preds"": [55.94, 42.28, 1.78], ""scorePred"": [11, 3]}","{""preds"": [17.86, 52.11, 30.03], ""scorePred"": [0, 1]}","{""preds"": [11.34, 66.08, 22.58], ""scorePred"": [0, 1]}","{""preds"": [14.64, 58.97, 26.39], ""scorePred"": [0, 1]}","{""preds"": [13.19, 62.88, 23.93], ""scorePred"": [0, 1]}","{""preds"": [20.2, 46.35, 33.45], ""scorePred"": [0, 1]}","{""preds"": [22.79, 41.61, 35.6], ""scorePred"": [0, 1]}","{""preds"": [17.56, 52.82, 29.62], ""scorePred"": [0, 1]}","{""preds"": [55.21, 44.79, 0.0], ""scorePred"": [1, 0]}","{""preds"": [16.88, 83.12, 0.0], ""scorePred"": [0, 1]}","{""preds"": [21.05, 78.95, 0.0], ""scorePred"": [0, 1]}","{""preds"": [17.25, 82.75, 0.0], ""scorePred"": [0, 1]}","{""preds"": [52.37, 47.63, 0.0], ""scorePred"": [1, 0]}","{""preds"": [21.35, 78.65, 0.0], ""scorePred"": [0, 1]}","{""preds"": [17.06, 82.94, 0.0], ""scorePred"": [0, 1]}","{""preds"": [18.25, 81.75, 0.0], ""scorePred"": [0, 1]}","{""preds"": [57.91, 42.09, 0.0], ""scorePred"": [9, 2]}","{""preds"": [36.74, 63.26, 0.0], ""scorePred"": [0, 1]}","{""preds"": [57.85, 42.15, 0.0], ""scorePred"": [9, 2]}","{""preds"": [56.8, 43.2, 0.0], ""scorePred"": [11, 3]}","{""preds"": [33.97, 66.03, 0.0], ""scorePred"": [0, 1]}","{""preds"": [13.65, 86.35, 0.0], ""scorePred"": [0, 1]}","{""preds"": [22.28, 77.72, 0.0], ""scorePred"": [0, 1]}","{""preds"": [18.76, 81.24, 0.0], ""scorePred"": [0, 1]}","{""preds"": [24.31, 75.69, 0.0], ""scorePred"": [0, 1]}","{""preds"": [31.42, 68.58, 0.0], ""scorePred"": [0, 1]}","{""preds"": [59.03, 40.97, 0.0], ""scorePred"": [1, 0]}",,"{""preds"": [18.31, 81.69, 0.0], ""scorePred"": [0, 1]}","{""preds"": [40.81, 59.19, 0.0], ""scorePred"": [0, 1]}","{""preds"": [23.92, 76.08, 0.0], ""scorePred"": [0, 1]}","{""preds"": [16.42, 83.58, 0.0], ""scorePred"": [0, 1]}","{""preds"": [24.07, 75.93, 0.0], ""scorePred"": [0, 1]}","{""preds"": [29.16, 70.84, 0.0], ""scorePred"": [0, 1]}","{""preds"": [57.15, 42.85, 0.0], ""scorePred"": [12, 3]}","{""preds"": [25.46, 74.54, 0.0], ""scorePred"": [0, 1]}","{""preds"": [14.68, 85.32, 0.0], ""scorePred"": [0, 1]}","{""preds"": [20.02, 79.98, 0.0], ""scorePred"": [0, 1]}","{""preds"": [18.02, 81.98, 0.0], ""scorePred"": [0, 1]}","{""preds"": [29.91, 70.09, 0.0], ""scorePred"": [0, 1]}","{""preds"": [35.86, 64.14, 0.0], ""scorePred"": [0, 1]}","{""preds"": [24.92, 75.08, 0.0], ""scorePred"": [0, 1]}"
NL,"{""preds"": [63.06, 11.75, 25.19], ""scorePred"": [1, 0]}","{""preds"": [36.68, 40.02, 23.3], ""scorePred"": [1, 2]}","{""preds"": [40.61, 34.91, 24.48], ""scorePred"": [2, 1]}","{""preds"": [37.62, 38.58, 23.8], ""scorePred"": [1, 2]}","{""preds"": [62.75, 12.31, 24.94], ""scorePred"": [1, 0]}","{""preds"": [40.36, 34.72, 24.92], ""scorePred"": [2, 1]}","{""preds"": [36.73, 39.8, 23.47], ""scorePred"": [1, 2]}","{""preds"": [38.28, 38.38, 23.34], ""scorePred"": [1, 2]}","{""preds"": [38.32, 37.71, 23.97], ""scorePred"": [2, 1]}","{""preds"": [53.46, 21.37, 25.17], ""scorePred"": [1, 0]}","{""preds"": [33.5, 43.05, 23.45], ""scorePred"": [1, 2]}","{""preds"": [27.13, 52.77, 20.1], ""scorePred"": [1, 2]}","{""preds"": [50.67, 23.02, 26.31], ""scorePred"": [1, 0]}","{""preds"": [33.07, 44.45, 22.48], ""scorePred"": [1, 2]}","{""preds"": [40.82, 34.19, 24.99], ""scorePred"": [2, 1]}","{""preds"": [39.01, 37.6, 23.39], ""scorePred"": [2, 1]}","{""preds"": [43.77, 30.87, 25.36], ""scorePred"": [1, 0]}","{""preds"": [54.63, 39.2, 6.17], ""scorePred"": [2, 0]}","{""preds"": [32.35, 66.18, 1.47], ""scorePred"": [2, 9]}","{""preds"": [61.03, 14.04, 24.93], ""scorePred"": [1, 0]}",,"{""preds"": [56.58, 17.84, 25.58], ""scorePred"": [1, 0]}","{""preds"": [44.98, 30.98, 24.04], ""scorePred"": [1, 0]}","{""preds"": [36.13, 40.44, 23.43], ""scorePred"": [1, 2]}","{""preds"": [44.58, 31.1, 24.32], ""scorePred"": [1, 0]}","{""preds"": [48.39, 26.22, 25.39], ""scorePred"": [1, 0]}","{""preds"": [30.54, 47.65, 21.81], ""scorePred"": [1, 2]}","{""preds"": [45.34, 29.63, 25.03], ""scorePred"": [1, 0]}","{""preds"": [33.9, 43.5, 22.6], ""scorePred"": [1, 2]}","{""preds"": [40.02, 36.02, 23.96], ""scorePred"": [2, 1]}","{""preds"": [36.74, 39.97, 23.29], ""scorePred"": [1, 2]}","{""preds"": [49.03, 25.57, 25.4], ""scorePred"": [1, 0]}","{""preds"": [52.55, 22.66, 24.79], ""scorePred"": [1, 0]}","{""preds"": [44.07, 31.36, 24.57], ""scorePred"": [1, 0]}","{""preds"": [84.16, 15.84, 0.0], ""scorePred"": [1, 0]}","{""preds"": [46.52, 53.48, 0.0], ""scorePred"": [1, 2]}","{""preds"": [53.24, 46.76, 0.0], ""scorePred"": [2, 1]}","{""preds"": [48.56, 51.44, 0.0], ""scorePred"": [1, 2]}","{""preds"": [83.42, 16.58, 0.0], ""scorePred"": [1, 0]}","{""preds"": [53.92, 46.08, 0.0], ""scorePred"": [2, 1]}","{""preds"": [48.63, 51.37, 0.0], ""scorePred"": [1, 2]}","{""preds"": [49.44, 50.56, 0.0], ""scorePred"": [1, 2]}","{""preds"": [50.88, 49.12, 0.0], ""scorePred"": [2, 1]}","{""preds"": [70.5, 29.5, 0.0], ""scorePred"": [1, 0]}","{""preds"": [44.95, 55.05, 0.0], ""scorePred"": [1, 2]}","{""preds"": [32.88, 67.12, 0.0], ""scorePred"": [1, 2]}","{""preds"": [69.81, 30.19, 0.0], ""scorePred"": [1, 0]}","{""preds"": [41.35, 58.65, 0.0], ""scorePred"": [1, 2]}","{""preds"": [56.69, 43.31, 0.0], ""scorePred"": [1, 0]}","{""preds"": [50.62, 49.38, 0.0], ""scorePred"": [2, 1]}","{""preds"": [58.51, 41.49, 0.0], ""scorePred"": [1, 0]}","{""preds"": [58.47, 41.53, 0.0], ""scorePred"": [2, 0]}","{""preds"": [32.92, 67.08, 0.0], ""scorePred"": [2, 9]}","{""preds"": [81.93, 18.07, 0.0], ""scorePred"": [1, 0]}",,"{""preds"": [75.05, 24.95, 0.0], ""scorePred"": [1, 0]}","{""preds"": [58.37, 41.63, 0.0], ""scorePred"": [1, 0]}","{""preds"": [47.62, 52.38, 0.0], ""scorePred"": [1, 2]}","{""preds"": [59.71, 40.29, 0.0], ""scorePred"": [2, 1]}","{""preds"": [64.85, 35.15, 0.0], ""scorePred"": [1, 0]}","{""preds"": [38.19, 61.81, 0.0], ""scorePred"": [1, 2]}","{""preds"": [60.42, 39.58, 0.0], ""scorePred"": [2, 1]}","{""preds"": [43.56, 56.44, 0.0], ""scorePred"": [1, 2]}","{""preds"": [52.26, 47.74, 0.0], ""scorePred"": [2, 1]}","{""preds"": [48.66, 51.34, 0.0], ""scorePred"": [1, 2]}","{""preds"": [65.62, 34.38, 0.0], ""scorePred"": [1, 0]}","{""preds"": [69.98, 30.02, 0.0], ""scorePred"": [1, 0]}","{""preds"": [60.44, 39.56, 0.0], ""scorePred"": [1, 0]}"
GB-NIR,"{""preds"": [38.02, 21.96, 40.02], ""scorePred"": [0, 0]}","{""preds"": [16.73, 59.54, 23.73], ""scorePred"": [0, 1]}","{""preds"": [19.83, 53.64, 26.53], ""scorePred"": [0, 1]}","{""preds"": [17.38, 57.17, 25.45], ""scorePred"": [0, 1]}","{""preds"": [37.15, 23.31, 39.54], ""scorePred"": [0, 0]}","{""preds"": [20.09, 53.16, 26.75], ""scorePred"": [0, 1]}","{""preds"": [17.9, 57.49, 24.61], ""scorePred"": [0, 1]}","{""preds"": [18.5, 57.66, 23.84], ""scorePred"": [0, 1]}","{""preds"": [17.87, 55.63, 26.5], ""scorePred"": [0, 1]}","{""preds"": [29.52, 36.13, 34.35], ""scorePred"": [0, 1]}","{""preds"": [15.82, 61.42, 22.76], ""scorePred"": [0, 1]}","{""preds"": [11.43, 71.23, 17.34], ""scorePred"": [0, 2]}","{""preds"": [28.39, 38.0, 33.61], ""scorePred"": [0, 1]}","{""preds"": [14.37, 63.42, 22.21], ""scorePred"": [0, 1]}","{""preds"": [21.25, 51.12, 27.63], ""scorePred"": [0, 1]}","{""preds"": [17.62, 56.2, 26.18], ""scorePred"": [0, 1]}","{""preds"": [21.97, 47.91, 30.12], ""scorePred"": [0, 1]}","{""preds"": [47.49, 42.05, 10.46], ""scorePred"": [1, 0]}","{""preds"": [30.99, 65.89, 3.12], ""scorePred"": [1, 8]}","{""preds"": [35.27, 25.86, 38.87], ""scorePred"": [0, 0]}","{""preds"": [18.06, 56.94, 25.0], ""scorePred"": [0, 1]}",,"{""preds"": [22.1, 49.34, 28.56], ""scorePred"": [0, 1]}","{""preds"": [16.76, 57.61, 25.63], ""scorePred"": [0, 1]}","{""preds"": [23.89, 47.93, 28.18], ""scorePred"": [0, 1]}","{""preds"": [24.99, 43.35, 31.66], ""scorePred"": [0, 1]}","{""preds"": [13.92, 65.54, 20.54], ""scorePred"": [0, 2]}","{""preds"": [23.43, 47.33, 29.24], ""scorePred"": [0, 1]}","{""preds"": [15.56, 62.42, 22.02], ""scorePred"": [0, 1]}","{""preds"": [19.14, 54.19, 26.67], ""scorePred"": [0, 1]}","{""preds"": [17.71, 56.76, 25.53], ""scorePred"": [0, 1]}","{""preds"": [25.42, 40.6, 33.98], ""scorePred"": [0, 1]}","{""preds"": [29.22, 35.93, 34.85], ""scorePred"": [0, 1]}","{""preds"": [23.07, 48.19, 28.74], ""scorePred"": [0, 1]}","{""preds"": [63.11, 36.89, 0.0], ""scorePred"": [1, 0]}","{""preds"": [22.59, 77.41, 0.0], ""scorePred"": [0, 1]}","{""preds"": [28.54, 71.46, 0.0], ""scorePred"": [0, 1]}","{""preds"": [24.75, 75.25, 0.0], ""scorePred"": [0, 1]}","{""preds"": [61.48, 38.52, 0.0], ""scorePred"": [1, 0]}","{""preds"": [27.64, 72.36, 0.0], ""scorePred"": [0, 1]}","{""preds"": [23.53, 76.47, 0.0], ""scorePred"": [0, 1]}","{""preds"": [25.08, 74.92, 0.0], ""scorePred"": [0, 1]}","{""preds"": [25.7, 74.3, 0.0], ""scorePred"": [0, 1]}","{""preds"": [44.64, 55.36, 0.0], ""scorePred"": [0, 1]}","{""preds"": [19.8, 80.2, 0.0], ""scorePred"": [0, 1]}","{""preds"": [14.51, 85.49, 0.0], ""scorePred"": [0, 2]}","{""preds"": [42.76, 57.24, 0.0], ""scorePred"": [0, 1]}","{""preds"": [18.57, 81.43, 0.0], ""scorePred"": [0, 1]}","{""preds"": [28.61, 71.39, 0.0], ""scorePred"": [0, 1]}","{""preds"": [24.51, 75.49, 0.0], ""scorePred"": [0, 1]}","{""preds"": [31.7, 68.3, 0.0], ""scorePred"": [0, 1]}","{""preds"": [66.98, 33.02, 0.0], ""scorePred"": [1, 0]}","{""preds"": [31.76, 68.24, 0.0], ""scorePred"": [1, 6]}","{""preds"": [58.05, 41.95, 0.0], ""scorePred"": [1, 0]}","{""preds"": [24.53, 75.47, 0.0], ""scorePred"": [0, 1]}",,"{""preds"": [31.6, 68.4, 0.0], ""scorePred"": [0, 1]}","{""preds"": [21.78, 78.22, 0.0], ""scorePred"": [0, 1]}","{""preds"": [31.97, 68.03, 0.0], ""scorePred"": [0, 1]}","{""preds"": [38.09, 61.91, 0.0], ""scorePred"": [0, 1]}","{""preds"": [16.7, 83.3, 0.0], ""scorePred"": [0, 2]}","{""preds"": [33.58, 66.42, 0.0], ""scorePred"": [0, 1]}","{""preds"": [19.44, 80.56, 0.0], ""scorePred"": [0, 1]}","{""preds"": [25.62, 74.38, 0.0], ""scorePred"": [0, 1]}","{""preds"": [23.64, 76.36, 0.0], ""scorePred"": [0, 1]}","{""preds"": [37.32, 62.68, 0.0], ""scorePred"": [0, 1]}","{""preds"": [45.68, 54.32, 0.0], ""scorePred"": [0, 1]}","{""preds"": [31.24, 68.76, 0.0], ""scorePred"": [0, 1]}"
NO,"{""preds"": [56.56, 14.27, 29.17], ""scorePred"": [1, 0]}","{""preds"": [29.25, 46.91, 23.84], ""scorePred"": [1, 2]}","{""preds"": [33.87, 40.64, 25.49], ""scorePred"": [0, 1]}","{""preds"": [30.94, 43.96, 25.1], ""scorePred"": [0, 1]}","{""preds"": [55.06, 15.85, 29.09], ""scorePred"": [1, 0]}","{""preds"": [33.47, 40.71, 25.82], ""scorePred"": [0, 1]}","{""preds"": [31.11, 44.41, 24.48], ""scorePred"": [1, 2]}","{""preds"": [31.26, 44.49, 24.25], ""scorePred"": [0, 1]}","{""preds"": [31.56, 42.73, 25.71], ""scorePred"": [0, 1]}","{""preds"": [46.22, 25.25, 28.53], ""scorePred"": [1, 0]}","{""preds"": [27.55, 49.46, 22.99], ""scorePred"": [1, 2]}","{""preds"": [20.1, 59.47, 20.43], ""scorePred"": [1, 2]}","{""preds"": [44.59, 27.7, 27.71], ""scorePred"": [1, 0]}","{""preds"": [25.97, 51.71, 22.32], ""scorePred"": [1, 2]}","{""preds"": [34.85, 38.72, 26.43], ""scorePred"": [0, 1]}","{""preds"": [31.56, 43.56, 24.88], ""scorePred"": [1, 2]}","{""preds"": [37.19, 35.96, 26.85], ""scorePred"": [1, 0]}","{""preds"": [43.11, 28.68, 28.21], ""scorePred"": [1, 0]}","{""preds"": [59.15, 12.16, 28.69], ""scorePred"": [1, 0]}","{""preds"": [54.33, 16.31, 29.36], ""scorePred"": [1, 0]}","{""preds"": [30.97, 44.79, 24.24], ""scorePred"": [0, 1]}","{""preds"": [49.45, 21.69, 28.86], ""scorePred"": [1, 0]}",,"{""preds"": [29.67, 45.57, 24.76], ""scorePred"": [1, 2]}","{""preds"": [36.85, 35.8, 27.35], ""scorePred"": [1, 0]}","{""preds"": [40.68, 31.43, 27.89], ""scorePred"": [1, 0]}","{""preds"": [23.92, 54.28, 21.8], ""scorePred"": [1, 2]}","{""preds"": [37.21, 35.01, 27.78], ""scorePred"": [1, 0]}","{""preds"": [27.44, 49.73, 22.83], ""scorePred"": [1, 2]}","{""preds"": [32.39, 41.92, 25.69], ""scorePred"": [0, 1]}","{""preds"": [31.06, 44.79, 24.15], ""scorePred"": [0, 1]}","{""preds"": [41.53, 30.74, 27.73], ""scorePred"": [1, 0]}","{""preds"": [44.64, 26.05, 29.31], ""scorePred"": [1, 0]}","{""preds"": [36.99, 36.21, 26.8], ""scorePred"": [1, 0]}","{""preds"": [79.04, 20.96, 0.0], ""scorePred"": [1, 0]}","{""preds"": [38.88, 61.12, 0.0], ""scorePred"": [1, 2]}","{""preds"": [46.18, 53.82, 0.0], ""scorePred"": [0, 1]}","{""preds"": [41.39, 58.61, 0.0], ""scorePred"": [1, 2]}","{""preds"": [78.04, 21.96, 0.0], ""scorePred"": [1, 0]}","{""preds"": [45.54, 54.46, 0.0], ""scorePred"": [0, 1]}","{""preds"": [40.31, 59.69, 0.0], ""scorePred"": [1, 2]}","{""preds"": [39.99, 60.01, 0.0], ""scorePred"": [1, 2]}","{""preds"": [42.49, 57.51, 0.0], ""scorePred"": [0, 1]}","{""preds"": [63.09, 36.91, 0.0], ""scorePred"": [1, 0]}","{""preds"": [35.65, 64.35, 0.0], ""scorePred"": [1, 2]}","{""preds"": [27.05, 72.95, 0.0], ""scorePred"": [1, 2]}","{""preds"": [62.19, 37.81, 0.0], ""scorePred"": [1, 0]}","{""preds"": [34.41, 65.59, 0.0], ""scorePred"": [1, 2]}","{""preds"": [48.55, 51.45, 0.0], ""scorePred"": [0, 1]}","{""preds"": [41.02, 58.98, 0.0], ""scorePred"": [1, 2]}","{""preds"": [51.11, 48.89, 0.0], ""scorePred"": [1, 0]}","{""preds"": [59.78, 40.22, 0.0], ""scorePred"": [1, 0]}","{""preds"": [81.99, 18.01, 0.0], ""scorePred"": [1, 0]}","{""preds"": [76.23, 23.77, 0.0], ""scorePred"": [1, 0]}","{""preds"": [41.9, 58.1, 0.0], ""scorePred"": [0, 1]}","{""preds"": [69.04, 30.96, 0.0], ""scorePred"": [1, 0]}",,"{""preds"": [38.7, 61.3, 0.0], ""scorePred"": [1, 2]}","{""preds"": [50.51, 49.49, 0.0], ""scorePred"": [1, 0]}","{""preds"": [55.83, 44.17, 0.0], ""scorePred"": [1, 0]}","{""preds"": [30.96, 69.04, 0.0], ""scorePred"": [1, 2]}","{""preds"": [51.98, 48.02, 0.0], ""scorePred"": [1, 0]}","{""preds"": [34.46, 65.54, 0.0], ""scorePred"": [1, 2]}","{""preds"": [43.54, 56.46, 0.0], ""scorePred"": [0, 1]}","{""preds"": [39.48, 60.52, 0.0], ""scorePred"": [1, 2]}","{""preds"": [56.36, 43.64, 0.0], ""scorePred"": [1, 0]}","{""preds"": [64.9, 35.1, 0.0], ""scorePred"": [1, 0]}","{""preds"": [51.5, 48.5, 0.0], ""scorePred"": [1, 0]}"
PL,"{""preds"": [65.6, 10.48, 23.92], ""scorePred"": [1, 0]}","{""preds"": [37.4, 39.41, 23.19], ""scorePred"": [1, 2]}","{""preds"": [42.58, 33.39, 24.03], ""scorePred"": [2, 1]}","{""preds"": [40.75, 36.62, 22.63], ""scorePred"": [2, 1]}","{""preds"": [39.96, 57.61, 2.43], ""scorePred"": [2, 9]}","{""preds"": [43.41, 33.34, 23.25], ""scorePred"": [2, 1]}","{""preds"": [39.94, 36.32, 23.74], ""scorePred"": [2, 1]}","{""preds"": [40.27, 36.86, 22.87], ""scorePred"": [2, 1]}","{""preds"": [41.62, 35.19, 23.19], ""scorePred"": [2, 1]}","{""preds"": [55.87, 18.98, 25.15], ""scorePred"": [1, 0]}","{""preds"": [36.66, 41.06, 22.28], ""scorePred"": [1, 2]}","{""preds"": [28.43, 50.87, 20.7], ""scorePred"": [1, 2]}","{""preds"": [54.52, 21.37, 24.11], ""scorePred"": [1, 0]}","{""preds"": [34.69, 43.24, 22.07], ""scorePred"": [1, 2]}","{""preds"": [44.62, 30.98, 24.4], ""scorePred"": [2, 1]}","{""preds"": [40.31, 35.8, 23.89], ""scorePred"": [2, 1]}","{""preds"": [46.23, 29.17, 24.6], ""scorePred"": [2, 1]}","{""preds"": [55.57, 38.66, 5.77], ""scorePred"": [2, 0]}","{""preds"": [33.66, 64.82, 1.52], ""scorePred"": [2, 10]}","{""preds"": [64.8, 12.43, 22.77], ""scorePred"": [1, 0]}","{""preds"": [41.98, 35.57, 22.45], ""scorePred"": [2, 1]}","{""preds"": [58.79, 16.88, 24.33], ""scorePred"": [1, 0]}","{""preds"": [46.46, 29.68, 23.86], ""scorePred"": [2, 1]}",,"{""preds"": [46.55, 28.95, 24.5], ""scorePred"": [1, 0]}","{""preds"": [50.98, 25.16, 23.86], ""scorePred"": [1, 0]}","{""preds"": [32.6, 46.3, 21.1], ""scorePred"": [1, 2]}","{""preds"": [47.83, 27.98, 24.19], ""scorePred"": [2, 1]}","{""preds"": [35.69, 41.89, 22.42], ""scorePred"": [1, 2]}","{""preds"": [41.85, 33.7, 24.45], ""scorePred"": [2, 1]}","{""preds"": [38.81, 37.58, 23.61], ""scorePred"": [2, 1]}","{""preds"": [50.62, 25.34, 24.04], ""scorePred"": [1, 0]}","{""preds"": [56.17, 19.73, 24.1], ""scorePred"": [1, 0]}","{""preds"": [47.09, 28.89, 24.02], ""scorePred"": [2, 1]}","{""preds"": [85.76, 14.24, 0.0], ""scorePred"": [1, 0]}","{""preds"": [49.36, 50.64, 0.0], ""scorePred"": [1, 2]}","{""preds"": [55.78, 44.22, 0.0], ""scorePred"": [2, 1]}","{""preds"": [52.83, 47.17, 0.0], ""scorePred"": [2, 1]}","{""preds"": [41.16, 58.84, 0.0], ""scorePred"": [2, 10]}","{""preds"": [55.99, 44.01, 0.0], ""scorePred"": [2, 1]}","{""preds"": [52.12, 47.88, 0.0], ""scorePred"": [2, 1]}","{""preds"": [52.66, 47.34, 0.0], ""scorePred"": [2, 1]}","{""preds"": [52.79, 47.21, 0.0], ""scorePred"": [2, 1]}","{""preds"": [74.1, 25.9, 0.0], ""scorePred"": [1, 0]}","{""preds"": [47.3, 52.7, 0.0], ""scorePred"": [1, 2]}","{""preds"": [37.17, 62.83, 0.0], ""scorePred"": [1, 2]}","{""preds"": [72.21, 27.79, 0.0], ""scorePred"": [1, 0]}","{""preds"": [44.94, 55.06, 0.0], ""scorePred"": [1, 2]}","{""preds"": [58.56, 41.44, 0.0], ""scorePred"": [2, 1]}","{""preds"": [52.75, 47.25, 0.0], ""scorePred"": [2, 1]}","{""preds"": [61.49, 38.51, 0.0], ""scorePred"": [2, 1]}","{""preds"": [58.19, 41.81, 0.0], ""scorePred"": [2, 0]}","{""preds"": [33.32, 66.68, 0.0], ""scorePred"": [2, 10]}","{""preds"": [83.67, 16.33, 0.0], ""scorePred"": [1, 0]}","{""preds"": [53.97, 46.03, 0.0], ""scorePred"": [2, 1]}","{""preds"": [77.54, 22.46, 0.0], ""scorePred"": [1, 0]}","{""preds"": [61.19, 38.81, 0.0], ""scorePred"": [1, 0]}",,"{""preds"": [61.95, 38.05, 0.0], ""scorePred"": [2, 1]}","{""preds"": [66.86, 33.14, 0.0], ""scorePred"": [1, 0]}","{""preds"": [42.38, 57.62, 0.0], ""scorePred"": [1, 2]}","{""preds"": [62.77, 37.23, 0.0], ""scorePred"": [2, 1]}","{""preds"": [45.91, 54.09, 0.0], ""scorePred"": [1, 2]}","{""preds"": [55.55, 44.45, 0.0], ""scorePred"": [2, 1]}","{""preds"": [53.24, 46.76, 0.0], ""scorePred"": [2, 1]}","{""preds"": [67.55, 32.45, 0.0], ""scorePred"": [1, 0]}","{""preds"": [73.65, 26.35, 0.0], ""scorePred"": [1, 0]}","{""preds"": [62.09, 37.91, 0.0], ""scorePred"": [2, 1]}"
PT,"{""preds"": [55.81, 14.25, 29.94], ""scorePred"": [1, 0]}","{""preds"": [28.38, 47.9, 23.72], ""scorePred"": [1, 2]}","{""preds"": [33.36, 40.97, 25.67], ""scorePred"": [0, 1]}","{""preds"": [30.35, 44.98, 24.67], ""scorePred"": [1, 2]}","{""preds"": [54.37, 16.21, 29.42], ""scorePred"": [1, 0]}","{""preds"": [32.87, 41.13, 26.0], ""scorePred"": [0, 1]}","{""preds"": [29.93, 45.6, 24.47], ""scorePred"": [0, 1]}","{""preds"": [29.77, 45.41, 24.82], ""scorePred"": [1, 2]}","{""preds"": [31.56, 43.23, 25.21], ""scorePred"": [0, 1]}","{""preds"": [45.6, 25.8, 28.6], ""scorePred"": [1, 0]}","{""preds"": [26.66, 49.66, 23.68], ""scorePred"": [1, 2]}","{""preds"": [20.57, 59.55, 19.88], ""scorePred"": [1, 2]}","{""preds"": [42.95, 27.81, 29.24], ""scorePred"": [1, 0]}","{""preds"": [26.18, 51.45, 22.37], ""scorePred"": [1, 2]}","{""preds"": [35.23, 38.48, 26.29], ""scorePred"": [0, 1]}","{""preds"": [30.97, 44.42, 24.61], ""scorePred"": [0, 1]}","{""preds"": [36.63, 36.43, 26.94], ""scorePred"": [1, 0]}","{""preds"": [52.76, 39.24, 8.0], ""scorePred"": [2, 0]}","{""preds"": [33.43, 64.57, 2.0], ""scorePred"": [2, 8]}","{""preds"": [53.75, 17.47, 28.78], ""scorePred"": [1, 0]}","{""preds"": [30.65, 44.69, 24.66], ""scorePred"": [0, 1]}","{""preds"": [48.38, 22.48, 29.14], ""scorePred"": [1, 0]}","{""preds"": [35.66, 37.74, 26.6], ""scorePred"": [0, 1]}","{""preds"": [28.49, 47.07, 24.44], ""scorePred"": [1, 2]}",,"{""preds"": [40.32, 31.7, 27.98], ""scorePred"": [1, 0]}","{""preds"": [23.88, 54.23, 21.89], ""scorePred"": [1, 2]}","{""preds"": [36.63, 36.15, 27.22], ""scorePred"": [1, 0]}","{""preds"": [26.61, 50.43, 22.96], ""scorePred"": [1, 2]}","{""preds"": [32.72, 42.02, 25.26], ""scorePred"": [0, 1]}","{""preds"": [29.35, 46.34, 24.31], ""scorePred"": [1, 2]}","{""preds"": [41.19, 31.03, 27.78], ""scorePred"": [1, 0]}","{""preds"": [44.75, 26.56, 28.69], ""scorePred"": [1, 0]}","{""preds"": [36.75, 35.97, 27.28], ""scorePred"": [1, 0]}","{""preds"": [78.85, 21.15, 0.0], ""scorePred"": [1, 0]}","{""preds"": [37.53, 62.47, 0.0], ""scorePred"": [1, 2]}","{""preds"": [43.47, 56.53, 0.0], ""scorePred"": [0, 1]}","{""preds"": [39.09, 60.91, 0.0], ""scorePred"": [0, 1]}","{""preds"": [77.82, 22.18, 0.0], ""scorePred"": [1, 0]}","{""preds"": [44.77, 55.23, 0.0], ""scorePred"": [0, 1]}","{""preds"": [39.58, 60.42, 0.0], ""scorePred"": [1, 2]}","{""preds"": [40.17, 59.83, 0.0], ""scorePred"": [1, 2]}","{""preds"": [41.33, 58.67, 0.0], ""scorePred"": [1, 2]}","{""preds"": [63.22, 36.78, 0.0], ""scorePred"": [1, 0]}","{""preds"": [35.17, 64.83, 0.0], ""scorePred"": [1, 2]}","{""preds"": [25.78, 74.22, 0.0], ""scorePred"": [1, 2]}","{""preds"": [60.57, 39.43, 0.0], ""scorePred"": [1, 0]}","{""preds"": [33.57, 66.43, 0.0], ""scorePred"": [1, 2]}","{""preds"": [46.79, 53.21, 0.0], ""scorePred"": [0, 1]}","{""preds"": [42.85, 57.15, 0.0], ""scorePred"": [1, 2]}","{""preds"": [48.45, 51.55, 0.0], ""scorePred"": [0, 1]}","{""preds"": [55.91, 44.09, 0.0], ""scorePred"": [2, 0]}","{""preds"": [32.29, 67.71, 0.0], ""scorePred"": [2, 9]}","{""preds"": [75.48, 24.52, 0.0], ""scorePred"": [1, 0]}","{""preds"": [41.01, 58.99, 0.0], ""scorePred"": [0, 1]}","{""preds"": [67.72, 32.28, 0.0], ""scorePred"": [1, 0]}","{""preds"": [49.27, 50.73, 0.0], ""scorePred"": [0, 1]}","{""preds"": [36.84, 63.16, 0.0], ""scorePred"": [1, 2]}",,"{""preds"": [55.73, 44.27, 0.0], ""scorePred"": [1, 0]}","{""preds"": [30.35, 69.65, 0.0], ""scorePred"": [1, 2]}","{""preds"": [51.93, 48.07, 0.0], ""scorePred"": [1, 0]}","{""preds"": [34.51, 65.49, 0.0], ""scorePred"": [1, 2]}","{""preds"": [44.31, 55.69, 0.0], ""scorePred"": [0, 1]}","{""preds"": [39.87, 60.13, 0.0], ""scorePred"": [1, 2]}","{""preds"": [56.73, 43.27, 0.0], ""scorePred"": [1, 0]}","{""preds"": [62.55, 37.45, 0.0], ""scorePred"": [1, 0]}","{""preds"": [50.1, 49.9, 0.0], ""scorePred"": [1, 0]}"
RO,"{""preds"": [49.71, 16.88, 33.41], ""scorePred"": [1, 0]}","{""preds"": [24.7, 51.76, 23.54], ""scorePred"": [0, 1]}","{""preds"": [28.72, 45.16, 26.12], ""scorePred"": [0, 1]}","{""preds"": [26.04, 49.05, 24.91], ""scorePred"": [0, 1]}","{""preds"": [49.09, 18.37, 32.54], ""scorePred"": [1, 0]}","{""preds"": [29.18, 45.41, 25.41], ""scorePred"": [0, 1]}","{""preds"": [25.19, 50.03, 24.78], ""scorePred"": [0, 1]}","{""preds"": [25.74, 48.71, 25.55], ""scorePred"": [0, 1]}","{""preds"": [26.96, 47.58, 25.46], ""scorePred"": [0, 1]}","{""preds"": [39.17, 29.85, 30.98], ""scorePred"": [1, 0]}","{""preds"": [22.81, 52.9, 24.29], ""scorePred"": [1, 2]}","{""preds"": [17.6, 62.45, 19.95], ""scorePred"": [1, 2]}","{""preds"": [38.4, 30.86, 30.74], ""scorePred"": [1, 0]}","{""preds"": [21.95, 55.47, 22.58], ""scorePred"": [1, 2]}","{""preds"": [29.78, 42.88, 27.34], ""scorePred"": [0, 1]}","{""preds"": [27.27, 47.37, 25.36], ""scorePred"": [0, 1]}","{""preds"": [32.29, 39.81, 27.9], ""scorePred"": [0, 1]}","{""preds"": [51.8, 39.49, 8.71], ""scorePred"": [2, 0]}","{""preds"": [32.73, 64.52, 2.75], ""scorePred"": [2, 7]}","{""preds"": [47.36, 19.45, 33.19], ""scorePred"": [1, 0]}","{""preds"": [26.13, 47.86, 26.01], ""scorePred"": [0, 1]}","{""preds"": [43.79, 24.99, 31.22], ""scorePred"": [1, 0]}","{""preds"": [31.54, 41.16, 27.3], ""scorePred"": [0, 1]}","{""preds"": [24.41, 51.49, 24.1], ""scorePred"": [0, 1]}","{""preds"": [31.33, 40.67, 28.0], ""scorePred"": [0, 1]}",,"{""preds"": [20.32, 58.49, 21.19], ""scorePred"": [1, 2]}","{""preds"": [32.64, 39.14, 28.22], ""scorePred"": [0, 1]}","{""preds"": [22.42, 54.22, 23.36], ""scorePred"": [1, 2]}","{""preds"": [28.18, 44.95, 26.87], ""scorePred"": [0, 1]}","{""preds"": [25.38, 49.4, 25.22], ""scorePred"": [0, 1]}","{""preds"": [35.33, 35.08, 29.59], ""scorePred"": [1, 0]}","{""preds"": [40.45, 29.24, 30.31], ""scorePred"": [1, 0]}","{""preds"": [31.29, 40.89, 27.82], ""scorePred"": [0, 1]}","{""preds"": [74.4, 25.6, 0.0], ""scorePred"": [1, 0]}","{""preds"": [32.24, 67.76, 0.0], ""scorePred"": [0, 1]}","{""preds"": [38.55, 61.45, 0.0], ""scorePred"": [0, 1]}","{""preds"": [35.19, 64.81, 0.0], ""scorePred"": [0, 1]}","{""preds"": [72.87, 27.13, 0.0], ""scorePred"": [1, 0]}","{""preds"": [39.03, 60.97, 0.0], ""scorePred"": [0, 1]}","{""preds"": [34.71, 65.29, 0.0], ""scorePred"": [0, 1]}","{""preds"": [35.01, 64.99, 0.0], ""scorePred"": [0, 1]}","{""preds"": [35.64, 64.36, 0.0], ""scorePred"": [0, 1]}","{""preds"": [57.81, 42.19, 0.0], ""scorePred"": [1, 0]}","{""preds"": [30.48, 69.52, 0.0], ""scorePred"": [1, 2]}","{""preds"": [22.16, 77.84, 0.0], ""scorePred"": [1, 2]}","{""preds"": [56.13, 43.87, 0.0], ""scorePred"": [1, 0]}","{""preds"": [27.7, 72.3, 0.0], ""scorePred"": [1, 2]}","{""preds"": [40.59, 59.41, 0.0], ""scorePred"": [0, 1]}","{""preds"": [36.66, 63.34, 0.0], ""scorePred"": [0, 1]}","{""preds"": [44.11, 55.89, 0.0], ""scorePred"": [0, 1]}","{""preds"": [55.93, 44.07, 0.0], ""scorePred"": [2, 0]}","{""preds"": [32.69, 67.31, 0.0], ""scorePred"": [2, 7]}","{""preds"": [70.6, 29.4, 0.0], ""scorePred"": [1, 0]}","{""preds"": [35.0, 65.0, 0.0], ""scorePred"": [0, 1]}","{""preds"": [62.97, 37.03, 0.0], ""scorePred"": [1, 0]}","{""preds"": [43.29, 56.71, 0.0], ""scorePred"": [0, 1]}","{""preds"": [33.03, 66.97, 0.0], ""scorePred"": [0, 1]}","{""preds"": [44.63, 55.37, 0.0], ""scorePred"": [0, 1]}",,"{""preds"": [25.82, 74.18, 0.0], ""scorePred"": [1, 2]}","{""preds"": [44.94, 55.06, 0.0], ""scorePred"": [0, 1]}","{""preds"": [28.87, 71.13, 0.0], ""scorePred"": [1, 2]}","{""preds"": [38.38, 61.62, 0.0], ""scorePred"": [0, 1]}","{""preds"": [34.51, 65.49, 0.0], ""scorePred"": [0, 1]}","{""preds"": [50.74, 49.26, 0.0], ""scorePred"": [1, 0]}","{""preds"": [58.04, 41.96, 0.0], ""scorePred"": [1, 0]}","{""preds"": [44.6, 55.4, 0.0], ""scorePred"": [0, 1]}"
RU,"{""preds"": [73.58, 7.66, 18.76], ""scorePred"": [2, 0]}","{""preds"": [46.38, 32.48, 21.14], ""scorePred"": [2, 1]}","{""preds"": [51.26, 26.97, 21.77], ""scorePred"": [2, 1]}","{""preds"": [48.13, 30.86, 21.01], ""scorePred"": [2, 1]}","{""preds"": [39.75, 58.66, 1.59], ""scorePred"": [2, 11]}","{""preds"": [51.61, 27.02, 21.37], ""scorePred"": [2, 1]}","{""preds"": [47.02, 31.28, 21.7], ""scorePred"": [2, 1]}","{""preds"": [48.27, 30.74, 20.99], ""scorePred"": [2, 1]}","{""preds"": [48.73, 30.32, 20.95], ""scorePred"": [2, 1]}","{""preds"": [63.17, 15.99, 20.84], ""scorePred"": [1, 0]}","{""preds"": [44.24, 34.72, 21.04], ""scorePred"": [2, 1]}","{""preds"": [35.73, 44.73, 19.54], ""scorePred"": [1, 2]}","{""preds"": [61.96, 16.74, 21.3], ""scorePred"": [2, 0]}","{""preds"": [42.83, 36.74, 20.43], ""scorePred"": [2, 1]}","{""preds"": [52.71, 25.94, 21.35], ""scorePred"": [2, 1]}","{""preds"": [48.16, 29.91, 21.93], ""scorePred"": [2, 1]}","{""preds"": [54.04, 24.03, 21.93], ""scorePred"": [2, 1]}","{""preds"": [57.45, 38.23, 4.32], ""scorePred"": [2, 0]}","{""preds"": [33.05, 65.69, 1.26], ""scorePred"": [2, 11]}","{""preds"": [41.65, 56.29, 2.06], ""scorePred"": [3, 9]}","{""preds"": [47.81, 30.4, 21.79], ""scorePred"": [2, 1]}","{""preds"": [66.42, 13.38, 20.2], ""scorePred"": [1, 0]}","{""preds"": [54.24, 23.74, 22.02], ""scorePred"": [2, 1]}","{""preds"": [45.44, 32.87, 21.69], ""scorePred"": [2, 1]}","{""preds"": [55.47, 23.55, 20.98], ""scorePred"": [2, 1]}","{""preds"": [57.82, 20.51, 21.67], ""scorePred"": [2, 1]}",,"{""preds"": [55.98, 22.73, 21.29], ""scorePred"": [2, 1]}","{""preds"": [43.6, 35.2, 21.2], ""scorePred"": [2, 1]}","{""preds"": [50.47, 28.9, 20.63], ""scorePred"": [2, 1]}","{""preds"": [47.26, 31.4, 21.34], ""scorePred"": [2, 1]}","{""preds"": [58.42, 19.51, 22.07], ""scorePred"": [2, 1]}","{""preds"": [63.2, 16.18, 20.62], ""scorePred"": [1, 0]}","{""preds"": [55.21, 22.89, 21.9], ""scorePred"": [2, 1]}","{""preds"": [90.35, 9.65, 0.0], ""scorePred"": [1, 0]}","{""preds"": [58.78, 41.22, 0.0], ""scorePred"": [2, 1]}","{""preds"": [64.94, 35.06, 0.0], ""scorePred"": [2, 1]}","{""preds"": [61.24, 38.76, 0.0], ""scorePred"": [2, 1]}","{""preds"": [40.36, 59.64, 0.0], ""scorePred"": [3, 11]}","{""preds"": [64.41, 35.59, 0.0], ""scorePred"": [2, 1]}","{""preds"": [61.63, 38.37, 0.0], ""scorePred"": [2, 1]}","{""preds"": [62.3, 37.7, 0.0], ""scorePred"": [2, 1]}","{""preds"": [61.78, 38.22, 0.0], ""scorePred"": [2, 1]}","{""preds"": [79.67, 20.33, 0.0], ""scorePred"": [1, 0]}","{""preds"": [55.63, 44.37, 0.0], ""scorePred"": [2, 1]}","{""preds"": [44.87, 55.13, 0.0], ""scorePred"": [1, 2]}","{""preds"": [77.87, 22.13, 0.0], ""scorePred"": [1, 0]}","{""preds"": [52.49, 47.51, 0.0], ""scorePred"": [2, 1]}","{""preds"": [67.88, 32.12, 0.0], ""scorePred"": [2, 1]}","{""preds"": [62.28, 37.72, 0.0], ""scorePred"": [2, 1]}","{""preds"": [68.65, 31.35, 0.0], ""scorePred"": [2, 1]}","{""preds"": [60.46, 39.54, 0.0], ""scorePred"": [2, 0]}","{""preds"": [33.9, 66.1, 0.0], ""scorePred"": [2, 9]}","{""preds"": [42.87, 57.13, 0.0], ""scorePred"": [2, 10]}","{""preds"": [60.98, 39.02, 0.0], ""scorePred"": [2, 1]}","{""preds"": [83.54, 16.46, 0.0], ""scorePred"": [1, 0]}","{""preds"": [70.18, 29.82, 0.0], ""scorePred"": [2, 1]}","{""preds"": [56.98, 43.02, 0.0], ""scorePred"": [2, 1]}","{""preds"": [70.57, 29.43, 0.0], ""scorePred"": [2, 1]}","{""preds"": [73.84, 26.16, 0.0], ""scorePred"": [2, 1]}",,"{""preds"": [70.59, 29.41, 0.0], ""scorePred"": [2, 1]}","{""preds"": [55.59, 44.41, 0.0], ""scorePred"": [2, 1]}","{""preds"": [63.45, 36.55, 0.0], ""scorePred"": [2, 1]}","{""preds"": [60.3, 39.7, 0.0], ""scorePred"": [2, 1]}","{""preds"": [75.45, 24.55, 0.0], ""scorePred"": [2, 1]}","{""preds"": [79.62, 20.38, 0.0], ""scorePred"": [1, 0]}","{""preds"": [70.87, 29.13, 0.0], ""scorePred"": [2, 1]}"
GB-SCT,"{""preds"": [53.57, 15.81, 30.62], ""scorePred"": [1, 0]}","{""preds"": [27.92, 48.51, 23.57], ""scorePred"": [0, 1]}","{""preds"": [31.68, 42.24, 26.08], ""scorePred"": [0, 1]}","{""preds"": [29.57, 45.39, 25.04], ""scorePred"": [0, 1]}","{""preds"": [38.19, 58.95, 2.86], ""scorePred"": [2, 8]}","{""preds"": [32.1, 42.32, 25.58], ""scorePred"": [0, 1]}","{""preds"": [28.84, 46.26, 24.9], ""scorePred"": [0, 1]}","{""preds"": [29.05, 46.29, 24.66], ""scorePred"": [0, 1]}","{""preds"": [29.72, 44.92, 25.36], ""scorePred"": [0, 1]}","{""preds"": [43.43, 26.36, 30.21], ""scorePred"": [1, 0]}","{""preds"": [26.15, 49.93, 23.92], ""scorePred"": [1, 2]}","{""preds"": [20.09, 59.99, 19.92], ""scorePred"": [1, 2]}","{""preds"": [42.5, 28.23, 29.27], ""scorePred"": [1, 0]}","{""preds"": [24.52, 52.87, 22.61], ""scorePred"": [1, 2]}","{""preds"": [33.84, 40.04, 26.12], ""scorePred"": [0, 1]}","{""preds"": [30.45, 44.74, 24.81], ""scorePred"": [0, 1]}","{""preds"": [35.45, 36.71, 27.84], ""scorePred"": [0, 1]}","{""preds"": [51.95, 40.1, 7.95], ""scorePred"": [2, 0]}","{""preds"": [32.86, 65.23, 1.91], ""scorePred"": [2, 8]}","{""preds"": [51.42, 18.3, 30.28], ""scorePred"": [1, 0]}","{""preds"": [29.17, 45.58, 25.25], ""scorePred"": [0, 1]}","{""preds"": [47.66, 22.97, 29.37], ""scorePred"": [1, 0]}","{""preds"": [35.38, 37.76, 26.86], ""scorePred"": [0, 1]}","{""preds"": [27.42, 48.12, 24.46], ""scorePred"": [1, 2]}","{""preds"": [35.23, 37.36, 27.41], ""scorePred"": [0, 1]}","{""preds"": [37.87, 33.84, 28.29], ""scorePred"": [1, 0]}","{""preds"": [23.68, 54.11, 22.21], ""scorePred"": [1, 2]}",,"{""preds"": [26.86, 50.79, 22.35], ""scorePred"": [1, 2]}","{""preds"": [31.17, 43.0, 25.83], ""scorePred"": [0, 1]}","{""preds"": [29.2, 44.98, 25.82], ""scorePred"": [0, 1]}","{""preds"": [39.32, 31.62, 29.06], ""scorePred"": [1, 0]}","{""preds"": [43.78, 27.08, 29.14], ""scorePred"": [1, 0]}","{""preds"": [35.12, 38.72, 26.16], ""scorePred"": [0, 1]}","{""preds"": [77.88, 22.12, 0.0], ""scorePred"": [1, 0]}","{""preds"": [36.24, 63.76, 0.0], ""scorePred"": [1, 2]}","{""preds"": [43.09, 56.91, 0.0], ""scorePred"": [0, 1]}","{""preds"": [38.55, 61.45, 0.0], ""scorePred"": [0, 1]}","{""preds"": [39.18, 60.82, 0.0], ""scorePred"": [2, 9]}","{""preds"": [43.44, 56.56, 0.0], ""scorePred"": [0, 1]}","{""preds"": [39.26, 60.74, 0.0], ""scorePred"": [0, 1]}","{""preds"": [39.01, 60.99, 0.0], ""scorePred"": [0, 1]}","{""preds"": [40.21, 59.79, 0.0], ""scorePred"": [0, 1]}","{""preds"": [62.2, 37.8, 0.0], ""scorePred"": [1, 0]}","{""preds"": [34.07, 65.93, 0.0], ""scorePred"": [1, 2]}","{""preds"": [24.92, 75.08, 0.0], ""scorePred"": [1, 2]}","{""preds"": [60.67, 39.33, 0.0], ""scorePred"": [1, 0]}","{""preds"": [31.86, 68.14, 0.0], ""scorePred"": [1, 2]}","{""preds"": [45.3, 54.7, 0.0], ""scorePred"": [0, 1]}","{""preds"": [40.52, 59.48, 0.0], ""scorePred"": [0, 1]}","{""preds"": [47.71, 52.29, 0.0], ""scorePred"": [0, 1]}","{""preds"": [57.89, 42.11, 0.0], ""scorePred"": [2, 0]}","{""preds"": [32.71, 67.29, 0.0], ""scorePred"": [2, 7]}","{""preds"": [74.2, 25.8, 0.0], ""scorePred"": [1, 0]}","{""preds"": [39.85, 60.15, 0.0], ""scorePred"": [0, 1]}","{""preds"": [67.26, 32.74, 0.0], ""scorePred"": [1, 0]}","{""preds"": [47.81, 52.19, 0.0], ""scorePred"": [0, 1]}","{""preds"": [36.91, 63.09, 0.0], ""scorePred"": [0, 1]}","{""preds"": [48.76, 51.24, 0.0], ""scorePred"": [0, 1]}","{""preds"": [54.78, 45.22, 0.0], ""scorePred"": [1, 0]}","{""preds"": [29.69, 70.31, 0.0], ""scorePred"": [1, 2]}",,"{""preds"": [34.35, 65.65, 0.0], ""scorePred"": [1, 2]}","{""preds"": [41.91, 58.09, 0.0], ""scorePred"": [0, 1]}","{""preds"": [37.97, 62.03, 0.0], ""scorePred"": [1, 2]}","{""preds"": [55.23, 44.77, 0.0], ""scorePred"": [1, 0]}","{""preds"": [61.73, 38.27, 0.0], ""scorePred"": [1, 0]}","{""preds"": [48.23, 51.77, 0.0], ""scorePred"": [0, 1]}"
RS,"{""preds"": [69.42, 9.83, 20.75], ""scorePred"": [1, 0]}","{""preds"": [40.6, 36.09, 23.31], ""scorePred"": [2, 1]}","{""preds"": [46.95, 29.64, 23.41], ""scorePred"": [2, 1]}","{""preds"": [43.8, 33.54, 22.66], ""scorePred"": [2, 1]}","{""preds"": [67.43, 10.65, 21.92], ""scorePred"": [1, 0]}","{""preds"": [45.89, 31.09, 23.02], ""scorePred"": [2, 1]}","{""preds"": [42.5, 35.39, 22.11], ""scorePred"": [2, 1]}","{""preds"": [43.59, 33.85, 22.56], ""scorePred"": [2, 1]}","{""preds"": [44.79, 32.84, 22.37], ""scorePred"": [2, 1]}","{""preds"": [60.55, 17.26, 22.19], ""scorePred"": [1, 0]}","{""preds"": [39.6, 38.18, 22.22], ""scorePred"": [2, 1]}","{""preds"": [31.56, 48.38, 20.06], ""scorePred"": [1, 2]}","{""preds"": [57.5, 19.45, 23.05], ""scorePred"": [1, 0]}","{""preds"": [38.49, 40.24, 21.27], ""scorePred"": [1, 2]}","{""preds"": [48.64, 28.74, 22.62], ""scorePred"": [2, 1]}","{""preds"": [44.03, 33.14, 22.83], ""scorePred"": [2, 1]}","{""preds"": [49.46, 26.88, 23.66], ""scorePred"": [2, 1]}","{""preds"": [54.99, 39.58, 5.43], ""scorePred"": [2, 0]}","{""preds"": [33.36, 65.24, 1.4], ""scorePred"": [2, 10]}","{""preds"": [66.58, 11.84, 21.58], ""scorePred"": [1, 0]}","{""preds"": [43.98, 33.81, 22.21], ""scorePred"": [2, 1]}","{""preds"": [62.23, 15.5, 22.27], ""scorePred"": [1, 0]}","{""preds"": [48.79, 28.07, 23.14], ""scorePred"": [2, 1]}","{""preds"": [41.63, 36.02, 22.35], ""scorePred"": [2, 1]}","{""preds"": [50.69, 26.57, 22.74], ""scorePred"": [2, 1]}","{""preds"": [53.95, 22.32, 23.73], ""scorePred"": [1, 0]}","{""preds"": [35.99, 42.98, 21.03], ""scorePred"": [1, 2]}","{""preds"": [51.21, 25.46, 23.33], ""scorePred"": [2, 1]}",,"{""preds"": [45.58, 31.38, 23.04], ""scorePred"": [2, 1]}","{""preds"": [43.11, 34.59, 22.3], ""scorePred"": [2, 1]}","{""preds"": [55.25, 21.83, 22.92], ""scorePred"": [1, 0]}","{""preds"": [59.31, 18.28, 22.41], ""scorePred"": [1, 0]}","{""preds"": [50.42, 27.17, 22.41], ""scorePred"": [2, 1]}","{""preds"": [87.02, 12.98, 0.0], ""scorePred"": [1, 0]}","{""preds"": [54.05, 45.95, 0.0], ""scorePred"": [2, 1]}","{""preds"": [59.85, 40.15, 0.0], ""scorePred"": [2, 1]}","{""preds"": [56.56, 43.44, 0.0], ""scorePred"": [2, 1]}","{""preds"": [86.41, 13.59, 0.0], ""scorePred"": [1, 0]}","{""preds"": [60.05, 39.95, 0.0], ""scorePred"": [2, 1]}","{""preds"": [56.53, 43.47, 0.0], ""scorePred"": [2, 1]}","{""preds"": [55.81, 44.19, 0.0], ""scorePred"": [2, 1]}","{""preds"": [56.93, 43.07, 0.0], ""scorePred"": [2, 1]}","{""preds"": [76.52, 23.48, 0.0], ""scorePred"": [1, 0]}","{""preds"": [50.95, 49.05, 0.0], ""scorePred"": [2, 1]}","{""preds"": [39.96, 60.04, 0.0], ""scorePred"": [1, 2]}","{""preds"": [74.88, 25.12, 0.0], ""scorePred"": [1, 0]}","{""preds"": [48.64, 51.36, 0.0], ""scorePred"": [1, 2]}","{""preds"": [63.02, 36.98, 0.0], ""scorePred"": [2, 1]}","{""preds"": [55.32, 44.68, 0.0], ""scorePred"": [2, 1]}","{""preds"": [65.57, 34.43, 0.0], ""scorePred"": [2, 1]}","{""preds"": [59.06, 40.94, 0.0], ""scorePred"": [2, 0]}","{""preds"": [33.92, 66.08, 0.0], ""scorePred"": [2, 11]}","{""preds"": [85.61, 14.39, 0.0], ""scorePred"": [1, 0]}","{""preds"": [55.63, 44.37, 0.0], ""scorePred"": [2, 1]}","{""preds"": [80.51, 19.49, 0.0], ""scorePred"": [1, 0]}","{""preds"": [65.08, 34.92, 0.0], ""scorePred"": [2, 1]}","{""preds"": [53.53, 46.47, 0.0], ""scorePred"": [2, 1]}","{""preds"": [65.19, 34.81, 0.0], ""scorePred"": [2, 1]}","{""preds"": [71.03, 28.97, 0.0], ""scorePred"": [1, 0]}","{""preds"": [45.17, 54.83, 0.0], ""scorePred"": [1, 2]}","{""preds"": [66.47, 33.53, 0.0], ""scorePred"": [2, 1]}",,"{""preds"": [59.49, 40.51, 0.0], ""scorePred"": [2, 1]}","{""preds"": [55.52, 44.48, 0.0], ""scorePred"": [2, 1]}","{""preds"": [70.43, 29.57, 0.0], ""scorePred"": [2, 1]}","{""preds"": [75.46, 24.54, 0.0], ""scorePred"": [1, 0]}","{""preds"": [66.37, 33.63, 0.0], ""scorePred"": [2, 1]}"
ES,"{""preds"": [61.22, 12.75, 26.03], ""scorePred"": [1, 0]}","{""preds"": [34.03, 42.87, 23.1], ""scorePred"": [1, 2]}","{""preds"": [39.01, 36.51, 24.48], ""scorePred"": [1, 0]}","{""preds"": [35.26, 40.01, 24.73], ""scorePred"": [1, 2]}","{""preds"": [39.37, 58.18, 2.45], ""scorePred"": [2, 9]}","{""preds"": [37.87, 36.35, 25.78], ""scorePred"": [1, 0]}","{""preds"": [36.01, 40.18, 23.81], ""scorePred"": [1, 2]}","{""preds"": [36.17, 40.18, 23.65], ""scorePred"": [1, 2]}","{""preds"": [36.67, 39.02, 24.31], ""scorePred"": [1, 2]}","{""preds"": [51.14, 22.85, 26.01], ""scorePred"": [1, 0]}","{""preds"": [31.93, 45.05, 23.02], ""scorePred"": [1, 2]}","{""preds"": [25.71, 54.08, 20.21], ""scorePred"": [1, 2]}","{""preds"": [49.06, 24.61, 26.33], ""scorePred"": [1, 0]}","{""preds"": [30.81, 46.3, 22.89], ""scorePred"": [1, 2]}","{""preds"": [40.04, 34.74, 25.22], ""scorePred"": [1, 0]}","{""preds"": [36.39, 39.93, 23.68], ""scorePred"": [1, 2]}","{""preds"": [42.84, 31.82, 25.34], ""scorePred"": [1, 0]}","{""preds"": [52.85, 40.11, 7.04], ""scorePred"": [2, 0]}","{""preds"": [32.37, 65.79, 1.84], ""scorePred"": [2, 9]}","{""preds"": [58.35, 14.97, 26.68], ""scorePred"": [1, 0]}","{""preds"": [35.45, 40.33, 24.22], ""scorePred"": [1, 2]}","{""preds"": [54.08, 19.31, 26.61], ""scorePred"": [1, 0]}","{""preds"": [42.05, 33.05, 24.9], ""scorePred"": [1, 0]}","{""preds"": [35.03, 42.11, 22.86], ""scorePred"": [1, 2]}","{""preds"": [42.3, 32.23, 25.47], ""scorePred"": [1, 0]}","{""preds"": [46.8, 27.75, 25.45], ""scorePred"": [1, 0]}","{""preds"": [28.53, 49.88, 21.59], ""scorePred"": [1, 2]}","{""preds"": [43.36, 31.04, 25.6], ""scorePred"": [1, 0]}","{""preds"": [32.08, 44.94, 22.98], ""scorePred"": [1, 2]}",,"{""preds"": [35.63, 40.56, 23.81], ""scorePred"": [1, 2]}","{""preds"": [47.11, 26.77, 26.12], ""scorePred"": [1, 0]}","{""preds"": [50.79, 22.92, 26.29], ""scorePred"": [1, 0]}","{""preds"": [43.41, 32.48, 24.11], ""scorePred"": [1, 0]}","{""preds"": [82.71, 17.29, 0.0], ""scorePred"": [1, 0]}","{""preds"": [44.24, 55.76, 0.0], ""scorePred"": [1, 2]}","{""preds"": [52.44, 47.56, 0.0], ""scorePred"": [2, 1]}","{""preds"": [46.89, 53.11, 0.0], ""scorePred"": [1, 2]}","{""preds"": [39.37, 60.63, 0.0], ""scorePred"": [2, 9]}","{""preds"": [51.25, 48.75, 0.0], ""scorePred"": [2, 1]}","{""preds"": [46.64, 53.36, 0.0], ""scorePred"": [1, 2]}","{""preds"": [46.87, 53.13, 0.0], ""scorePred"": [1, 2]}","{""preds"": [48.25, 51.75, 0.0], ""scorePred"": [1, 2]}","{""preds"": [69.56, 30.44, 0.0], ""scorePred"": [1, 0]}","{""preds"": [43.52, 56.48, 0.0], ""scorePred"": [1, 2]}","{""preds"": [32.13, 67.87, 0.0], ""scorePred"": [1, 2]}","{""preds"": [67.64, 32.36, 0.0], ""scorePred"": [1, 0]}","{""preds"": [40.84, 59.16, 0.0], ""scorePred"": [1, 2]}","{""preds"": [53.86, 46.14, 0.0], ""scorePred"": [1, 0]}","{""preds"": [48.05, 51.95, 0.0], ""scorePred"": [1, 2]}","{""preds"": [56.89, 43.11, 0.0], ""scorePred"": [1, 0]}","{""preds"": [58.36, 41.64, 0.0], ""scorePred"": [2, 0]}","{""preds"": [33.62, 66.38, 0.0], ""scorePred"": [2, 10]}","{""preds"": [79.97, 20.03, 0.0], ""scorePred"": [1, 0]}","{""preds"": [47.93, 52.07, 0.0], ""scorePred"": [1, 2]}","{""preds"": [73.37, 26.63, 0.0], ""scorePred"": [1, 0]}","{""preds"": [56.96, 43.04, 0.0], ""scorePred"": [1, 0]}","{""preds"": [44.51, 55.49, 0.0], ""scorePred"": [1, 2]}","{""preds"": [56.66, 43.34, 0.0], ""scorePred"": [1, 0]}","{""preds"": [61.7, 38.3, 0.0], ""scorePred"": [1, 0]}","{""preds"": [36.98, 63.02, 0.0], ""scorePred"": [1, 2]}","{""preds"": [57.97, 42.03, 0.0], ""scorePred"": [1, 0]}","{""preds"": [40.83, 59.17, 0.0], ""scorePred"": [1, 2]}",,"{""preds"": [46.84, 53.16, 0.0], ""scorePred"": [1, 2]}","{""preds"": [62.51, 37.49, 0.0], ""scorePred"": [1, 0]}","{""preds"": [69.51, 30.49, 0.0], ""scorePred"": [1, 0]}","{""preds"": [56.88, 43.12, 0.0], ""scorePred"": [1, 0]}"
SE,"{""preds"": [64.77, 11.12, 24.11], ""scorePred"": [1, 0]}","{""preds"": [37.24, 40.65, 22.11], ""scorePred"": [1, 2]}","{""preds"": [42.2, 33.73, 24.07], ""scorePred"": [2, 1]}","{""preds"": [38.47, 37.61, 23.92], ""scorePred"": [2, 1]}","{""preds"": [62.93, 12.23, 24.84], ""scorePred"": [1, 0]}","{""preds"": [41.46, 34.6, 23.94], ""scorePred"": [2, 1]}","{""preds"": [38.58, 37.76, 23.66], ""scorePred"": [2, 1]}","{""preds"": [38.57, 38.35, 23.08], ""scorePred"": [2, 1]}","{""preds"": [39.05, 37.36, 23.59], ""scorePred"": [2, 1]}","{""preds"": [53.97, 21.02, 25.01], ""scorePred"": [1, 0]}","{""preds"": [34.85, 43.14, 22.01], ""scorePred"": [1, 2]}","{""preds"": [27.95, 51.65, 20.4], ""scorePred"": [1, 2]}","{""preds"": [53.35, 21.77, 24.88], ""scorePred"": [1, 0]}","{""preds"": [33.23, 44.43, 22.34], ""scorePred"": [1, 2]}","{""preds"": [43.36, 32.52, 24.12], ""scorePred"": [2, 1]}","{""preds"": [39.03, 37.36, 23.61], ""scorePred"": [2, 1]}","{""preds"": [45.15, 30.67, 24.18], ""scorePred"": [1, 0]}","{""preds"": [54.13, 39.69, 6.18], ""scorePred"": [2, 0]}","{""preds"": [33.19, 65.51, 1.3], ""scorePred"": [2, 9]}","{""preds"": [62.41, 13.62, 23.97], ""scorePred"": [1, 0]}","{""preds"": [38.27, 38.25, 23.48], ""scorePred"": [2, 1]}","{""preds"": [58.1, 16.89, 25.01], ""scorePred"": [1, 0]}","{""preds"": [45.21, 30.98, 23.81], ""scorePred"": [1, 0]}","{""preds"": [36.75, 40.11, 23.14], ""scorePred"": [1, 2]}","{""preds"": [44.71, 30.43, 24.86], ""scorePred"": [2, 1]}","{""preds"": [49.49, 25.26, 25.25], ""scorePred"": [1, 0]}","{""preds"": [31.35, 47.52, 21.13], ""scorePred"": [1, 2]}","{""preds"": [46.64, 28.73, 24.63], ""scorePred"": [1, 0]}","{""preds"": [34.91, 42.95, 22.14], ""scorePred"": [1, 2]}","{""preds"": [40.91, 35.42, 23.67], ""scorePred"": [2, 1]}",,"{""preds"": [49.33, 26.02, 24.65], ""scorePred"": [1, 0]}","{""preds"": [54.45, 20.66, 24.89], ""scorePred"": [1, 0]}","{""preds"": [44.9, 30.67, 24.43], ""scorePred"": [2, 1]}","{""preds"": [84.91, 15.09, 0.0], ""scorePred"": [1, 0]}","{""preds"": [47.67, 52.33, 0.0], ""scorePred"": [1, 2]}","{""preds"": [54.98, 45.02, 0.0], ""scorePred"": [2, 1]}","{""preds"": [50.29, 49.71, 0.0], ""scorePred"": [2, 1]}","{""preds"": [83.23, 16.77, 0.0], ""scorePred"": [1, 0]}","{""preds"": [55.34, 44.66, 0.0], ""scorePred"": [2, 1]}","{""preds"": [50.27, 49.73, 0.0], ""scorePred"": [2, 1]}","{""preds"": [51.66, 48.34, 0.0], ""scorePred"": [2, 1]}","{""preds"": [51.76, 48.24, 0.0], ""scorePred"": [2, 1]}","{""preds"": [72.89, 27.11, 0.0], ""scorePred"": [1, 0]}","{""preds"": [46.57, 53.43, 0.0], ""scorePred"": [1, 2]}","{""preds"": [34.84, 65.16, 0.0], ""scorePred"": [1, 2]}","{""preds"": [70.65, 29.35, 0.0], ""scorePred"": [1, 0]}","{""preds"": [43.43, 56.57, 0.0], ""scorePred"": [1, 2]}","{""preds"": [56.65, 43.35, 0.0], ""scorePred"": [2, 1]}","{""preds"": [51.85, 48.15, 0.0], ""scorePred"": [2, 1]}","{""preds"": [59.55, 40.45, 0.0], ""scorePred"": [2, 1]}","{""preds"": [57.93, 42.07, 0.0], ""scorePred"": [2, 0]}","{""preds"": [34.18, 65.82, 0.0], ""scorePred"": [2, 9]}","{""preds"": [81.96, 18.04, 0.0], ""scorePred"": [1, 0]}","{""preds"": [51.08, 48.92, 0.0], ""scorePred"": [2, 1]}","{""preds"": [76.2, 23.8, 0.0], ""scorePred"": [1, 0]}","{""preds"": [60.1, 39.9, 0.0], ""scorePred"": [2, 1]}","{""preds"": [48.57, 51.43, 0.0], ""scorePred"": [1, 2]}","{""preds"": [59.8, 40.2, 0.0], ""scorePred"": [2, 1]}","{""preds"": [66.26, 33.74, 0.0], ""scorePred"": [1, 0]}","{""preds"": [39.71, 60.29, 0.0], ""scorePred"": [1, 2]}","{""preds"": [61.8, 38.2, 0.0], ""scorePred"": [2, 1]}","{""preds"": [43.38, 56.62, 0.0], ""scorePred"": [1, 2]}","{""preds"": [53.27, 46.73, 0.0], ""scorePred"": [2, 1]}",,"{""preds"": [66.78, 33.22, 0.0], ""scorePred"": [1, 0]}","{""preds"": [71.87, 28.13, 0.0], ""scorePred"": [1, 0]}","{""preds"": [60.5, 39.5, 0.0], ""scorePred"": [1, 0]}"
CH,"{""preds"": [49.32, 17.21, 33.47], ""scorePred"": [1, 0]}","{""preds"": [25.12, 50.87, 24.01], ""scorePred"": [0, 1]}","{""preds"": [27.61, 46.26, 26.13], ""scorePred"": [0, 1]}","{""preds"": [25.31, 50.0, 24.69], ""scorePred"": [0, 1]}","{""preds"": [48.72, 18.04, 33.24], ""scorePred"": [1, 0]}","{""preds"": [28.05, 45.51, 26.44], ""scorePred"": [0, 1]}","{""preds"": [26.04, 49.93, 24.03], ""scorePred"": [0, 1]}","{""preds"": [25.13, 49.26, 25.61], ""scorePred"": [0, 1]}","{""preds"": [26.16, 48.74, 25.1], ""scorePred"": [0, 1]}","{""preds"": [39.4, 29.86, 30.74], ""scorePred"": [1, 0]}","{""preds"": [23.26, 53.78, 22.96], ""scorePred"": [0, 1]}","{""preds"": [17.0, 63.08, 19.92], ""scorePred"": [1, 2]}","{""preds"": [38.13, 31.52, 30.35], ""scorePred"": [1, 0]}","{""preds"": [21.06, 56.72, 22.22], ""scorePred"": [0, 1]}","{""preds"": [29.06, 43.39, 27.55], ""scorePred"": [0, 1]}","{""preds"": [26.01, 48.81, 25.18], ""scorePred"": [0, 1]}","{""preds"": [30.87, 41.55, 27.58], ""scorePred"": [0, 1]}","{""preds"": [50.38, 40.44, 9.18], ""scorePred"": [2, 0]}","{""preds"": [31.17, 66.41, 2.42], ""scorePred"": [2, 8]}","{""preds"": [46.86, 19.72, 33.42], ""scorePred"": [1, 0]}","{""preds"": [27.2, 48.45, 24.35], ""scorePred"": [0, 1]}","{""preds"": [43.5, 25.45, 31.05], ""scorePred"": [1, 0]}","{""preds"": [31.86, 39.79, 28.35], ""scorePred"": [0, 1]}","{""preds"": [25.02, 50.74, 24.24], ""scorePred"": [0, 1]}","{""preds"": [31.8, 40.21, 27.99], ""scorePred"": [0, 1]}","{""preds"": [34.31, 36.52, 29.17], ""scorePred"": [0, 1]}","{""preds"": [20.01, 59.45, 20.54], ""scorePred"": [1, 2]}","{""preds"": [33.07, 38.36, 28.57], ""scorePred"": [0, 1]}","{""preds"": [21.89, 54.71, 23.4], ""scorePred"": [0, 1]}","{""preds"": [27.57, 45.96, 26.47], ""scorePred"": [0, 1]}","{""preds"": [26.24, 49.52, 24.24], ""scorePred"": [0, 1]}",,"{""preds"": [39.14, 30.13, 30.73], ""scorePred"": [1, 0]}","{""preds"": [31.88, 40.83, 27.29], ""scorePred"": [0, 1]}","{""preds"": [74.64, 25.36, 0.0], ""scorePred"": [1, 0]}","{""preds"": [31.69, 68.31, 0.0], ""scorePred"": [0, 1]}","{""preds"": [37.81, 62.19, 0.0], ""scorePred"": [0, 1]}","{""preds"": [35.44, 64.56, 0.0], ""scorePred"": [0, 1]}","{""preds"": [71.1, 28.9, 0.0], ""scorePred"": [1, 0]}","{""preds"": [37.46, 62.54, 0.0], ""scorePred"": [0, 1]}","{""preds"": [34.84, 65.16, 0.0], ""scorePred"": [0, 1]}","{""preds"": [33.85, 66.15, 0.0], ""scorePred"": [0, 1]}","{""preds"": [35.34, 64.66, 0.0], ""scorePred"": [0, 1]}","{""preds"": [56.89, 43.11, 0.0], ""scorePred"": [1, 0]}","{""preds"": [30.18, 69.82, 0.0], ""scorePred"": [0, 1]}","{""preds"": [21.65, 78.35, 0.0], ""scorePred"": [1, 2]}","{""preds"": [56.55, 43.45, 0.0], ""scorePred"": [1, 0]}","{""preds"": [27.04, 72.96, 0.0], ""scorePred"": [1, 2]}","{""preds"": [40.97, 59.03, 0.0], ""scorePred"": [0, 1]}","{""preds"": [35.69, 64.31, 0.0], ""scorePred"": [0, 1]}","{""preds"": [43.01, 56.99, 0.0], ""scorePred"": [0, 1]}","{""preds"": [56.94, 43.06, 0.0], ""scorePred"": [2, 0]}","{""preds"": [32.63, 67.37, 0.0], ""scorePred"": [2, 8]}","{""preds"": [71.91, 28.09, 0.0], ""scorePred"": [1, 0]}","{""preds"": [34.46, 65.54, 0.0], ""scorePred"": [0, 1]}","{""preds"": [61.57, 38.43, 0.0], ""scorePred"": [1, 0]}","{""preds"": [43.36, 56.64, 0.0], ""scorePred"": [0, 1]}","{""preds"": [32.74, 67.26, 0.0], ""scorePred"": [0, 1]}","{""preds"": [43.8, 56.2, 0.0], ""scorePred"": [0, 1]}","{""preds"": [48.13, 51.87, 0.0], ""scorePred"": [0, 1]}","{""preds"": [25.21, 74.79, 0.0], ""scorePred"": [1, 2]}","{""preds"": [44.26, 55.74, 0.0], ""scorePred"": [0, 1]}","{""preds"": [29.45, 70.55, 0.0], ""scorePred"": [1, 2]}","{""preds"": [37.86, 62.14, 0.0], ""scorePred"": [0, 1]}","{""preds"": [33.84, 66.16, 0.0], ""scorePred"": [0, 1]}",,"{""preds"": [56.79, 43.21, 0.0], ""scorePred"": [1, 0]}","{""preds"": [43.94, 56.06, 0.0], ""scorePred"": [0, 1]}"
TR,"{""preds"": [42.57, 19.16, 38.27], ""scorePred"": [1, 0]}","{""preds"": [20.32, 55.33, 24.35], ""scorePred"": [0, 1]}","{""preds"": [23.05, 50.07, 26.88], ""scorePred"": [0, 1]}","{""preds"": [20.55, 54.07, 25.38], ""scorePred"": [0, 1]}","{""preds"": [41.37, 21.2, 37.43], ""scorePred"": [1, 0]}","{""preds"": [23.39, 49.6, 27.01], ""scorePred"": [0, 1]}","{""preds"": [21.11, 54.37, 24.52], ""scorePred"": [0, 1]}","{""preds"": [21.47, 53.24, 25.29], ""scorePred"": [0, 1]}","{""preds"": [22.28, 52.03, 25.69], ""scorePred"": [0, 1]}","{""preds"": [34.34, 33.05, 32.61], ""scorePred"": [1, 0]}","{""preds"": [19.05, 57.35, 23.6], ""scorePred"": [0, 1]}","{""preds"": [13.96, 67.63, 18.41], ""scorePred"": [0, 2]}","{""preds"": [32.02, 35.33, 32.65], ""scorePred"": [0, 1]}","{""preds"": [17.86, 59.26, 22.88], ""scorePred"": [0, 1]}","{""preds"": [23.69, 48.46, 27.85], ""scorePred"": [0, 1]}","{""preds"": [22.02, 52.79, 25.19], ""scorePred"": [0, 1]}","{""preds"": [26.78, 44.66, 28.56], ""scorePred"": [0, 1]}","{""preds"": [32.03, 37.01, 30.96], ""scorePred"": [0, 1]}","{""preds"": [45.15, 17.77, 37.08], ""scorePred"": [1, 0]}","{""preds"": [41.37, 22.44, 36.19], ""scorePred"": [1, 0]}","{""preds"": [21.46, 52.91, 25.63], ""scorePred"": [0, 1]}","{""preds"": [36.08, 29.13, 34.79], ""scorePred"": [1, 0]}","{""preds"": [25.68, 45.61, 28.71], ""scorePred"": [0, 1]}","{""preds"": [19.61, 56.68, 23.71], ""scorePred"": [0, 1]}","{""preds"": [25.75, 45.03, 29.22], ""scorePred"": [0, 1]}","{""preds"": [28.85, 40.33, 30.82], ""scorePred"": [0, 1]}","{""preds"": [16.24, 62.64, 21.12], ""scorePred"": [0, 1]}","{""preds"": [26.47, 43.64, 29.89], ""scorePred"": [0, 1]}","{""preds"": [18.16, 58.83, 23.01], ""scorePred"": [0, 1]}","{""preds"": [22.43, 50.93, 26.64], ""scorePred"": [0, 1]}","{""preds"": [20.85, 54.25, 24.9], ""scorePred"": [0, 1]}","{""preds"": [30.08, 38.39, 31.53], ""scorePred"": [0, 1]}",,"{""preds"": [25.72, 45.41, 28.87], ""scorePred"": [0, 1]}","{""preds"": [68.15, 31.85, 0.0], ""scorePred"": [1, 0]}","{""preds"": [25.68, 74.32, 0.0], ""scorePred"": [0, 1]}","{""preds"": [32.13, 67.87, 0.0], ""scorePred"": [0, 1]}","{""preds"": [27.8, 72.2, 0.0], ""scorePred"": [0, 1]}","{""preds"": [67.49, 32.51, 0.0], ""scorePred"": [1, 0]}","{""preds"": [32.46, 67.54, 0.0], ""scorePred"": [0, 1]}","{""preds"": [28.15, 71.85, 0.0], ""scorePred"": [0, 1]}","{""preds"": [28.53, 71.47, 0.0], ""scorePred"": [0, 1]}","{""preds"": [30.13, 69.87, 0.0], ""scorePred"": [0, 1]}","{""preds"": [51.06, 48.94, 0.0], ""scorePred"": [1, 0]}","{""preds"": [24.84, 75.16, 0.0], ""scorePred"": [0, 1]}","{""preds"": [16.74, 83.26, 0.0], ""scorePred"": [0, 2]}","{""preds"": [49.47, 50.53, 0.0], ""scorePred"": [0, 1]}","{""preds"": [21.97, 78.03, 0.0], ""scorePred"": [0, 1]}","{""preds"": [32.89, 67.11, 0.0], ""scorePred"": [0, 1]}","{""preds"": [29.18, 70.82, 0.0], ""scorePred"": [0, 1]}","{""preds"": [37.17, 62.83, 0.0], ""scorePred"": [0, 1]}","{""preds"": [45.21, 54.79, 0.0], ""scorePred"": [0, 1]}","{""preds"": [72.66, 27.34, 0.0], ""scorePred"": [1, 0]}","{""preds"": [63.08, 36.92, 0.0], ""scorePred"": [1, 0]}","{""preds"": [29.01, 70.99, 0.0], ""scorePred"": [0, 1]}","{""preds"": [55.01, 44.99, 0.0], ""scorePred"": [1, 0]}","{""preds"": [35.31, 64.69, 0.0], ""scorePred"": [0, 1]}","{""preds"": [26.42, 73.58, 0.0], ""scorePred"": [0, 1]}","{""preds"": [37.89, 62.11, 0.0], ""scorePred"": [0, 1]}","{""preds"": [42.91, 57.09, 0.0], ""scorePred"": [0, 1]}","{""preds"": [21.26, 78.74, 0.0], ""scorePred"": [0, 1]}","{""preds"": [37.85, 62.15, 0.0], ""scorePred"": [0, 1]}","{""preds"": [23.73, 76.27, 0.0], ""scorePred"": [0, 1]}","{""preds"": [30.64, 69.36, 0.0], ""scorePred"": [0, 1]}","{""preds"": [28.29, 71.71, 0.0], ""scorePred"": [0, 1]}","{""preds"": [43.98, 56.02, 0.0], ""scorePred"": [0, 1]}",,"{""preds"": [37.64, 62.36, 0.0], ""scorePred"": [0, 1]}"
GB-WLS,"{""preds"": [55.51, 14.56, 29.93], ""scorePred"": [1, 0]}","{""preds"": [28.55, 47.36, 24.09], ""scorePred"": [1, 2]}","{""preds"": [32.6, 41.73, 25.67], ""scorePred"": [0, 1]}","{""preds"": [30.25, 44.49, 25.26], ""scorePred"": [0, 1]}","{""preds"": [53.99, 15.71, 30.3], ""scorePred"": [1, 0]}","{""preds"": [32.74, 41.04, 26.22], ""scorePred"": [0, 1]}","{""preds"": [29.58, 45.91, 24.51], ""scorePred"": [0, 1]}","{""preds"": [30.71, 44.81, 24.48], ""scorePred"": [0, 1]}","{""preds"": [31.06, 43.8, 25.14], ""scorePred"": [1, 2]}","{""preds"": [44.4, 27.1, 28.5], ""scorePred"": [1, 0]}","{""preds"": [26.95, 48.98, 24.07], ""scorePred"": [1, 2]}","{""preds"": [20.52, 58.73, 20.75], ""scorePred"": [1, 2]}","{""preds"": [43.4, 27.92, 28.68], ""scorePred"": [1, 0]}","{""preds"": [26.16, 50.83, 23.01], ""scorePred"": [1, 2]}","{""preds"": [34.31, 39.0, 26.69], ""scorePred"": [0, 1]}","{""preds"": [31.05, 44.44, 24.51], ""scorePred"": [1, 2]}","{""preds"": [36.64, 35.29, 28.07], ""scorePred"": [1, 0]}","{""preds"": [52.24, 40.12, 7.64], ""scorePred"": [2, 0]}","{""preds"": [31.26, 66.49, 2.25], ""scorePred"": [2, 9]}","{""preds"": [53.63, 17.68, 28.69], ""scorePred"": [1, 0]}","{""preds"": [30.36, 44.53, 25.11], ""scorePred"": [0, 1]}","{""preds"": [47.37, 22.61, 30.02], ""scorePred"": [1, 0]}","{""preds"": [37.12, 36.01, 26.87], ""scorePred"": [1, 0]}","{""preds"": [27.78, 48.64, 23.58], ""scorePred"": [1, 2]}","{""preds"": [36.7, 36.63, 26.67], ""scorePred"": [1, 0]}","{""preds"": [40.09, 31.67, 28.24], ""scorePred"": [1, 0]}","{""preds"": [23.73, 54.73, 21.54], ""scorePred"": [1, 2]}","{""preds"": [37.46, 36.32, 26.22], ""scorePred"": [1, 0]}","{""preds"": [26.55, 50.59, 22.86], ""scorePred"": [1, 2]}","{""preds"": [32.47, 41.26, 26.27], ""scorePred"": [0, 1]}","{""preds"": [30.48, 44.97, 24.55], ""scorePred"": [0, 1]}","{""preds"": [40.59, 31.13, 28.28], ""scorePred"": [1, 0]}","{""preds"": [44.54, 26.25, 29.21], ""scorePred"": [1, 0]}",,"{""preds"": [79.32, 20.68, 0.0], ""scorePred"": [1, 0]}","{""preds"": [38.24, 61.76, 0.0], ""scorePred"": [1, 2]}","{""preds"": [44.27, 55.73, 0.0], ""scorePred"": [0, 1]}","{""preds"": [40.55, 59.45, 0.0], ""scorePred"": [1, 2]}","{""preds"": [76.77, 23.23, 0.0], ""scorePred"": [1, 0]}","{""preds"": [44.38, 55.62, 0.0], ""scorePred"": [0, 1]}","{""preds"": [39.96, 60.04, 0.0], ""scorePred"": [1, 2]}","{""preds"": [39.18, 60.82, 0.0], ""scorePred"": [0, 1]}","{""preds"": [40.25, 59.75, 0.0], ""scorePred"": [0, 1]}","{""preds"": [62.52, 37.48, 0.0], ""scorePred"": [1, 0]}","{""preds"": [35.77, 64.23, 0.0], ""scorePred"": [1, 2]}","{""preds"": [26.43, 73.57, 0.0], ""scorePred"": [1, 2]}","{""preds"": [61.83, 38.17, 0.0], ""scorePred"": [1, 0]}","{""preds"": [33.55, 66.45, 0.0], ""scorePred"": [1, 2]}","{""preds"": [46.32, 53.68, 0.0], ""scorePred"": [0, 1]}","{""preds"": [41.29, 58.71, 0.0], ""scorePred"": [0, 1]}","{""preds"": [47.83, 52.17, 0.0], ""scorePred"": [0, 1]}","{""preds"": [56.5, 43.5, 0.0], ""scorePred"": [2, 0]}","{""preds"": [32.76, 67.24, 0.0], ""scorePred"": [2, 10]}","{""preds"": [74.54, 25.46, 0.0], ""scorePred"": [1, 0]}","{""preds"": [41.04, 58.96, 0.0], ""scorePred"": [1, 2]}","{""preds"": [68.48, 31.52, 0.0], ""scorePred"": [1, 0]}","{""preds"": [48.85, 51.15, 0.0], ""scorePred"": [0, 1]}","{""preds"": [38.98, 61.02, 0.0], ""scorePred"": [1, 2]}","{""preds"": [50.86, 49.14, 0.0], ""scorePred"": [1, 0]}","{""preds"": [55.35, 44.65, 0.0], ""scorePred"": [1, 0]}","{""preds"": [30.0, 70.0, 0.0], ""scorePred"": [1, 2]}","{""preds"": [51.55, 48.45, 0.0], ""scorePred"": [1, 0]}","{""preds"": [33.91, 66.09, 0.0], ""scorePred"": [1, 2]}","{""preds"": [43.18, 56.82, 0.0], ""scorePred"": [0, 1]}","{""preds"": [40.2, 59.8, 0.0], ""scorePred"": [1, 2]}","{""preds"": [57.19, 42.81, 0.0], ""scorePred"": [1, 0]}","{""preds"": [62.77, 37.23, 0.0], ""scorePred"": [1, 0]}",
