home_team,AL_1,AT_1,BE_1,BG_1,CY_1,CZ_1,DK_1,DD_1,GB-ENG_1,FI_1,FR_1,DE_1,GR_1,HU_1,IS_1,IE_1,IT_1,LI_1,LU_1,MT_1,NL_1,GB-NIR_1,NO_1,PL_1,PT_1,RO_1,RU_1,GB-SCT_1,RS_1,ES_1,SE_1,CH_1,TR_1,GB-WLS_1,AL_0,AT_0,BE_0,BG_0,CY_0,CZ_0,DK_0,DD_0,GB-ENG_0,FI_0,FR_0,DE_0,GR_0,HU_0,IS_0,IE_0,IT_0,LI_0,LU_0,MT_0,NL_0,GB-NIR_0,NO_0,PL_0,PT_0,RO_0,RU_0,GB-SCT_0,RS_0,ES_0,SE_0,CH_0,TR_0,GB-WLS_0
AL,,"{""preds"": [16.55, 55.71, 27.74], ""scorePred"": [0, 1]}","{""preds"": [16.72, 56.52, 26.76], ""scorePred"": [0, 1]}","{""preds"": [16.35, 55.39, 28.26], ""scorePred"": [0, 1]}","{""preds"": [33.28, 22.77, 43.95], ""scorePred"": [0, 0]}","{""preds"": [18.88, 51.9, 29.22], ""scorePred"": [0, 1]}","{""preds"": [16.77, 55.01, 28.22], ""scorePred"": [0, 1]}","{""preds"": [17.01, 55.16, 27.83], ""scorePred"": [0, 1]}","{""preds"": [12.72, 64.16, 23.12], ""scorePred"": [0, 1]}","{""preds"": [24.62, 40.58, 34.8], ""scorePred"": [0, 1]}","{""preds"": [14.53, 59.11, 26.36], ""scorePred"": [0, 1]}","{""preds"": [15.17, 58.15, 26.68], ""scorePred"": [0, 1]}","{""preds"": [20.9, 45.4, 33.7], ""scorePred"": [0, 1]}","{""preds"": [15.62, 57.66, 26.72], ""scorePred"": [0, 1]}","{""preds"": [22.51, 43.31, 34.18], ""scorePred"": [0, 1]}","{""preds"": [21.55, 44.2, 34.25], ""scorePred"": [0, 1]}","{""preds"": [14.6, 59.2, 26.2], ""scorePred"": [0, 1]}","{""preds"": [45.94, 0.0, 54.06], ""scorePred"": [0, 0]}","{""preds"": [38.33, 11.65, 50.02], ""scorePred"": [0, 0]}","{""preds"": [24.19, 39.97, 35.84], ""scorePred"": [0, 1]}","{""preds"": [55.27, 42.33, 2.4], ""scorePred"": [11, 2]}","{""preds"": [24.28, 39.93, 35.79], ""scorePred"": [0, 1]}","{""preds"": [21.54, 43.93, 34.53], ""scorePred"": [0, 1]}","{""preds"": [19.49, 50.07, 30.44], ""scorePred"": [0, 1]}","{""preds"": [20.36, 48.45, 31.19], ""scorePred"": [0, 1]}","{""preds"": [14.49, 60.81, 24.7], ""scorePred"": [0, 1]}","{""preds"": [14.39, 61.73, 23.88], ""scorePred"": [0, 1]}","{""preds"": [21.3, 44.94, 33.76], ""scorePred"": [0, 1]}","{""preds"": [15.2, 58.26, 26.54], ""scorePred"": [0, 1]}","{""preds"": [14.87, 59.93, 25.2], ""scorePred"": [0, 1]}","{""preds"": [15.97, 57.29, 26.74], ""scorePred"": [0, 1]}","{""preds"": [22.87, 40.59, 36.54], ""scorePred"": [0, 1]}","{""preds"": [31.45, 26.39, 42.16], ""scorePred"": [0, 0]}","{""preds"": [21.03, 45.87, 33.1], ""scorePred"": [0, 1]}",,"{""preds"": [23.06, 76.94, 0.0], ""scorePred"": [0, 1]}","{""preds"": [22.63, 77.37, 0.0], ""scorePred"": [0, 1]}","{""preds"": [23.21, 76.79, 0.0], ""scorePred"": [0, 1]}","{""preds"": [60.99, 39.01, 0.0], ""scorePred"": [1, 0]}","{""preds"": [26.81, 73.19, 0.0], ""scorePred"": [0, 1]}","{""preds"": [24.55, 75.45, 0.0], ""scorePred"": [0, 1]}","{""preds"": [23.53, 76.47, 0.0], ""scorePred"": [0, 1]}","{""preds"": [17.34, 82.66, 0.0], ""scorePred"": [0, 1]}","{""preds"": [36.59, 63.41, 0.0], ""scorePred"": [0, 1]}","{""preds"": [20.13, 79.87, 0.0], ""scorePred"": [0, 1]}","{""preds"": [22.18, 77.82, 0.0], ""scorePred"": [0, 1]}","{""preds"": [31.28, 68.72, 0.0], ""scorePred"": [0, 1]}","{""preds"": [21.09, 78.91, 0.0], ""scorePred"": [0, 1]}","{""preds"": [35.11, 64.89, 0.0], ""scorePred"": [0, 1]}","{""preds"": [33.59, 66.41, 0.0], ""scorePred"": [0, 1]}","{""preds"": [19.09, 80.91, 0.0], ""scorePred"": [0, 1]}","{""preds"": [100.0, 0.0, 0.0], ""scorePred"": [1, 0]}","{""preds"": [77.92, 22.08, 0.0], ""scorePred"": [1, 0]}","{""preds"": [38.36, 61.64, 0.0], ""scorePred"": [0, 1]}","{""preds"": [55.63, 44.37, 0.0], ""scorePred"": [11, 2]}","{""preds"": [36.91, 63.09, 0.0], ""scorePred"": [0, 1]}","{""preds"": [33.62, 66.38, 0.0], ""scorePred"": [0, 1]}","{""preds"": [26.69, 73.31, 0.0], ""scorePred"": [0, 1]}","{""preds"": [29.71, 70.29, 0.0], ""scorePred"": [0, 1]}","{""preds"": [19.96, 80.04, 0.0], ""scorePred"": [0, 1]}","{""preds"": [18.81, 81.19, 0.0], ""scorePred"": [0, 1]}","{""preds"": [32.27, 67.73, 0.0], ""scorePred"": [0, 1]}","{""preds"": [21.77, 78.23, 0.0], ""scorePred"": [0, 1]}","{""preds"": [19.05, 80.95, 0.0], ""scorePred"": [0, 1]}","{""preds"": [21.13, 78.87, 0.0], ""scorePred"": [0, 1]}","{""preds"": [36.75, 63.25, 0.0], ""scorePred"": [0, 1]}","{""preds"": [53.79, 46.21, 0.0], ""scorePred"": [1, 0]}","{""preds"": [32.11, 67.89, 0.0], ""scorePred"": [0, 1]}"
AT,"{""preds"": [56.7, 15.8, 27.5], ""scorePred"": [1, 0]}",,"{""preds"": [35.82, 38.7, 25.48], ""scorePred"": [0, 1]}","{""preds"": [37.52, 36.37, 26.11], ""scorePred"": [1, 0]}","{""preds"": [61.04, 12.14, 26.82], ""scorePred"": [1, 0]}","{""preds"": [40.4, 32.81, 26.79], ""scorePred"": [1, 0]}","{""preds"": [38.34, 35.3, 26.36], ""scorePred"": [1, 0]}","{""preds"": [37.31, 36.25, 26.44], ""scorePred"": [1, 0]}","{""preds"": [30.66, 44.63, 24.71], ""scorePred"": [1, 2]}","{""preds"": [47.97, 24.94, 27.09], ""scorePred"": [1, 0]}","{""preds"": [34.83, 40.23, 24.94], ""scorePred"": [1, 2]}","{""preds"": [35.45, 39.62, 24.93], ""scorePred"": [0, 1]}","{""preds"": [44.67, 28.09, 27.24], ""scorePred"": [1, 0]}","{""preds"": [35.88, 39.56, 24.56], ""scorePred"": [0, 1]}","{""preds"": [46.35, 26.78, 26.87], ""scorePred"": [1, 0]}","{""preds"": [46.12, 26.83, 27.05], ""scorePred"": [1, 0]}","{""preds"": [33.86, 41.78, 24.36], ""scorePred"": [1, 2]}","{""preds"": [0.0, 99.96, 0.04], ""scorePred"": [2, 8]}","{""preds"": [19.41, 80.13, 0.46], ""scorePred"": [2, 8]}","{""preds"": [48.45, 24.06, 27.49], ""scorePred"": [1, 0]}","{""preds"": [29.25, 47.37, 23.38], ""scorePred"": [1, 2]}","{""preds"": [48.39, 23.27, 28.34], ""scorePred"": [1, 0]}","{""preds"": [45.87, 27.42, 26.71], ""scorePred"": [1, 0]}","{""preds"": [41.05, 32.31, 26.64], ""scorePred"": [1, 0]}","{""preds"": [42.46, 30.63, 26.91], ""scorePred"": [1, 0]}","{""preds"": [34.1, 41.16, 24.74], ""scorePred"": [1, 2]}","{""preds"": [32.56, 43.91, 23.53], ""scorePred"": [1, 2]}","{""preds"": [44.79, 27.17, 28.04], ""scorePred"": [1, 0]}","{""preds"": [35.6, 39.51, 24.89], ""scorePred"": [0, 1]}","{""preds"": [34.82, 41.03, 24.15], ""scorePred"": [1, 2]}","{""preds"": [35.73, 39.7, 24.57], ""scorePred"": [1, 2]}","{""preds"": [48.13, 24.09, 27.78], ""scorePred"": [1, 0]}","{""preds"": [57.12, 14.89, 27.99], ""scorePred"": [1, 0]}","{""preds"": [45.08, 28.88, 26.04], ""scorePred"": [1, 0]}","{""preds"": [76.89, 23.11, 0.0], ""scorePred"": [1, 0]}",,"{""preds"": [49.64, 50.36, 0.0], ""scorePred"": [0, 1]}","{""preds"": [50.66, 49.34, 0.0], ""scorePred"": [1, 0]}","{""preds"": [83.46, 16.54, 0.0], ""scorePred"": [1, 0]}","{""preds"": [55.53, 44.47, 0.0], ""scorePred"": [1, 0]}","{""preds"": [51.66, 48.34, 0.0], ""scorePred"": [1, 0]}","{""preds"": [50.51, 49.49, 0.0], ""scorePred"": [1, 0]}","{""preds"": [40.36, 59.64, 0.0], ""scorePred"": [1, 2]}","{""preds"": [66.08, 33.92, 0.0], ""scorePred"": [1, 0]}","{""preds"": [46.21, 53.79, 0.0], ""scorePred"": [1, 2]}","{""preds"": [48.45, 51.55, 0.0], ""scorePred"": [0, 1]}","{""preds"": [60.14, 39.86, 0.0], ""scorePred"": [1, 0]}","{""preds"": [46.84, 53.16, 0.0], ""scorePred"": [1, 2]}","{""preds"": [63.83, 36.17, 0.0], ""scorePred"": [1, 0]}","{""preds"": [63.48, 36.52, 0.0], ""scorePred"": [1, 0]}","{""preds"": [45.64, 54.36, 0.0], ""scorePred"": [1, 2]}","{""preds"": [0.0, 100.0, 0.0], ""scorePred"": [2, 8]}","{""preds"": [19.15, 80.85, 0.0], ""scorePred"": [2, 11]}","{""preds"": [67.29, 32.71, 0.0], ""scorePred"": [1, 0]}","{""preds"": [38.93, 61.07, 0.0], ""scorePred"": [1, 2]}","{""preds"": [65.85, 34.15, 0.0], ""scorePred"": [1, 0]}","{""preds"": [62.27, 37.73, 0.0], ""scorePred"": [1, 0]}","{""preds"": [55.3, 44.7, 0.0], ""scorePred"": [1, 0]}","{""preds"": [59.29, 40.71, 0.0], ""scorePred"": [1, 0]}","{""preds"": [43.47, 56.53, 0.0], ""scorePred"": [1, 2]}","{""preds"": [43.88, 56.12, 0.0], ""scorePred"": [1, 2]}","{""preds"": [61.53, 38.47, 0.0], ""scorePred"": [1, 0]}","{""preds"": [47.89, 52.11, 0.0], ""scorePred"": [1, 2]}","{""preds"": [45.04, 54.96, 0.0], ""scorePred"": [1, 2]}","{""preds"": [47.89, 52.11, 0.0], ""scorePred"": [1, 2]}","{""preds"": [66.53, 33.47, 0.0], ""scorePred"": [1, 0]}","{""preds"": [79.62, 20.38, 0.0], ""scorePred"": [1, 0]}","{""preds"": [60.71, 39.29, 0.0], ""scorePred"": [1, 0]}"
BE,"{""preds"": [56.55, 16.05, 27.4], ""scorePred"": [1, 0]}","{""preds"": [38.56, 36.67, 24.77], ""scorePred"": [1, 0]}",,"{""preds"": [37.17, 36.57, 26.26], ""scorePred"": [1, 0]}","{""preds"": [61.39, 11.36, 27.25], ""scorePred"": [1, 0]}","{""preds"": [41.81, 31.5, 26.69], ""scorePred"": [1, 0]}","{""preds"": [38.85, 35.83, 25.32], ""scorePred"": [1, 0]}","{""preds"": [39.33, 35.16, 25.51], ""scorePred"": [1, 0]}","{""preds"": [31.76, 44.69, 23.55], ""scorePred"": [1, 2]}","{""preds"": [48.34, 24.42, 27.24], ""scorePred"": [1, 0]}","{""preds"": [35.59, 40.35, 24.06], ""scorePred"": [1, 2]}","{""preds"": [37.33, 37.77, 24.9], ""scorePred"": [1, 2]}","{""preds"": [45.7, 28.51, 25.79], ""scorePred"": [1, 0]}","{""preds"": [36.0, 38.4, 25.6], ""scorePred"": [1, 2]}","{""preds"": [47.44, 26.14, 26.42], ""scorePred"": [1, 0]}","{""preds"": [46.88, 26.99, 26.13], ""scorePred"": [1, 0]}","{""preds"": [35.21, 39.93, 24.86], ""scorePred"": [1, 2]}","{""preds"": [0.0, 99.95, 0.05], ""scorePred"": [2, 8]}","{""preds"": [19.5, 79.92, 0.58], ""scorePred"": [2, 9]}","{""preds"": [49.6, 23.43, 26.97], ""scorePred"": [1, 0]}","{""preds"": [31.31, 46.13, 22.56], ""scorePred"": [1, 2]}","{""preds"": [49.13, 23.67, 27.2], ""scorePred"": [1, 0]}","{""preds"": [46.51, 27.07, 26.42], ""scorePred"": [1, 0]}","{""preds"": [41.59, 32.29, 26.12], ""scorePred"": [1, 0]}","{""preds"": [43.22, 30.48, 26.3], ""scorePred"": [1, 0]}","{""preds"": [34.21, 41.79, 24.0], ""scorePred"": [1, 2]}","{""preds"": [32.88, 43.22, 23.9], ""scorePred"": [1, 2]}","{""preds"": [45.98, 27.52, 26.5], ""scorePred"": [1, 0]}","{""preds"": [36.53, 38.03, 25.44], ""scorePred"": [1, 2]}","{""preds"": [35.32, 40.04, 24.64], ""scorePred"": [1, 2]}","{""preds"": [36.23, 38.79, 24.98], ""scorePred"": [1, 2]}","{""preds"": [49.02, 23.58, 27.4], ""scorePred"": [1, 0]}","{""preds"": [58.21, 14.84, 26.95], ""scorePred"": [1, 0]}","{""preds"": [45.77, 27.06, 27.17], ""scorePred"": [1, 0]}","{""preds"": [78.38, 21.62, 0.0], ""scorePred"": [1, 0]}","{""preds"": [50.3, 49.7, 0.0], ""scorePred"": [1, 0]}",,"{""preds"": [52.01, 47.99, 0.0], ""scorePred"": [1, 0]}","{""preds"": [84.45, 15.55, 0.0], ""scorePred"": [1, 0]}","{""preds"": [56.37, 43.63, 0.0], ""scorePred"": [1, 0]}","{""preds"": [52.54, 47.46, 0.0], ""scorePred"": [2, 1]}","{""preds"": [52.38, 47.62, 0.0], ""scorePred"": [1, 0]}","{""preds"": [41.26, 58.74, 0.0], ""scorePred"": [1, 2]}","{""preds"": [67.49, 32.51, 0.0], ""scorePred"": [1, 0]}","{""preds"": [47.4, 52.6, 0.0], ""scorePred"": [1, 2]}","{""preds"": [49.02, 50.98, 0.0], ""scorePred"": [1, 2]}","{""preds"": [61.67, 38.33, 0.0], ""scorePred"": [1, 0]}","{""preds"": [49.74, 50.26, 0.0], ""scorePred"": [1, 2]}","{""preds"": [64.41, 35.59, 0.0], ""scorePred"": [1, 0]}","{""preds"": [62.08, 37.92, 0.0], ""scorePred"": [1, 0]}","{""preds"": [46.59, 53.41, 0.0], ""scorePred"": [1, 2]}","{""preds"": [0.0, 100.0, 0.0], ""scorePred"": [2, 8]}","{""preds"": [19.56, 80.44, 0.0], ""scorePred"": [2, 9]}","{""preds"": [67.72, 32.28, 0.0], ""scorePred"": [1, 0]}","{""preds"": [39.64, 60.36, 0.0], ""scorePred"": [1, 2]}","{""preds"": [67.19, 32.81, 0.0], ""scorePred"": [1, 0]}","{""preds"": [63.26, 36.74, 0.0], ""scorePred"": [1, 0]}","{""preds"": [57.58, 42.42, 0.0], ""scorePred"": [1, 0]}","{""preds"": [58.98, 41.02, 0.0], ""scorePred"": [1, 0]}","{""preds"": [45.34, 54.66, 0.0], ""scorePred"": [1, 2]}","{""preds"": [45.35, 54.65, 0.0], ""scorePred"": [1, 2]}","{""preds"": [62.82, 37.18, 0.0], ""scorePred"": [1, 0]}","{""preds"": [48.46, 51.54, 0.0], ""scorePred"": [0, 1]}","{""preds"": [47.37, 52.63, 0.0], ""scorePred"": [1, 2]}","{""preds"": [48.52, 51.48, 0.0], ""scorePred"": [0, 1]}","{""preds"": [67.5, 32.5, 0.0], ""scorePred"": [1, 0]}","{""preds"": [80.51, 19.49, 0.0], ""scorePred"": [1, 0]}","{""preds"": [61.65, 38.35, 0.0], ""scorePred"": [1, 0]}"
BG,"{""preds"": [56.39, 16.0, 27.61], ""scorePred"": [1, 0]}","{""preds"": [37.09, 37.82, 25.09], ""scorePred"": [0, 1]}","{""preds"": [36.03, 39.07, 24.9], ""scorePred"": [1, 2]}",,"{""preds"": [59.56, 12.4, 28.04], ""scorePred"": [1, 0]}","{""preds"": [40.79, 33.4, 25.81], ""scorePred"": [1, 0]}","{""preds"": [37.28, 36.3, 26.42], ""scorePred"": [1, 0]}","{""preds"": [37.5, 36.58, 25.92], ""scorePred"": [1, 0]}","{""preds"": [30.89, 45.2, 23.91], ""scorePred"": [1, 2]}","{""preds"": [47.52, 24.6, 27.88], ""scorePred"": [1, 0]}","{""preds"": [33.65, 40.88, 25.47], ""scorePred"": [1, 2]}","{""preds"": [35.11, 39.21, 25.68], ""scorePred"": [0, 1]}","{""preds"": [43.98, 28.65, 27.37], ""scorePred"": [1, 0]}","{""preds"": [35.08, 39.59, 25.33], ""scorePred"": [1, 2]}","{""preds"": [45.82, 26.65, 27.53], ""scorePred"": [1, 0]}","{""preds"": [45.28, 28.07, 26.65], ""scorePred"": [1, 0]}","{""preds"": [33.61, 41.99, 24.4], ""scorePred"": [0, 1]}","{""preds"": [0.0, 99.92, 0.08], ""scorePred"": [2, 8]}","{""preds"": [19.48, 79.94, 0.58], ""scorePred"": [2, 9]}","{""preds"": [48.08, 24.76, 27.16], ""scorePred"": [1, 0]}","{""preds"": [29.3, 47.61, 23.09], ""scorePred"": [1, 2]}","{""preds"": [47.65, 24.25, 28.1], ""scorePred"": [1, 0]}","{""preds"": [45.7, 27.43, 26.87], ""scorePred"": [1, 0]}","{""preds"": [39.84, 33.99, 26.17], ""scorePred"": [1, 0]}","{""preds"": [42.67, 30.38, 26.95], ""scorePred"": [1, 0]}","{""preds"": [32.72, 43.45, 23.83], ""scorePred"": [1, 2]}","{""preds"": [32.45, 43.39, 24.16], ""scorePred"": [1, 2]}","{""preds"": [44.1, 28.9, 27.0], ""scorePred"": [1, 0]}","{""preds"": [34.92, 40.02, 25.06], ""scorePred"": [1, 2]}","{""preds"": [33.76, 41.4, 24.84], ""scorePred"": [1, 2]}","{""preds"": [35.75, 38.81, 25.44], ""scorePred"": [0, 1]}","{""preds"": [47.0, 24.91, 28.09], ""scorePred"": [1, 0]}","{""preds"": [56.79, 14.78, 28.43], ""scorePred"": [1, 0]}","{""preds"": [43.3, 29.87, 26.83], ""scorePred"": [1, 0]}","{""preds"": [76.93, 23.07, 0.0], ""scorePred"": [1, 0]}","{""preds"": [48.76, 51.24, 0.0], ""scorePred"": [0, 1]}","{""preds"": [47.31, 52.69, 0.0], ""scorePred"": [0, 1]}",,"{""preds"": [82.12, 17.88, 0.0], ""scorePred"": [1, 0]}","{""preds"": [54.22, 45.78, 0.0], ""scorePred"": [1, 0]}","{""preds"": [50.58, 49.42, 0.0], ""scorePred"": [1, 0]}","{""preds"": [50.75, 49.25, 0.0], ""scorePred"": [1, 0]}","{""preds"": [40.3, 59.7, 0.0], ""scorePred"": [1, 2]}","{""preds"": [65.95, 34.05, 0.0], ""scorePred"": [1, 0]}","{""preds"": [45.06, 54.94, 0.0], ""scorePred"": [1, 2]}","{""preds"": [47.65, 52.35, 0.0], ""scorePred"": [0, 1]}","{""preds"": [60.72, 39.28, 0.0], ""scorePred"": [1, 0]}","{""preds"": [48.6, 51.4, 0.0], ""scorePred"": [1, 2]}","{""preds"": [62.55, 37.45, 0.0], ""scorePred"": [1, 0]}","{""preds"": [63.23, 36.77, 0.0], ""scorePred"": [1, 0]}","{""preds"": [43.8, 56.2, 0.0], ""scorePred"": [1, 2]}","{""preds"": [0.0, 100.0, 0.0], ""scorePred"": [2, 9]}","{""preds"": [20.28, 79.72, 0.0], ""scorePred"": [2, 8]}","{""preds"": [66.55, 33.45, 0.0], ""scorePred"": [1, 0]}","{""preds"": [38.54, 61.46, 0.0], ""scorePred"": [1, 2]}","{""preds"": [66.07, 33.93, 0.0], ""scorePred"": [1, 0]}","{""preds"": [62.85, 37.15, 0.0], ""scorePred"": [1, 0]}","{""preds"": [54.42, 45.58, 0.0], ""scorePred"": [1, 0]}","{""preds"": [57.32, 42.68, 0.0], ""scorePred"": [1, 0]}","{""preds"": [42.56, 57.44, 0.0], ""scorePred"": [1, 2]}","{""preds"": [42.34, 57.66, 0.0], ""scorePred"": [1, 2]}","{""preds"": [60.65, 39.35, 0.0], ""scorePred"": [1, 0]}","{""preds"": [47.72, 52.28, 0.0], ""scorePred"": [1, 2]}","{""preds"": [43.97, 56.03, 0.0], ""scorePred"": [1, 2]}","{""preds"": [47.81, 52.19, 0.0], ""scorePred"": [0, 1]}","{""preds"": [65.43, 34.57, 0.0], ""scorePred"": [1, 0]}","{""preds"": [78.76, 21.24, 0.0], ""scorePred"": [1, 0]}","{""preds"": [59.61, 40.39, 0.0], ""scorePred"": [1, 0]}"
CY,"{""preds"": [21.59, 32.53, 45.88], ""scorePred"": [0, 0]}","{""preds"": [11.91, 60.65, 27.44], ""scorePred"": [0, 1]}","{""preds"": [11.72, 60.77, 27.51], ""scorePred"": [0, 1]}","{""preds"": [12.18, 60.32, 27.5], ""scorePred"": [0, 1]}",,"{""preds"": [64.48, 33.48, 2.04], ""scorePred"": [8, 2]}","{""preds"": [12.43, 59.92, 27.65], ""scorePred"": [0, 1]}","{""preds"": [12.29, 59.54, 28.17], ""scorePred"": [0, 1]}","{""preds"": [63.44, 34.96, 1.6], ""scorePred"": [9, 2]}","{""preds"": [17.74, 44.92, 37.34], ""scorePred"": [0, 1]}","{""preds"": [64.18, 34.02, 1.8], ""scorePred"": [8, 2]}","{""preds"": [62.98, 35.24, 1.78], ""scorePred"": [8, 2]}","{""preds"": [15.99, 50.21, 33.8], ""scorePred"": [0, 1]}","{""preds"": [11.84, 61.8, 26.36], ""scorePred"": [0, 1]}","{""preds"": [16.8, 47.43, 35.77], ""scorePred"": [0, 1]}","{""preds"": [16.98, 48.44, 34.58], ""scorePred"": [0, 1]}","{""preds"": [63.68, 34.55, 1.77], ""scorePred"": [10, 2]}","{""preds"": [35.59, 0.0, 64.41], ""scorePred"": [0, 0]}","{""preds"": [29.76, 14.02, 56.22], ""scorePred"": [0, 0]}","{""preds"": [17.07, 44.32, 38.61], ""scorePred"": [0, 1]}","{""preds"": [64.42, 34.38, 1.2], ""scorePred"": [9, 2]}","{""preds"": [17.99, 44.14, 37.87], ""scorePred"": [0, 1]}","{""preds"": [16.82, 48.17, 35.01], ""scorePred"": [0, 1]}","{""preds"": [14.16, 54.86, 30.98], ""scorePred"": [0, 1]}","{""preds"": [14.94, 52.52, 32.54], ""scorePred"": [0, 1]}","{""preds"": [64.01, 34.44, 1.55], ""scorePred"": [9, 2]}","{""preds"": [63.7, 34.76, 1.54], ""scorePred"": [8, 2]}","{""preds"": [16.0, 49.35, 34.65], ""scorePred"": [0, 1]}","{""preds"": [64.62, 33.56, 1.82], ""scorePred"": [8, 2]}","{""preds"": [64.64, 33.66, 1.7], ""scorePred"": [9, 2]}","{""preds"": [63.26, 34.56, 2.18], ""scorePred"": [8, 2]}","{""preds"": [17.63, 45.27, 37.1], ""scorePred"": [0, 1]}","{""preds"": [23.43, 30.46, 46.11], ""scorePred"": [0, 0]}","{""preds"": [15.87, 50.84, 33.29], ""scorePred"": [0, 1]}","{""preds"": [40.2, 59.8, 0.0], ""scorePred"": [0, 1]}","{""preds"": [17.01, 82.99, 0.0], ""scorePred"": [0, 1]}","{""preds"": [15.92, 84.08, 0.0], ""scorePred"": [0, 1]}","{""preds"": [17.04, 82.96, 0.0], ""scorePred"": [0, 1]}",,"{""preds"": [64.67, 35.33, 0.0], ""scorePred"": [8, 2]}","{""preds"": [17.48, 82.52, 0.0], ""scorePred"": [0, 1]}","{""preds"": [16.74, 83.26, 0.0], ""scorePred"": [0, 1]}","{""preds"": [64.72, 35.28, 0.0], ""scorePred"": [9, 2]}","{""preds"": [27.44, 72.56, 0.0], ""scorePred"": [0, 1]}","{""preds"": [64.3, 35.7, 0.0], ""scorePred"": [10, 2]}","{""preds"": [65.93, 34.07, 0.0], ""scorePred"": [8, 2]}","{""preds"": [23.29, 76.71, 0.0], ""scorePred"": [0, 1]}","{""preds"": [15.64, 84.36, 0.0], ""scorePred"": [0, 1]}","{""preds"": [25.57, 74.43, 0.0], ""scorePred"": [0, 1]}","{""preds"": [25.57, 74.43, 0.0], ""scorePred"": [0, 1]}","{""preds"": [64.47, 35.53, 0.0], ""scorePred"": [9, 2]}","{""preds"": [100.0, 0.0, 0.0], ""scorePred"": [1, 0]}","{""preds"": [69.46, 30.54, 0.0], ""scorePred"": [1, 0]}","{""preds"": [29.95, 70.05, 0.0], ""scorePred"": [0, 1]}","{""preds"": [65.45, 34.55, 0.0], ""scorePred"": [9, 2]}","{""preds"": [28.28, 71.72, 0.0], ""scorePred"": [0, 1]}","{""preds"": [24.31, 75.69, 0.0], ""scorePred"": [0, 1]}","{""preds"": [20.37, 79.63, 0.0], ""scorePred"": [0, 1]}","{""preds"": [22.03, 77.97, 0.0], ""scorePred"": [0, 1]}","{""preds"": [65.83, 34.17, 0.0], ""scorePred"": [10, 2]}","{""preds"": [64.78, 35.22, 0.0], ""scorePred"": [10, 2]}","{""preds"": [25.11, 74.89, 0.0], ""scorePred"": [0, 1]}","{""preds"": [65.64, 34.36, 0.0], ""scorePred"": [9, 2]}","{""preds"": [65.83, 34.17, 0.0], ""scorePred"": [10, 2]}","{""preds"": [65.2, 34.8, 0.0], ""scorePred"": [10, 2]}","{""preds"": [28.09, 71.91, 0.0], ""scorePred"": [0, 1]}","{""preds"": [44.16, 55.84, 0.0], ""scorePred"": [0, 1]}","{""preds"": [23.07, 76.93, 0.0], ""scorePred"": [0, 1]}"
CZ,"{""preds"": [50.5, 18.2, 31.3], ""scorePred"": [1, 0]}","{""preds"": [32.05, 42.05, 25.9], ""scorePred"": [0, 1]}","{""preds"": [33.03, 40.51, 26.46], ""scorePred"": [0, 1]}","{""preds"": [33.7, 40.09, 26.21], ""scorePred"": [0, 1]}","{""preds"": [33.03, 64.6, 2.37], ""scorePred"": [2, 10]}",,"{""preds"": [33.99, 39.56, 26.45], ""scorePred"": [0, 1]}","{""preds"": [34.2, 39.51, 26.29], ""scorePred"": [0, 1]}","{""preds"": [27.29, 48.21, 24.5], ""scorePred"": [1, 2]}","{""preds"": [43.35, 27.48, 29.17], ""scorePred"": [1, 0]}","{""preds"": [30.37, 43.74, 25.89], ""scorePred"": [0, 1]}","{""preds"": [31.95, 41.9, 26.15], ""scorePred"": [0, 1]}","{""preds"": [40.07, 32.03, 27.9], ""scorePred"": [1, 0]}","{""preds"": [31.56, 43.24, 25.2], ""scorePred"": [0, 1]}","{""preds"": [41.66, 28.49, 29.85], ""scorePred"": [1, 0]}","{""preds"": [41.43, 28.8, 29.77], ""scorePred"": [1, 0]}","{""preds"": [29.7, 45.39, 24.91], ""scorePred"": [0, 1]}","{""preds"": [0.0, 99.98, 0.02], ""scorePred"": [2, 8]}","{""preds"": [19.61, 79.74, 0.65], ""scorePred"": [2, 8]}","{""preds"": [44.59, 25.81, 29.6], ""scorePred"": [1, 0]}","{""preds"": [25.62, 51.26, 23.12], ""scorePred"": [1, 2]}","{""preds"": [44.22, 26.82, 28.96], ""scorePred"": [1, 0]}","{""preds"": [41.39, 29.58, 29.03], ""scorePred"": [1, 0]}","{""preds"": [37.47, 34.64, 27.89], ""scorePred"": [1, 0]}","{""preds"": [38.81, 33.38, 27.81], ""scorePred"": [1, 0]}","{""preds"": [29.82, 46.03, 24.15], ""scorePred"": [0, 1]}","{""preds"": [27.9, 47.24, 24.86], ""scorePred"": [0, 1]}","{""preds"": [40.38, 30.8, 28.82], ""scorePred"": [1, 0]}","{""preds"": [31.44, 42.73, 25.83], ""scorePred"": [0, 1]}","{""preds"": [29.69, 45.01, 25.3], ""scorePred"": [0, 1]}","{""preds"": [31.16, 42.12, 26.72], ""scorePred"": [0, 1]}","{""preds"": [42.93, 27.68, 29.39], ""scorePred"": [1, 0]}","{""preds"": [51.96, 16.72, 31.32], ""scorePred"": [1, 0]}","{""preds"": [39.36, 32.56, 28.08], ""scorePred"": [1, 0]}","{""preds"": [72.12, 27.88, 0.0], ""scorePred"": [1, 0]}","{""preds"": [44.93, 55.07, 0.0], ""scorePred"": [0, 1]}","{""preds"": [43.19, 56.81, 0.0], ""scorePred"": [0, 1]}","{""preds"": [45.39, 54.61, 0.0], ""scorePred"": [0, 1]}","{""preds"": [34.42, 65.58, 0.0], ""scorePred"": [2, 9]}",,"{""preds"": [45.65, 54.35, 0.0], ""scorePred"": [0, 1]}","{""preds"": [43.45, 56.55, 0.0], ""scorePred"": [0, 1]}","{""preds"": [36.15, 63.85, 0.0], ""scorePred"": [0, 1]}","{""preds"": [61.27, 38.73, 0.0], ""scorePred"": [1, 0]}","{""preds"": [40.86, 59.14, 0.0], ""scorePred"": [0, 1]}","{""preds"": [43.54, 56.46, 0.0], ""scorePred"": [0, 1]}","{""preds"": [55.72, 44.28, 0.0], ""scorePred"": [1, 0]}","{""preds"": [42.51, 57.49, 0.0], ""scorePred"": [0, 1]}","{""preds"": [59.4, 40.6, 0.0], ""scorePred"": [1, 0]}","{""preds"": [57.05, 42.95, 0.0], ""scorePred"": [1, 0]}","{""preds"": [40.24, 59.76, 0.0], ""scorePred"": [0, 1]}","{""preds"": [0.0, 100.0, 0.0], ""scorePred"": [2, 9]}","{""preds"": [19.52, 80.48, 0.0], ""scorePred"": [2, 9]}","{""preds"": [62.31, 37.69, 0.0], ""scorePred"": [1, 0]}","{""preds"": [33.25, 66.75, 0.0], ""scorePred"": [1, 2]}","{""preds"": [62.18, 37.82, 0.0], ""scorePred"": [1, 0]}","{""preds"": [57.62, 42.38, 0.0], ""scorePred"": [1, 0]}","{""preds"": [49.97, 50.03, 0.0], ""scorePred"": [0, 1]}","{""preds"": [51.92, 48.08, 0.0], ""scorePred"": [1, 0]}","{""preds"": [38.55, 61.45, 0.0], ""scorePred"": [0, 1]}","{""preds"": [37.35, 62.65, 0.0], ""scorePred"": [0, 1]}","{""preds"": [58.13, 41.87, 0.0], ""scorePred"": [1, 0]}","{""preds"": [42.61, 57.39, 0.0], ""scorePred"": [0, 1]}","{""preds"": [40.85, 59.15, 0.0], ""scorePred"": [0, 1]}","{""preds"": [42.04, 57.96, 0.0], ""scorePred"": [0, 1]}","{""preds"": [61.7, 38.3, 0.0], ""scorePred"": [1, 0]}","{""preds"": [76.69, 23.31, 0.0], ""scorePred"": [1, 0]}","{""preds"": [55.28, 44.72, 0.0], ""scorePred"": [1, 0]}"
DK,"{""preds"": [53.95, 17.32, 28.73], ""scorePred"": [1, 0]}","{""preds"": [35.49, 38.24, 26.27], ""scorePred"": [1, 2]}","{""preds"": [36.22, 38.7, 25.08], ""scorePred"": [0, 1]}","{""preds"": [36.5, 37.82, 25.68], ""scorePred"": [0, 1]}","{""preds"": [60.32, 12.58, 27.1], ""scorePred"": [1, 0]}","{""preds"": [39.36, 33.31, 27.33], ""scorePred"": [1, 0]}",,"{""preds"": [36.35, 37.85, 25.8], ""scorePred"": [0, 1]}","{""preds"": [29.73, 46.79, 23.48], ""scorePred"": [1, 2]}","{""preds"": [47.15, 25.58, 27.27], ""scorePred"": [1, 0]}","{""preds"": [33.27, 41.47, 25.26], ""scorePred"": [0, 1]}","{""preds"": [35.6, 38.41, 25.99], ""scorePred"": [0, 1]}","{""preds"": [43.17, 29.25, 27.58], ""scorePred"": [1, 0]}","{""preds"": [34.91, 40.58, 24.51], ""scorePred"": [0, 1]}","{""preds"": [46.3, 26.08, 27.62], ""scorePred"": [1, 0]}","{""preds"": [44.54, 28.08, 27.38], ""scorePred"": [1, 0]}","{""preds"": [33.18, 42.93, 23.89], ""scorePred"": [0, 1]}","{""preds"": [0.0, 99.98, 0.02], ""scorePred"": [2, 9]}","{""preds"": [20.28, 79.1, 0.62], ""scorePred"": [2, 9]}","{""preds"": [47.62, 24.87, 27.51], ""scorePred"": [1, 0]}","{""preds"": [29.53, 47.41, 23.06], ""scorePred"": [1, 2]}","{""preds"": [46.3, 25.72, 27.98], ""scorePred"": [1, 0]}","{""preds"": [45.43, 27.23, 27.34], ""scorePred"": [1, 0]}","{""preds"": [39.95, 33.56, 26.49], ""scorePred"": [1, 0]}","{""preds"": [42.14, 30.38, 27.48], ""scorePred"": [1, 0]}","{""preds"": [31.7, 43.92, 24.38], ""scorePred"": [1, 2]}","{""preds"": [30.89, 45.15, 23.96], ""scorePred"": [1, 2]}","{""preds"": [44.1, 27.77, 28.13], ""scorePred"": [1, 0]}","{""preds"": [35.0, 40.57, 24.43], ""scorePred"": [0, 1]}","{""preds"": [32.75, 43.33, 23.92], ""scorePred"": [0, 1]}","{""preds"": [34.34, 40.21, 25.45], ""scorePred"": [1, 2]}","{""preds"": [46.03, 25.76, 28.21], ""scorePred"": [1, 0]}","{""preds"": [56.85, 15.23, 27.92], ""scorePred"": [1, 0]}","{""preds"": [42.63, 30.56, 26.81], ""scorePred"": [1, 0]}","{""preds"": [75.44, 24.56, 0.0], ""scorePred"": [1, 0]}","{""preds"": [49.12, 50.88, 0.0], ""scorePred"": [0, 1]}","{""preds"": [47.82, 52.18, 0.0], ""scorePred"": [0, 1]}","{""preds"": [48.87, 51.13, 0.0], ""scorePred"": [0, 1]}","{""preds"": [83.19, 16.81, 0.0], ""scorePred"": [1, 0]}","{""preds"": [54.21, 45.79, 0.0], ""scorePred"": [1, 0]}",,"{""preds"": [48.41, 51.59, 0.0], ""scorePred"": [0, 1]}","{""preds"": [39.24, 60.76, 0.0], ""scorePred"": [1, 2]}","{""preds"": [65.52, 34.48, 0.0], ""scorePred"": [1, 0]}","{""preds"": [45.29, 54.71, 0.0], ""scorePred"": [0, 1]}","{""preds"": [47.03, 52.97, 0.0], ""scorePred"": [0, 1]}","{""preds"": [58.94, 41.06, 0.0], ""scorePred"": [1, 0]}","{""preds"": [46.92, 53.08, 0.0], ""scorePred"": [0, 1]}","{""preds"": [61.94, 38.06, 0.0], ""scorePred"": [1, 0]}","{""preds"": [61.25, 38.75, 0.0], ""scorePred"": [1, 0]}","{""preds"": [44.48, 55.52, 0.0], ""scorePred"": [0, 1]}","{""preds"": [0.0, 100.0, 0.0], ""scorePred"": [2, 9]}","{""preds"": [18.55, 81.45, 0.0], ""scorePred"": [2, 7]}","{""preds"": [66.31, 33.69, 0.0], ""scorePred"": [1, 0]}","{""preds"": [37.2, 62.8, 0.0], ""scorePred"": [1, 2]}","{""preds"": [65.59, 34.41, 0.0], ""scorePred"": [1, 0]}","{""preds"": [61.01, 38.99, 0.0], ""scorePred"": [1, 0]}","{""preds"": [54.41, 45.59, 0.0], ""scorePred"": [1, 0]}","{""preds"": [57.99, 42.01, 0.0], ""scorePred"": [1, 0]}","{""preds"": [42.88, 57.12, 0.0], ""scorePred"": [1, 2]}","{""preds"": [40.57, 59.43, 0.0], ""scorePred"": [1, 2]}","{""preds"": [60.79, 39.21, 0.0], ""scorePred"": [1, 0]}","{""preds"": [47.0, 53.0, 0.0], ""scorePred"": [0, 1]}","{""preds"": [42.77, 57.23, 0.0], ""scorePred"": [1, 2]}","{""preds"": [46.35, 53.65, 0.0], ""scorePred"": [0, 1]}","{""preds"": [64.16, 35.84, 0.0], ""scorePred"": [1, 0]}","{""preds"": [78.88, 21.12, 0.0], ""scorePred"": [1, 0]}","{""preds"": [58.27, 41.73, 0.0], ""scorePred"": [1, 0]}"
DD,"{""preds"": [55.63, 16.75, 27.62], ""scorePred"": [1, 0]}","{""preds"": [37.78, 36.96, 25.26], ""scorePred"": [1, 0]}","{""preds"": [36.84, 38.16, 25.0], ""scorePred"": [0, 1]}","{""preds"": [37.06, 37.54, 25.4], ""scorePred"": [0, 1]}","{""preds"": [60.5, 11.85, 27.65], ""scorePred"": [1, 0]}","{""preds"": [40.45, 33.3, 26.25], ""scorePred"": [1, 0]}","{""preds"": [38.21, 36.7, 25.09], ""scorePred"": [1, 0]}",,"{""preds"": [31.16, 45.19, 23.65], ""scorePred"": [1, 2]}","{""preds"": [47.35, 25.52, 27.13], ""scorePred"": [1, 0]}","{""preds"": [34.19, 40.47, 25.34], ""scorePred"": [1, 2]}","{""preds"": [35.23, 39.37, 25.4], ""scorePred"": [0, 1]}","{""preds"": [44.17, 29.05, 26.78], ""scorePred"": [1, 0]}","{""preds"": [35.61, 39.32, 25.07], ""scorePred"": [0, 1]}","{""preds"": [47.12, 26.22, 26.66], ""scorePred"": [1, 0]}","{""preds"": [44.82, 27.93, 27.25], ""scorePred"": [1, 0]}","{""preds"": [33.04, 42.68, 24.28], ""scorePred"": [1, 2]}","{""preds"": [0.0, 99.99, 0.01], ""scorePred"": [2, 10]}","{""preds"": [19.47, 80.03, 0.5], ""scorePred"": [2, 10]}","{""preds"": [48.44, 24.64, 26.92], ""scorePred"": [1, 0]}","{""preds"": [29.39, 47.7, 22.91], ""scorePred"": [1, 2]}","{""preds"": [47.61, 24.67, 27.72], ""scorePred"": [1, 0]}","{""preds"": [46.1, 26.89, 27.01], ""scorePred"": [1, 0]}","{""preds"": [41.08, 32.58, 26.34], ""scorePred"": [1, 0]}","{""preds"": [43.32, 30.03, 26.65], ""scorePred"": [1, 0]}","{""preds"": [32.97, 43.08, 23.95], ""scorePred"": [1, 2]}","{""preds"": [32.25, 44.41, 23.34], ""scorePred"": [1, 2]}","{""preds"": [44.22, 28.45, 27.33], ""scorePred"": [1, 0]}","{""preds"": [34.77, 39.99, 25.24], ""scorePred"": [1, 2]}","{""preds"": [33.36, 41.89, 24.75], ""scorePred"": [1, 2]}","{""preds"": [35.99, 39.23, 24.78], ""scorePred"": [0, 1]}","{""preds"": [47.78, 24.82, 27.4], ""scorePred"": [1, 0]}","{""preds"": [57.3, 14.8, 27.9], ""scorePred"": [1, 0]}","{""preds"": [43.57, 29.46, 26.97], ""scorePred"": [1, 0]}","{""preds"": [76.27, 23.73, 0.0], ""scorePred"": [1, 0]}","{""preds"": [49.14, 50.86, 0.0], ""scorePred"": [0, 1]}","{""preds"": [47.55, 52.45, 0.0], ""scorePred"": [0, 1]}","{""preds"": [49.79, 50.21, 0.0], ""scorePred"": [1, 2]}","{""preds"": [83.46, 16.54, 0.0], ""scorePred"": [1, 0]}","{""preds"": [54.8, 45.2, 0.0], ""scorePred"": [1, 0]}","{""preds"": [50.42, 49.58, 0.0], ""scorePred"": [1, 0]}",,"{""preds"": [40.29, 59.71, 0.0], ""scorePred"": [1, 2]}","{""preds"": [65.77, 34.23, 0.0], ""scorePred"": [1, 0]}","{""preds"": [44.77, 55.23, 0.0], ""scorePred"": [1, 2]}","{""preds"": [48.49, 51.51, 0.0], ""scorePred"": [0, 1]}","{""preds"": [60.35, 39.65, 0.0], ""scorePred"": [1, 0]}","{""preds"": [47.36, 52.64, 0.0], ""scorePred"": [0, 1]}","{""preds"": [61.94, 38.06, 0.0], ""scorePred"": [1, 0]}","{""preds"": [62.04, 37.96, 0.0], ""scorePred"": [1, 0]}","{""preds"": [44.72, 55.28, 0.0], ""scorePred"": [1, 2]}","{""preds"": [0.0, 100.0, 0.0], ""scorePred"": [2, 9]}","{""preds"": [19.02, 80.98, 0.0], ""scorePred"": [2, 11]}","{""preds"": [66.91, 33.09, 0.0], ""scorePred"": [1, 0]}","{""preds"": [38.1, 61.9, 0.0], ""scorePred"": [1, 2]}","{""preds"": [65.4, 34.6, 0.0], ""scorePred"": [1, 0]}","{""preds"": [61.49, 38.51, 0.0], ""scorePred"": [1, 0]}","{""preds"": [55.52, 44.48, 0.0], ""scorePred"": [1, 0]}","{""preds"": [58.24, 41.76, 0.0], ""scorePred"": [1, 0]}","{""preds"": [43.84, 56.16, 0.0], ""scorePred"": [1, 2]}","{""preds"": [42.18, 57.82, 0.0], ""scorePred"": [1, 2]}","{""preds"": [60.93, 39.07, 0.0], ""scorePred"": [1, 0]}","{""preds"": [47.73, 52.27, 0.0], ""scorePred"": [1, 2]}","{""preds"": [45.15, 54.85, 0.0], ""scorePred"": [1, 2]}","{""preds"": [48.24, 51.76, 0.0], ""scorePred"": [0, 1]}","{""preds"": [64.98, 35.02, 0.0], ""scorePred"": [1, 0]}","{""preds"": [80.02, 19.98, 0.0], ""scorePred"": [1, 0]}","{""preds"": [59.15, 40.85, 0.0], ""scorePred"": [1, 0]}"
GB-ENG,"{""preds"": [63.85, 13.15, 23.0], ""scorePred"": [1, 0]}","{""preds"": [45.53, 31.56, 22.91], ""scorePred"": [2, 1]}","{""preds"": [44.42, 31.91, 23.67], ""scorePred"": [2, 1]}","{""preds"": [45.51, 31.11, 23.38], ""scorePred"": [2, 1]}","{""preds"": [35.1, 63.37, 1.53], ""scorePred"": [2, 11]}","{""preds"": [48.88, 27.26, 23.86], ""scorePred"": [2, 1]}","{""preds"": [45.71, 30.68, 23.61], ""scorePred"": [2, 1]}","{""preds"": [45.7, 30.58, 23.72], ""scorePred"": [2, 1]}",,"{""preds"": [55.71, 20.17, 24.12], ""scorePred"": [1, 0]}","{""preds"": [42.63, 34.41, 22.96], ""scorePred"": [2, 1]}","{""preds"": [43.49, 33.1, 23.41], ""scorePred"": [2, 1]}","{""preds"": [53.03, 22.92, 24.05], ""scorePred"": [1, 0]}","{""preds"": [44.26, 32.83, 22.91], ""scorePred"": [2, 1]}","{""preds"": [55.08, 21.32, 23.6], ""scorePred"": [1, 0]}","{""preds"": [53.76, 22.28, 23.96], ""scorePred"": [1, 0]}","{""preds"": [41.78, 34.88, 23.34], ""scorePred"": [2, 1]}","{""preds"": [0.0, 99.99, 0.01], ""scorePred"": [2, 11]}","{""preds"": [19.34, 80.24, 0.42], ""scorePred"": [2, 9]}","{""preds"": [56.72, 18.82, 24.46], ""scorePred"": [1, 0]}","{""preds"": [37.0, 40.56, 22.44], ""scorePred"": [1, 2]}","{""preds"": [56.1, 19.36, 24.54], ""scorePred"": [1, 0]}","{""preds"": [54.0, 22.07, 23.93], ""scorePred"": [1, 0]}","{""preds"": [49.8, 26.57, 23.63], ""scorePred"": [1, 0]}","{""preds"": [51.23, 24.39, 24.38], ""scorePred"": [1, 0]}","{""preds"": [39.81, 37.01, 23.18], ""scorePred"": [2, 1]}","{""preds"": [40.27, 36.52, 23.21], ""scorePred"": [2, 1]}","{""preds"": [52.9, 22.72, 24.38], ""scorePred"": [1, 0]}","{""preds"": [43.9, 32.14, 23.96], ""scorePred"": [2, 1]}","{""preds"": [41.42, 35.2, 23.38], ""scorePred"": [2, 1]}","{""preds"": [42.76, 33.02, 24.22], ""scorePred"": [2, 1]}","{""preds"": [55.61, 20.24, 24.15], ""scorePred"": [1, 0]}","{""preds"": [65.15, 11.5, 23.35], ""scorePred"": [1, 0]}","{""preds"": [51.98, 24.17, 23.85], ""scorePred"": [1, 0]}","{""preds"": [82.99, 17.01, 0.0], ""scorePred"": [1, 0]}","{""preds"": [58.64, 41.36, 0.0], ""scorePred"": [2, 1]}","{""preds"": [57.9, 42.1, 0.0], ""scorePred"": [2, 1]}","{""preds"": [59.74, 40.26, 0.0], ""scorePred"": [2, 1]}","{""preds"": [35.49, 64.51, 0.0], ""scorePred"": [2, 10]}","{""preds"": [63.86, 36.14, 0.0], ""scorePred"": [2, 1]}","{""preds"": [60.37, 39.63, 0.0], ""scorePred"": [2, 1]}","{""preds"": [59.31, 40.69, 0.0], ""scorePred"": [2, 1]}",,"{""preds"": [74.44, 25.56, 0.0], ""scorePred"": [1, 0]}","{""preds"": [56.22, 43.78, 0.0], ""scorePred"": [2, 1]}","{""preds"": [57.96, 42.04, 0.0], ""scorePred"": [2, 1]}","{""preds"": [69.56, 30.44, 0.0], ""scorePred"": [1, 0]}","{""preds"": [57.43, 42.57, 0.0], ""scorePred"": [2, 1]}","{""preds"": [72.6, 27.4, 0.0], ""scorePred"": [1, 0]}","{""preds"": [70.65, 29.35, 0.0], ""scorePred"": [1, 0]}","{""preds"": [54.89, 45.11, 0.0], ""scorePred"": [2, 1]}","{""preds"": [0.0, 100.0, 0.0], ""scorePred"": [2, 9]}","{""preds"": [19.41, 80.59, 0.0], ""scorePred"": [2, 10]}","{""preds"": [74.7, 25.3, 0.0], ""scorePred"": [1, 0]}","{""preds"": [47.31, 52.69, 0.0], ""scorePred"": [1, 2]}","{""preds"": [73.64, 26.36, 0.0], ""scorePred"": [1, 0]}","{""preds"": [71.22, 28.78, 0.0], ""scorePred"": [1, 0]}","{""preds"": [65.12, 34.88, 0.0], ""scorePred"": [1, 0]}","{""preds"": [66.65, 33.35, 0.0], ""scorePred"": [2, 1]}","{""preds"": [52.34, 47.66, 0.0], ""scorePred"": [2, 1]}","{""preds"": [51.16, 48.84, 0.0], ""scorePred"": [2, 1]}","{""preds"": [70.34, 29.66, 0.0], ""scorePred"": [1, 0]}","{""preds"": [56.08, 43.92, 0.0], ""scorePred"": [2, 1]}","{""preds"": [54.46, 45.54, 0.0], ""scorePred"": [2, 1]}","{""preds"": [56.82, 43.18, 0.0], ""scorePred"": [2, 1]}","{""preds"": [74.0, 26.0, 0.0], ""scorePred"": [1, 0]}","{""preds"": [84.78, 15.22, 0.0], ""scorePred"": [1, 0]}","{""preds"": [69.0, 31.0, 0.0], ""scorePred"": [1, 0]}"
FI,"{""preds"": [40.5, 24.65, 34.85], ""scorePred"": [1, 0]}","{""preds"": [25.7, 47.28, 27.02], ""scorePred"": [0, 1]}","{""preds"": [23.96, 49.36, 26.68], ""scorePred"": [0, 1]}","{""preds"": [24.98, 47.39, 27.63], ""scorePred"": [0, 1]}","{""preds"": [44.31, 17.84, 37.85], ""scorePred"": [1, 0]}","{""preds"": [27.59, 42.97, 29.44], ""scorePred"": [0, 1]}","{""preds"": [26.15, 45.52, 28.33], ""scorePred"": [0, 1]}","{""preds"": [25.02, 47.65, 27.33], ""scorePred"": [0, 1]}","{""preds"": [19.68, 56.63, 23.69], ""scorePred"": [0, 1]}",,"{""preds"": [22.87, 51.87, 25.26], ""scorePred"": [0, 1]}","{""preds"": [23.57, 50.4, 26.03], ""scorePred"": [0, 1]}","{""preds"": [30.98, 38.49, 30.53], ""scorePred"": [0, 1]}","{""preds"": [23.79, 50.05, 26.16], ""scorePred"": [0, 1]}","{""preds"": [32.65, 35.94, 31.41], ""scorePred"": [0, 1]}","{""preds"": [32.14, 37.08, 30.78], ""scorePred"": [0, 1]}","{""preds"": [21.47, 52.72, 25.81], ""scorePred"": [0, 1]}","{""preds"": [59.02, 0.0, 40.98], ""scorePred"": [1, 0]}","{""preds"": [51.63, 8.79, 39.58], ""scorePred"": [1, 0]}","{""preds"": [34.14, 32.79, 33.07], ""scorePred"": [1, 0]}","{""preds"": [19.22, 58.08, 22.7], ""scorePred"": [0, 1]}","{""preds"": [34.29, 33.21, 32.5], ""scorePred"": [1, 0]}","{""preds"": [31.1, 37.49, 31.41], ""scorePred"": [0, 1]}","{""preds"": [27.63, 42.02, 30.35], ""scorePred"": [0, 1]}","{""preds"": [29.28, 40.77, 29.95], ""scorePred"": [0, 1]}","{""preds"": [21.1, 53.52, 25.38], ""scorePred"": [0, 1]}","{""preds"": [21.21, 54.34, 24.45], ""scorePred"": [0, 1]}","{""preds"": [31.16, 37.74, 31.1], ""scorePred"": [0, 1]}","{""preds"": [23.25, 50.43, 26.32], ""scorePred"": [0, 1]}","{""preds"": [21.99, 52.93, 25.08], ""scorePred"": [0, 1]}","{""preds"": [23.52, 49.74, 26.74], ""scorePred"": [0, 1]}","{""preds"": [34.24, 33.02, 32.74], ""scorePred"": [1, 0]}","{""preds"": [41.48, 21.3, 37.22], ""scorePred"": [1, 0]}","{""preds"": [29.8, 38.78, 31.42], ""scorePred"": [0, 1]}","{""preds"": [63.95, 36.05, 0.0], ""scorePred"": [1, 0]}","{""preds"": [33.58, 66.42, 0.0], ""scorePred"": [0, 1]}","{""preds"": [32.76, 67.24, 0.0], ""scorePred"": [0, 1]}","{""preds"": [34.23, 65.77, 0.0], ""scorePred"": [0, 1]}","{""preds"": [71.66, 28.34, 0.0], ""scorePred"": [1, 0]}","{""preds"": [38.99, 61.01, 0.0], ""scorePred"": [0, 1]}","{""preds"": [35.63, 64.37, 0.0], ""scorePred"": [0, 1]}","{""preds"": [33.99, 66.01, 0.0], ""scorePred"": [0, 1]}","{""preds"": [25.86, 74.14, 0.0], ""scorePred"": [0, 1]}",,"{""preds"": [31.55, 68.45, 0.0], ""scorePred"": [0, 1]}","{""preds"": [33.65, 66.35, 0.0], ""scorePred"": [0, 1]}","{""preds"": [44.75, 55.25, 0.0], ""scorePred"": [0, 1]}","{""preds"": [32.56, 67.44, 0.0], ""scorePred"": [0, 1]}","{""preds"": [48.37, 51.63, 0.0], ""scorePred"": [0, 1]}","{""preds"": [46.63, 53.37, 0.0], ""scorePred"": [0, 1]}","{""preds"": [29.3, 70.7, 0.0], ""scorePred"": [0, 1]}","{""preds"": [100.0, 0.0, 0.0], ""scorePred"": [1, 0]}","{""preds"": [85.05, 14.95, 0.0], ""scorePred"": [1, 0]}","{""preds"": [50.99, 49.01, 0.0], ""scorePred"": [1, 0]}","{""preds"": [24.96, 75.04, 0.0], ""scorePred"": [0, 1]}","{""preds"": [51.02, 48.98, 0.0], ""scorePred"": [1, 0]}","{""preds"": [45.71, 54.29, 0.0], ""scorePred"": [0, 1]}","{""preds"": [39.25, 60.75, 0.0], ""scorePred"": [0, 1]}","{""preds"": [41.93, 58.07, 0.0], ""scorePred"": [0, 1]}","{""preds"": [28.12, 71.88, 0.0], ""scorePred"": [0, 1]}","{""preds"": [28.3, 71.7, 0.0], ""scorePred"": [0, 1]}","{""preds"": [45.39, 54.61, 0.0], ""scorePred"": [0, 1]}","{""preds"": [32.03, 67.97, 0.0], ""scorePred"": [0, 1]}","{""preds"": [28.69, 71.31, 0.0], ""scorePred"": [0, 1]}","{""preds"": [32.22, 67.78, 0.0], ""scorePred"": [0, 1]}","{""preds"": [50.49, 49.51, 0.0], ""scorePred"": [1, 0]}","{""preds"": [65.9, 34.1, 0.0], ""scorePred"": [1, 0]}","{""preds"": [45.15, 54.85, 0.0], ""scorePred"": [0, 1]}"
FR,"{""preds"": [59.09, 14.68, 26.23], ""scorePred"": [1, 0]}","{""preds"": [40.7, 34.74, 24.56], ""scorePred"": [2, 1]}","{""preds"": [39.26, 35.95, 24.79], ""scorePred"": [2, 1]}","{""preds"": [40.52, 34.37, 25.11], ""scorePred"": [2, 1]}","{""preds"": [34.57, 63.54, 1.89], ""scorePred"": [2, 8]}","{""preds"": [43.25, 31.05, 25.7], ""scorePred"": [1, 0]}","{""preds"": [40.62, 34.35, 25.03], ""scorePred"": [2, 1]}","{""preds"": [40.17, 35.46, 24.37], ""scorePred"": [2, 1]}","{""preds"": [34.59, 42.18, 23.23], ""scorePred"": [1, 2]}","{""preds"": [51.37, 22.49, 26.14], ""scorePred"": [1, 0]}",,"{""preds"": [38.88, 36.58, 24.54], ""scorePred"": [2, 1]}","{""preds"": [47.36, 26.61, 26.03], ""scorePred"": [1, 0]}","{""preds"": [38.96, 36.88, 24.16], ""scorePred"": [2, 1]}","{""preds"": [49.88, 23.89, 26.23], ""scorePred"": [1, 0]}","{""preds"": [48.39, 25.36, 26.25], ""scorePred"": [1, 0]}","{""preds"": [36.54, 39.12, 24.34], ""scorePred"": [1, 2]}","{""preds"": [0.0, 99.98, 0.02], ""scorePred"": [2, 10]}","{""preds"": [19.78, 79.63, 0.59], ""scorePred"": [2, 9]}","{""preds"": [51.94, 21.97, 26.09], ""scorePred"": [1, 0]}","{""preds"": [32.92, 44.55, 22.53], ""scorePred"": [1, 2]}","{""preds"": [50.93, 22.26, 26.81], ""scorePred"": [1, 0]}","{""preds"": [49.91, 24.57, 25.52], ""scorePred"": [1, 0]}","{""preds"": [43.94, 29.84, 26.22], ""scorePred"": [1, 0]}","{""preds"": [45.91, 28.77, 25.32], ""scorePred"": [1, 0]}","{""preds"": [35.53, 40.42, 24.05], ""scorePred"": [1, 2]}","{""preds"": [35.06, 41.0, 23.94], ""scorePred"": [1, 2]}","{""preds"": [47.72, 25.6, 26.68], ""scorePred"": [1, 0]}","{""preds"": [38.2, 36.88, 24.92], ""scorePred"": [2, 1]}","{""preds"": [37.15, 38.01, 24.84], ""scorePred"": [1, 2]}","{""preds"": [38.55, 36.65, 24.8], ""scorePred"": [2, 1]}","{""preds"": [50.88, 22.63, 26.49], ""scorePred"": [1, 0]}","{""preds"": [60.47, 13.44, 26.09], ""scorePred"": [1, 0]}","{""preds"": [47.13, 26.89, 25.98], ""scorePred"": [1, 0]}","{""preds"": [79.99, 20.01, 0.0], ""scorePred"": [1, 0]}","{""preds"": [53.13, 46.87, 0.0], ""scorePred"": [2, 1]}","{""preds"": [52.53, 47.47, 0.0], ""scorePred"": [2, 1]}","{""preds"": [54.36, 45.64, 0.0], ""scorePred"": [1, 0]}","{""preds"": [35.37, 64.63, 0.0], ""scorePred"": [2, 9]}","{""preds"": [58.54, 41.46, 0.0], ""scorePred"": [1, 0]}","{""preds"": [54.74, 45.26, 0.0], ""scorePred"": [1, 0]}","{""preds"": [54.77, 45.23, 0.0], ""scorePred"": [2, 1]}","{""preds"": [44.3, 55.7, 0.0], ""scorePred"": [1, 2]}","{""preds"": [69.89, 30.11, 0.0], ""scorePred"": [1, 0]}",,"{""preds"": [51.24, 48.76, 0.0], ""scorePred"": [2, 1]}","{""preds"": [63.69, 36.31, 0.0], ""scorePred"": [1, 0]}","{""preds"": [52.84, 47.16, 0.0], ""scorePred"": [2, 1]}","{""preds"": [67.41, 32.59, 0.0], ""scorePred"": [1, 0]}","{""preds"": [66.23, 33.77, 0.0], ""scorePred"": [1, 0]}","{""preds"": [47.92, 52.08, 0.0], ""scorePred"": [1, 2]}","{""preds"": [0.0, 100.0, 0.0], ""scorePred"": [2, 8]}","{""preds"": [18.75, 81.25, 0.0], ""scorePred"": [2, 9]}","{""preds"": [70.9, 29.1, 0.0], ""scorePred"": [1, 0]}","{""preds"": [42.15, 57.85, 0.0], ""scorePred"": [1, 2]}","{""preds"": [69.1, 30.9, 0.0], ""scorePred"": [1, 0]}","{""preds"": [65.99, 34.01, 0.0], ""scorePred"": [1, 0]}","{""preds"": [60.03, 39.97, 0.0], ""scorePred"": [1, 0]}","{""preds"": [61.4, 38.6, 0.0], ""scorePred"": [1, 0]}","{""preds"": [48.5, 51.5, 0.0], ""scorePred"": [1, 2]}","{""preds"": [46.19, 53.81, 0.0], ""scorePred"": [1, 2]}","{""preds"": [64.88, 35.12, 0.0], ""scorePred"": [1, 0]}","{""preds"": [50.89, 49.11, 0.0], ""scorePred"": [2, 1]}","{""preds"": [48.87, 51.13, 0.0], ""scorePred"": [1, 2]}","{""preds"": [50.64, 49.36, 0.0], ""scorePred"": [2, 1]}","{""preds"": [69.52, 30.48, 0.0], ""scorePred"": [1, 0]}","{""preds"": [81.24, 18.76, 0.0], ""scorePred"": [1, 0]}","{""preds"": [64.29, 35.71, 0.0], ""scorePred"": [1, 0]}"
DE,"{""preds"": [57.75, 15.63, 26.62], ""scorePred"": [1, 0]}","{""preds"": [39.02, 35.85, 25.13], ""scorePred"": [1, 0]}","{""preds"": [38.72, 37.66, 23.62], ""scorePred"": [2, 1]}","{""preds"": [39.13, 36.19, 24.68], ""scorePred"": [2, 1]}","{""preds"": [34.02, 63.98, 2.0], ""scorePred"": [2, 8]}","{""preds"": [41.39, 32.59, 26.02], ""scorePred"": [1, 0]}","{""preds"": [40.51, 34.41, 25.08], ""scorePred"": [1, 0]}","{""preds"": [39.34, 35.76, 24.9], ""scorePred"": [1, 0]}","{""preds"": [31.45, 44.87, 23.68], ""scorePred"": [1, 2]}","{""preds"": [49.55, 23.36, 27.09], ""scorePred"": [1, 0]}","{""preds"": [36.6, 38.75, 24.65], ""scorePred"": [1, 2]}",,"{""preds"": [46.6, 27.61, 25.79], ""scorePred"": [1, 0]}","{""preds"": [36.75, 38.31, 24.94], ""scorePred"": [1, 2]}","{""preds"": [47.75, 25.34, 26.91], ""scorePred"": [1, 0]}","{""preds"": [46.87, 26.96, 26.17], ""scorePred"": [1, 0]}","{""preds"": [35.32, 40.47, 24.21], ""scorePred"": [1, 2]}","{""preds"": [0.0, 99.98, 0.02], ""scorePred"": [2, 9]}","{""preds"": [19.74, 79.69, 0.57], ""scorePred"": [2, 9]}","{""preds"": [49.76, 22.48, 27.76], ""scorePred"": [1, 0]}","{""preds"": [31.0, 45.96, 23.04], ""scorePred"": [1, 2]}","{""preds"": [50.24, 22.55, 27.21], ""scorePred"": [1, 0]}","{""preds"": [47.55, 25.81, 26.64], ""scorePred"": [1, 0]}","{""preds"": [43.54, 30.94, 25.52], ""scorePred"": [1, 0]}","{""preds"": [44.03, 29.91, 26.06], ""scorePred"": [1, 0]}","{""preds"": [34.87, 41.69, 23.44], ""scorePred"": [1, 2]}","{""preds"": [33.76, 42.02, 24.22], ""scorePred"": [1, 2]}","{""preds"": [46.06, 26.85, 27.09], ""scorePred"": [1, 0]}","{""preds"": [37.06, 38.07, 24.87], ""scorePred"": [1, 2]}","{""preds"": [35.03, 40.87, 24.1], ""scorePred"": [1, 2]}","{""preds"": [37.58, 37.61, 24.81], ""scorePred"": [1, 2]}","{""preds"": [48.99, 23.39, 27.62], ""scorePred"": [1, 0]}","{""preds"": [58.66, 14.94, 26.4], ""scorePred"": [1, 0]}","{""preds"": [46.01, 27.74, 26.25], ""scorePred"": [1, 0]}","{""preds"": [78.04, 21.96, 0.0], ""scorePred"": [1, 0]}","{""preds"": [51.51, 48.49, 0.0], ""scorePred"": [2, 1]}","{""preds"": [50.47, 49.53, 0.0], ""scorePred"": [2, 1]}","{""preds"": [53.01, 46.99, 0.0], ""scorePred"": [1, 0]}","{""preds"": [34.73, 65.27, 0.0], ""scorePred"": [2, 9]}","{""preds"": [56.83, 43.17, 0.0], ""scorePred"": [1, 0]}","{""preds"": [52.85, 47.15, 0.0], ""scorePred"": [1, 0]}","{""preds"": [52.92, 47.08, 0.0], ""scorePred"": [1, 0]}","{""preds"": [42.48, 57.52, 0.0], ""scorePred"": [1, 2]}","{""preds"": [67.54, 32.46, 0.0], ""scorePred"": [1, 0]}","{""preds"": [47.8, 52.2, 0.0], ""scorePred"": [1, 2]}",,"{""preds"": [62.87, 37.13, 0.0], ""scorePred"": [1, 0]}","{""preds"": [48.81, 51.19, 0.0], ""scorePred"": [1, 2]}","{""preds"": [64.57, 35.43, 0.0], ""scorePred"": [1, 0]}","{""preds"": [64.15, 35.85, 0.0], ""scorePred"": [1, 0]}","{""preds"": [47.05, 52.95, 0.0], ""scorePred"": [1, 2]}","{""preds"": [0.0, 100.0, 0.0], ""scorePred"": [2, 9]}","{""preds"": [19.36, 80.64, 0.0], ""scorePred"": [2, 9]}","{""preds"": [68.92, 31.08, 0.0], ""scorePred"": [1, 0]}","{""preds"": [39.99, 60.01, 0.0], ""scorePred"": [1, 2]}","{""preds"": [68.53, 31.47, 0.0], ""scorePred"": [1, 0]}","{""preds"": [64.38, 35.62, 0.0], ""scorePred"": [1, 0]}","{""preds"": [57.59, 42.41, 0.0], ""scorePred"": [1, 0]}","{""preds"": [61.18, 38.82, 0.0], ""scorePred"": [1, 0]}","{""preds"": [45.72, 54.28, 0.0], ""scorePred"": [1, 2]}","{""preds"": [45.03, 54.97, 0.0], ""scorePred"": [1, 2]}","{""preds"": [63.55, 36.45, 0.0], ""scorePred"": [1, 0]}","{""preds"": [49.53, 50.47, 0.0], ""scorePred"": [1, 2]}","{""preds"": [45.9, 54.1, 0.0], ""scorePred"": [1, 2]}","{""preds"": [48.83, 51.17, 0.0], ""scorePred"": [0, 1]}","{""preds"": [68.64, 31.36, 0.0], ""scorePred"": [1, 0]}","{""preds"": [80.02, 19.98, 0.0], ""scorePred"": [1, 0]}","{""preds"": [61.8, 38.2, 0.0], ""scorePred"": [1, 0]}"
GR,"{""preds"": [45.03, 22.19, 32.78], ""scorePred"": [1, 0]}","{""preds"": [28.66, 44.37, 26.97], ""scorePred"": [0, 1]}","{""preds"": [27.95, 45.03, 27.02], ""scorePred"": [0, 1]}","{""preds"": [28.39, 43.71, 27.9], ""scorePred"": [0, 1]}","{""preds"": [50.19, 15.85, 33.96], ""scorePred"": [1, 0]}","{""preds"": [31.39, 40.61, 28.0], ""scorePred"": [0, 1]}","{""preds"": [29.54, 43.73, 26.73], ""scorePred"": [0, 1]}","{""preds"": [28.58, 45.07, 26.35], ""scorePred"": [0, 1]}","{""preds"": [22.91, 53.26, 23.83], ""scorePred"": [0, 1]}","{""preds"": [37.78, 30.66, 31.56], ""scorePred"": [1, 0]}","{""preds"": [26.02, 47.86, 26.12], ""scorePred"": [0, 1]}","{""preds"": [26.51, 46.95, 26.54], ""scorePred"": [0, 1]}",,"{""preds"": [27.48, 45.73, 26.79], ""scorePred"": [0, 1]}","{""preds"": [37.1, 32.58, 30.32], ""scorePred"": [1, 0]}","{""preds"": [36.26, 33.63, 30.11], ""scorePred"": [1, 0]}","{""preds"": [25.88, 48.95, 25.17], ""scorePred"": [0, 1]}","{""preds"": [0.0, 99.94, 0.06], ""scorePred"": [2, 7]}","{""preds"": [56.64, 7.93, 35.43], ""scorePred"": [1, 0]}","{""preds"": [38.67, 30.37, 30.96], ""scorePred"": [1, 0]}","{""preds"": [21.65, 55.11, 23.24], ""scorePred"": [0, 1]}","{""preds"": [38.67, 30.15, 31.18], ""scorePred"": [1, 0]}","{""preds"": [36.08, 33.6, 30.32], ""scorePred"": [1, 0]}","{""preds"": [31.74, 40.26, 28.0], ""scorePred"": [0, 1]}","{""preds"": [33.39, 36.99, 29.62], ""scorePred"": [0, 1]}","{""preds"": [25.06, 50.56, 24.38], ""scorePred"": [0, 1]}","{""preds"": [24.14, 51.3, 24.56], ""scorePred"": [0, 1]}","{""preds"": [35.03, 34.23, 30.74], ""scorePred"": [1, 0]}","{""preds"": [27.28, 46.55, 26.17], ""scorePred"": [0, 1]}","{""preds"": [25.28, 49.62, 25.1], ""scorePred"": [0, 1]}","{""preds"": [27.53, 46.46, 26.01], ""scorePred"": [0, 1]}","{""preds"": [38.08, 30.99, 30.93], ""scorePred"": [1, 0]}","{""preds"": [47.15, 18.93, 33.92], ""scorePred"": [1, 0]}","{""preds"": [34.89, 35.89, 29.22], ""scorePred"": [0, 1]}","{""preds"": [67.94, 32.06, 0.0], ""scorePred"": [1, 0]}","{""preds"": [38.76, 61.24, 0.0], ""scorePred"": [0, 1]}","{""preds"": [37.66, 62.34, 0.0], ""scorePred"": [0, 1]}","{""preds"": [39.76, 60.24, 0.0], ""scorePred"": [0, 1]}","{""preds"": [76.52, 23.48, 0.0], ""scorePred"": [1, 0]}","{""preds"": [44.6, 55.4, 0.0], ""scorePred"": [0, 1]}","{""preds"": [40.16, 59.84, 0.0], ""scorePred"": [0, 1]}","{""preds"": [39.3, 60.7, 0.0], ""scorePred"": [0, 1]}","{""preds"": [31.0, 69.0, 0.0], ""scorePred"": [0, 1]}","{""preds"": [55.65, 44.35, 0.0], ""scorePred"": [1, 0]}","{""preds"": [35.33, 64.67, 0.0], ""scorePred"": [0, 1]}","{""preds"": [37.3, 62.7, 0.0], ""scorePred"": [0, 1]}",,"{""preds"": [36.87, 63.13, 0.0], ""scorePred"": [0, 1]}","{""preds"": [52.37, 47.63, 0.0], ""scorePred"": [1, 0]}","{""preds"": [52.27, 47.73, 0.0], ""scorePred"": [1, 0]}","{""preds"": [34.67, 65.33, 0.0], ""scorePred"": [0, 1]}","{""preds"": [0.0, 100.0, 0.0], ""scorePred"": [2, 8]}","{""preds"": [87.91, 12.09, 0.0], ""scorePred"": [1, 0]}","{""preds"": [57.07, 42.93, 0.0], ""scorePred"": [1, 0]}","{""preds"": [27.88, 72.12, 0.0], ""scorePred"": [0, 1]}","{""preds"": [55.7, 44.3, 0.0], ""scorePred"": [1, 0]}","{""preds"": [51.97, 48.03, 0.0], ""scorePred"": [1, 0]}","{""preds"": [44.52, 55.48, 0.0], ""scorePred"": [0, 1]}","{""preds"": [47.2, 52.8, 0.0], ""scorePred"": [0, 1]}","{""preds"": [33.11, 66.89, 0.0], ""scorePred"": [0, 1]}","{""preds"": [32.16, 67.84, 0.0], ""scorePred"": [0, 1]}","{""preds"": [51.42, 48.58, 0.0], ""scorePred"": [1, 0]}","{""preds"": [37.36, 62.64, 0.0], ""scorePred"": [0, 1]}","{""preds"": [34.01, 65.99, 0.0], ""scorePred"": [0, 1]}","{""preds"": [35.93, 64.07, 0.0], ""scorePred"": [0, 1]}","{""preds"": [54.57, 45.43, 0.0], ""scorePred"": [1, 0]}","{""preds"": [70.26, 29.74, 0.0], ""scorePred"": [1, 0]}","{""preds"": [48.84, 51.16, 0.0], ""scorePred"": [0, 1]}"
HU,"{""preds"": [58.53, 15.45, 26.02], ""scorePred"": [1, 0]}","{""preds"": [38.97, 36.08, 24.95], ""scorePred"": [1, 0]}","{""preds"": [37.47, 37.14, 25.39], ""scorePred"": [1, 0]}","{""preds"": [39.47, 34.88, 25.65], ""scorePred"": [2, 1]}","{""preds"": [62.36, 11.0, 26.64], ""scorePred"": [1, 0]}","{""preds"": [42.19, 31.21, 26.6], ""scorePred"": [1, 0]}","{""preds"": [39.99, 34.38, 25.63], ""scorePred"": [1, 0]}","{""preds"": [39.27, 35.43, 25.3], ""scorePred"": [2, 1]}","{""preds"": [32.84, 43.01, 24.15], ""scorePred"": [1, 2]}","{""preds"": [50.59, 22.19, 27.22], ""scorePred"": [1, 0]}","{""preds"": [36.64, 38.75, 24.61], ""scorePred"": [1, 2]}","{""preds"": [37.55, 37.31, 25.14], ""scorePred"": [2, 1]}","{""preds"": [46.3, 26.78, 26.92], ""scorePred"": [1, 0]}",,"{""preds"": [48.13, 24.76, 27.11], ""scorePred"": [1, 0]}","{""preds"": [46.72, 26.87, 26.41], ""scorePred"": [1, 0]}","{""preds"": [35.44, 40.44, 24.12], ""scorePred"": [1, 2]}","{""preds"": [0.0, 99.99, 0.01], ""scorePred"": [2, 9]}","{""preds"": [19.23, 80.1, 0.67], ""scorePred"": [2, 8]}","{""preds"": [51.26, 22.56, 26.18], ""scorePred"": [1, 0]}","{""preds"": [32.23, 44.87, 22.9], ""scorePred"": [1, 2]}","{""preds"": [50.73, 23.12, 26.15], ""scorePred"": [1, 0]}","{""preds"": [46.49, 26.9, 26.61], ""scorePred"": [1, 0]}","{""preds"": [42.49, 31.6, 25.91], ""scorePred"": [1, 0]}","{""preds"": [44.86, 28.66, 26.48], ""scorePred"": [1, 0]}","{""preds"": [35.52, 40.53, 23.95], ""scorePred"": [1, 2]}","{""preds"": [34.43, 41.79, 23.78], ""scorePred"": [1, 2]}","{""preds"": [47.12, 26.9, 25.98], ""scorePred"": [1, 0]}","{""preds"": [37.24, 37.87, 24.89], ""scorePred"": [1, 2]}","{""preds"": [35.38, 40.42, 24.2], ""scorePred"": [1, 2]}","{""preds"": [37.35, 37.1, 25.55], ""scorePred"": [2, 1]}","{""preds"": [49.73, 23.51, 26.76], ""scorePred"": [1, 0]}","{""preds"": [59.43, 14.37, 26.2], ""scorePred"": [1, 0]}","{""preds"": [45.92, 27.54, 26.54], ""scorePred"": [1, 0]}","{""preds"": [78.47, 21.53, 0.0], ""scorePred"": [1, 0]}","{""preds"": [51.15, 48.85, 0.0], ""scorePred"": [1, 0]}","{""preds"": [50.32, 49.68, 0.0], ""scorePred"": [2, 1]}","{""preds"": [52.85, 47.15, 0.0], ""scorePred"": [1, 0]}","{""preds"": [84.96, 15.04, 0.0], ""scorePred"": [1, 0]}","{""preds"": [57.78, 42.22, 0.0], ""scorePred"": [1, 0]}","{""preds"": [51.92, 48.08, 0.0], ""scorePred"": [1, 0]}","{""preds"": [53.05, 46.95, 0.0], ""scorePred"": [2, 1]}","{""preds"": [43.0, 57.0, 0.0], ""scorePred"": [1, 2]}","{""preds"": [68.38, 31.62, 0.0], ""scorePred"": [1, 0]}","{""preds"": [48.76, 51.24, 0.0], ""scorePred"": [1, 2]}","{""preds"": [51.12, 48.88, 0.0], ""scorePred"": [2, 1]}","{""preds"": [63.54, 36.46, 0.0], ""scorePred"": [1, 0]}",,"{""preds"": [66.46, 33.54, 0.0], ""scorePred"": [1, 0]}","{""preds"": [63.54, 36.46, 0.0], ""scorePred"": [1, 0]}","{""preds"": [47.49, 52.51, 0.0], ""scorePred"": [1, 2]}","{""preds"": [0.0, 100.0, 0.0], ""scorePred"": [2, 8]}","{""preds"": [19.89, 80.11, 0.0], ""scorePred"": [2, 8]}","{""preds"": [68.31, 31.69, 0.0], ""scorePred"": [1, 0]}","{""preds"": [39.24, 60.76, 0.0], ""scorePred"": [1, 2]}","{""preds"": [68.29, 31.71, 0.0], ""scorePred"": [1, 0]}","{""preds"": [64.93, 35.07, 0.0], ""scorePred"": [1, 0]}","{""preds"": [57.36, 42.64, 0.0], ""scorePred"": [1, 0]}","{""preds"": [60.97, 39.03, 0.0], ""scorePred"": [1, 0]}","{""preds"": [45.99, 54.01, 0.0], ""scorePred"": [1, 2]}","{""preds"": [45.26, 54.74, 0.0], ""scorePred"": [1, 2]}","{""preds"": [63.65, 36.35, 0.0], ""scorePred"": [1, 0]}","{""preds"": [49.11, 50.89, 0.0], ""scorePred"": [1, 2]}","{""preds"": [47.71, 52.29, 0.0], ""scorePred"": [1, 2]}","{""preds"": [49.41, 50.59, 0.0], ""scorePred"": [1, 2]}","{""preds"": [68.21, 31.79, 0.0], ""scorePred"": [1, 0]}","{""preds"": [81.46, 18.54, 0.0], ""scorePred"": [1, 0]}","{""preds"": [62.27, 37.73, 0.0], ""scorePred"": [1, 0]}"
IS,"{""preds"": [42.6, 22.42, 34.98], ""scorePred"": [1, 0]}","{""preds"": [26.11, 46.58, 27.31], ""scorePred"": [0, 1]}","{""preds"": [26.0, 47.05, 26.95], ""scorePred"": [0, 1]}","{""preds"": [26.74, 45.87, 27.39], ""scorePred"": [0, 1]}","{""preds"": [47.03, 16.55, 36.42], ""scorePred"": [1, 0]}","{""preds"": [28.94, 42.07, 28.99], ""scorePred"": [0, 1]}","{""preds"": [26.34, 46.29, 27.37], ""scorePred"": [0, 1]}","{""preds"": [27.08, 45.79, 27.13], ""scorePred"": [0, 1]}","{""preds"": [21.13, 54.44, 24.43], ""scorePred"": [0, 1]}","{""preds"": [36.13, 31.82, 32.05], ""scorePred"": [1, 0]}","{""preds"": [24.94, 48.74, 26.32], ""scorePred"": [0, 1]}","{""preds"": [25.1, 47.26, 27.64], ""scorePred"": [0, 1]}","{""preds"": [32.22, 37.59, 30.19], ""scorePred"": [0, 1]}","{""preds"": [25.44, 48.25, 26.31], ""scorePred"": [0, 1]}",,"{""preds"": [33.99, 35.39, 30.62], ""scorePred"": [0, 1]}","{""preds"": [23.46, 51.12, 25.42], ""scorePred"": [0, 1]}","{""preds"": [61.31, 0.0, 38.69], ""scorePred"": [1, 0]}","{""preds"": [54.42, 8.07, 37.51], ""scorePred"": [1, 0]}","{""preds"": [35.13, 32.28, 32.59], ""scorePred"": [1, 0]}","{""preds"": [20.4, 56.63, 22.97], ""scorePred"": [0, 1]}","{""preds"": [35.03, 32.91, 32.06], ""scorePred"": [1, 0]}","{""preds"": [33.63, 35.34, 31.03], ""scorePred"": [0, 1]}","{""preds"": [29.34, 41.34, 29.32], ""scorePred"": [0, 1]}","{""preds"": [30.65, 38.89, 30.46], ""scorePred"": [0, 1]}","{""preds"": [23.37, 51.72, 24.91], ""scorePred"": [0, 1]}","{""preds"": [22.49, 53.33, 24.18], ""scorePred"": [0, 1]}","{""preds"": [33.7, 34.75, 31.55], ""scorePred"": [0, 1]}","{""preds"": [24.89, 48.14, 26.97], ""scorePred"": [0, 1]}","{""preds"": [23.43, 51.53, 25.04], ""scorePred"": [0, 1]}","{""preds"": [24.86, 49.7, 25.44], ""scorePred"": [0, 1]}","{""preds"": [35.94, 32.51, 31.55], ""scorePred"": [1, 0]}","{""preds"": [44.33, 20.4, 35.27], ""scorePred"": [1, 0]}","{""preds"": [31.95, 37.28, 30.77], ""scorePred"": [0, 1]}","{""preds"": [66.24, 33.76, 0.0], ""scorePred"": [1, 0]}","{""preds"": [36.09, 63.91, 0.0], ""scorePred"": [0, 1]}","{""preds"": [34.92, 65.08, 0.0], ""scorePred"": [0, 1]}","{""preds"": [37.58, 62.42, 0.0], ""scorePred"": [0, 1]}","{""preds"": [73.88, 26.12, 0.0], ""scorePred"": [1, 0]}","{""preds"": [40.63, 59.37, 0.0], ""scorePred"": [0, 1]}","{""preds"": [37.03, 62.97, 0.0], ""scorePred"": [0, 1]}","{""preds"": [36.09, 63.91, 0.0], ""scorePred"": [0, 1]}","{""preds"": [28.37, 71.63, 0.0], ""scorePred"": [0, 1]}","{""preds"": [52.94, 47.06, 0.0], ""scorePred"": [1, 0]}","{""preds"": [32.85, 67.15, 0.0], ""scorePred"": [0, 1]}","{""preds"": [33.84, 66.16, 0.0], ""scorePred"": [0, 1]}","{""preds"": [45.79, 54.21, 0.0], ""scorePred"": [0, 1]}","{""preds"": [34.13, 65.87, 0.0], ""scorePred"": [0, 1]}",,"{""preds"": [49.93, 50.07, 0.0], ""scorePred"": [0, 1]}","{""preds"": [31.6, 68.4, 0.0], ""scorePred"": [0, 1]}","{""preds"": [100.0, 0.0, 0.0], ""scorePred"": [1, 0]}","{""preds"": [86.72, 13.28, 0.0], ""scorePred"": [1, 0]}","{""preds"": [53.5, 46.5, 0.0], ""scorePred"": [1, 0]}","{""preds"": [25.91, 74.09, 0.0], ""scorePred"": [0, 1]}","{""preds"": [52.91, 47.09, 0.0], ""scorePred"": [1, 0]}","{""preds"": [48.53, 51.47, 0.0], ""scorePred"": [0, 1]}","{""preds"": [41.53, 58.47, 0.0], ""scorePred"": [0, 1]}","{""preds"": [43.45, 56.55, 0.0], ""scorePred"": [0, 1]}","{""preds"": [30.51, 69.49, 0.0], ""scorePred"": [0, 1]}","{""preds"": [29.63, 70.37, 0.0], ""scorePred"": [0, 1]}","{""preds"": [47.47, 52.53, 0.0], ""scorePred"": [0, 1]}","{""preds"": [34.39, 65.61, 0.0], ""scorePred"": [0, 1]}","{""preds"": [32.34, 67.66, 0.0], ""scorePred"": [0, 1]}","{""preds"": [33.35, 66.65, 0.0], ""scorePred"": [0, 1]}","{""preds"": [53.32, 46.68, 0.0], ""scorePred"": [1, 0]}","{""preds"": [68.79, 31.21, 0.0], ""scorePred"": [1, 0]}","{""preds"": [45.98, 54.02, 0.0], ""scorePred"": [0, 1]}"
IE,"{""preds"": [44.0, 21.63, 34.37], ""scorePred"": [1, 0]}","{""preds"": [27.89, 45.72, 26.39], ""scorePred"": [0, 1]}","{""preds"": [26.65, 47.11, 26.24], ""scorePred"": [0, 1]}","{""preds"": [27.84, 44.2, 27.96], ""scorePred"": [0, 1]}","{""preds"": [48.46, 15.69, 35.85], ""scorePred"": [1, 0]}","{""preds"": [29.98, 41.13, 28.89], ""scorePred"": [0, 1]}","{""preds"": [27.4, 45.17, 27.43], ""scorePred"": [0, 1]}","{""preds"": [27.58, 45.52, 26.9], ""scorePred"": [0, 1]}","{""preds"": [22.2, 53.02, 24.78], ""scorePred"": [0, 1]}","{""preds"": [37.34, 31.37, 31.29], ""scorePred"": [1, 0]}","{""preds"": [25.04, 49.44, 25.52], ""scorePred"": [0, 1]}","{""preds"": [26.43, 46.22, 27.35], ""scorePred"": [0, 1]}","{""preds"": [33.65, 35.97, 30.38], ""scorePred"": [0, 1]}","{""preds"": [26.29, 46.84, 26.87], ""scorePred"": [0, 1]}","{""preds"": [35.18, 33.36, 31.46], ""scorePred"": [1, 0]}",,"{""preds"": [24.11, 50.8, 25.09], ""scorePred"": [0, 1]}","{""preds"": [0.0, 99.97, 0.03], ""scorePred"": [1, 8]}","{""preds"": [18.67, 80.57, 0.76], ""scorePred"": [2, 7]}","{""preds"": [36.92, 30.54, 32.54], ""scorePred"": [1, 0]}","{""preds"": [21.39, 55.02, 23.59], ""scorePred"": [0, 1]}","{""preds"": [35.54, 30.75, 33.71], ""scorePred"": [1, 0]}","{""preds"": [34.19, 34.71, 31.1], ""scorePred"": [0, 1]}","{""preds"": [30.78, 39.89, 29.33], ""scorePred"": [0, 1]}","{""preds"": [32.5, 37.79, 29.71], ""scorePred"": [0, 1]}","{""preds"": [23.51, 50.89, 25.6], ""scorePred"": [0, 1]}","{""preds"": [22.99, 52.18, 24.83], ""scorePred"": [0, 1]}","{""preds"": [34.43, 34.83, 30.74], ""scorePred"": [0, 1]}","{""preds"": [25.77, 47.68, 26.55], ""scorePred"": [0, 1]}","{""preds"": [23.66, 50.84, 25.5], ""scorePred"": [0, 1]}","{""preds"": [25.45, 48.14, 26.41], ""scorePred"": [0, 1]}","{""preds"": [36.27, 31.77, 31.96], ""scorePred"": [1, 0]}","{""preds"": [46.3, 19.54, 34.16], ""scorePred"": [1, 0]}","{""preds"": [33.07, 36.31, 30.62], ""scorePred"": [0, 1]}","{""preds"": [65.92, 34.08, 0.0], ""scorePred"": [1, 0]}","{""preds"": [37.18, 62.82, 0.0], ""scorePred"": [0, 1]}","{""preds"": [36.9, 63.1, 0.0], ""scorePred"": [0, 1]}","{""preds"": [36.1, 63.9, 0.0], ""scorePred"": [0, 1]}","{""preds"": [75.26, 24.74, 0.0], ""scorePred"": [1, 0]}","{""preds"": [41.51, 58.49, 0.0], ""scorePred"": [0, 1]}","{""preds"": [38.43, 61.57, 0.0], ""scorePred"": [0, 1]}","{""preds"": [37.85, 62.15, 0.0], ""scorePred"": [0, 1]}","{""preds"": [28.73, 71.27, 0.0], ""scorePred"": [0, 1]}","{""preds"": [53.25, 46.75, 0.0], ""scorePred"": [1, 0]}","{""preds"": [34.54, 65.46, 0.0], ""scorePred"": [0, 1]}","{""preds"": [35.62, 64.38, 0.0], ""scorePred"": [0, 1]}","{""preds"": [48.35, 51.65, 0.0], ""scorePred"": [0, 1]}","{""preds"": [35.37, 64.63, 0.0], ""scorePred"": [0, 1]}","{""preds"": [51.85, 48.15, 0.0], ""scorePred"": [1, 0]}",,"{""preds"": [32.77, 67.23, 0.0], ""scorePred"": [0, 1]}","{""preds"": [0.0, 100.0, 0.0], ""scorePred"": [2, 6]}","{""preds"": [18.89, 81.11, 0.0], ""scorePred"": [2, 8]}","{""preds"": [54.79, 45.21, 0.0], ""scorePred"": [1, 0]}","{""preds"": [27.63, 72.37, 0.0], ""scorePred"": [0, 1]}","{""preds"": [55.17, 44.83, 0.0], ""scorePred"": [1, 0]}","{""preds"": [49.98, 50.02, 0.0], ""scorePred"": [0, 1]}","{""preds"": [43.79, 56.21, 0.0], ""scorePred"": [0, 1]}","{""preds"": [45.98, 54.02, 0.0], ""scorePred"": [0, 1]}","{""preds"": [31.77, 68.23, 0.0], ""scorePred"": [0, 1]}","{""preds"": [30.83, 69.17, 0.0], ""scorePred"": [0, 1]}","{""preds"": [48.84, 51.16, 0.0], ""scorePred"": [0, 1]}","{""preds"": [34.12, 65.88, 0.0], ""scorePred"": [0, 1]}","{""preds"": [32.85, 67.15, 0.0], ""scorePred"": [0, 1]}","{""preds"": [35.62, 64.38, 0.0], ""scorePred"": [0, 1]}","{""preds"": [53.2, 46.8, 0.0], ""scorePred"": [1, 0]}","{""preds"": [68.95, 31.05, 0.0], ""scorePred"": [1, 0]}","{""preds"": [46.71, 53.29, 0.0], ""scorePred"": [0, 1]}"
IT,"{""preds"": [59.61, 14.93, 25.46], ""scorePred"": [1, 0]}","{""preds"": [41.91, 34.15, 23.94], ""scorePred"": [2, 1]}","{""preds"": [41.01, 34.82, 24.17], ""scorePred"": [2, 1]}","{""preds"": [41.93, 33.98, 24.09], ""scorePred"": [2, 1]}","{""preds"": [33.88, 64.47, 1.65], ""scorePred"": [2, 8]}","{""preds"": [46.21, 29.58, 24.21], ""scorePred"": [1, 0]}","{""preds"": [42.37, 32.79, 24.84], ""scorePred"": [2, 1]}","{""preds"": [40.85, 34.14, 25.01], ""scorePred"": [2, 1]}","{""preds"": [34.44, 42.66, 22.9], ""scorePred"": [1, 2]}","{""preds"": [52.46, 22.05, 25.49], ""scorePred"": [1, 0]}","{""preds"": [39.61, 37.09, 23.3], ""scorePred"": [2, 1]}","{""preds"": [39.86, 36.3, 23.84], ""scorePred"": [2, 1]}","{""preds"": [48.65, 26.49, 24.86], ""scorePred"": [1, 0]}","{""preds"": [40.2, 35.9, 23.9], ""scorePred"": [2, 1]}","{""preds"": [50.91, 23.71, 25.38], ""scorePred"": [1, 0]}","{""preds"": [50.87, 24.02, 25.11], ""scorePred"": [1, 0]}",,"{""preds"": [0.0, 99.99, 0.01], ""scorePred"": [2, 11]}","{""preds"": [19.36, 80.06, 0.58], ""scorePred"": [2, 9]}","{""preds"": [53.26, 21.43, 25.31], ""scorePred"": [1, 0]}","{""preds"": [33.13, 43.84, 23.03], ""scorePred"": [1, 2]}","{""preds"": [52.4, 21.52, 26.08], ""scorePred"": [1, 0]}","{""preds"": [50.72, 24.64, 24.64], ""scorePred"": [1, 0]}","{""preds"": [45.54, 28.95, 25.51], ""scorePred"": [1, 0]}","{""preds"": [47.4, 27.1, 25.5], ""scorePred"": [1, 0]}","{""preds"": [37.22, 38.52, 24.26], ""scorePred"": [1, 2]}","{""preds"": [36.98, 40.11, 22.91], ""scorePred"": [1, 2]}","{""preds"": [49.27, 25.41, 25.32], ""scorePred"": [1, 0]}","{""preds"": [39.66, 36.12, 24.22], ""scorePred"": [2, 1]}","{""preds"": [37.82, 37.96, 24.22], ""scorePred"": [1, 2]}","{""preds"": [39.84, 35.5, 24.66], ""scorePred"": [2, 1]}","{""preds"": [52.39, 22.92, 24.69], ""scorePred"": [1, 0]}","{""preds"": [62.07, 12.84, 25.09], ""scorePred"": [1, 0]}","{""preds"": [48.65, 25.83, 25.52], ""scorePred"": [1, 0]}","{""preds"": [81.31, 18.69, 0.0], ""scorePred"": [1, 0]}","{""preds"": [54.43, 45.57, 0.0], ""scorePred"": [2, 1]}","{""preds"": [53.6, 46.4, 0.0], ""scorePred"": [2, 1]}","{""preds"": [55.57, 44.43, 0.0], ""scorePred"": [2, 1]}","{""preds"": [34.64, 65.36, 0.0], ""scorePred"": [2, 9]}","{""preds"": [60.67, 39.33, 0.0], ""scorePred"": [1, 0]}","{""preds"": [55.22, 44.78, 0.0], ""scorePred"": [2, 1]}","{""preds"": [55.45, 44.55, 0.0], ""scorePred"": [2, 1]}","{""preds"": [45.96, 54.04, 0.0], ""scorePred"": [1, 2]}","{""preds"": [70.74, 29.26, 0.0], ""scorePred"": [1, 0]}","{""preds"": [51.63, 48.37, 0.0], ""scorePred"": [2, 1]}","{""preds"": [53.15, 46.85, 0.0], ""scorePred"": [2, 1]}","{""preds"": [65.29, 34.71, 0.0], ""scorePred"": [1, 0]}","{""preds"": [53.64, 46.36, 0.0], ""scorePred"": [2, 1]}","{""preds"": [68.16, 31.84, 0.0], ""scorePred"": [1, 0]}","{""preds"": [67.34, 32.66, 0.0], ""scorePred"": [1, 0]}",,"{""preds"": [0.0, 100.0, 0.0], ""scorePred"": [2, 10]}","{""preds"": [19.44, 80.56, 0.0], ""scorePred"": [2, 9]}","{""preds"": [72.1, 27.9, 0.0], ""scorePred"": [1, 0]}","{""preds"": [43.01, 56.99, 0.0], ""scorePred"": [1, 2]}","{""preds"": [71.2, 28.8, 0.0], ""scorePred"": [1, 0]}","{""preds"": [66.65, 33.35, 0.0], ""scorePred"": [1, 0]}","{""preds"": [60.28, 39.72, 0.0], ""scorePred"": [1, 0]}","{""preds"": [62.81, 37.19, 0.0], ""scorePred"": [1, 0]}","{""preds"": [48.12, 51.88, 0.0], ""scorePred"": [1, 2]}","{""preds"": [47.93, 52.07, 0.0], ""scorePred"": [1, 2]}","{""preds"": [66.02, 33.98, 0.0], ""scorePred"": [1, 0]}","{""preds"": [52.71, 47.29, 0.0], ""scorePred"": [2, 1]}","{""preds"": [49.54, 50.46, 0.0], ""scorePred"": [1, 2]}","{""preds"": [53.13, 46.87, 0.0], ""scorePred"": [2, 1]}","{""preds"": [70.15, 29.85, 0.0], ""scorePred"": [1, 0]}","{""preds"": [81.75, 18.25, 0.0], ""scorePred"": [1, 0]}","{""preds"": [64.52, 35.48, 0.0], ""scorePred"": [1, 0]}"
LI,"{""preds"": [0.0, 46.62, 53.38], ""scorePred"": [0, 0]}","{""preds"": [99.99, 0.0, 0.01], ""scorePred"": [9, 2]}","{""preds"": [99.9, 0.0, 0.1], ""scorePred"": [8, 2]}","{""preds"": [99.99, 0.0, 0.01], ""scorePred"": [9, 2]}","{""preds"": [0.0, 36.15, 63.85], ""scorePred"": [0, 0]}","{""preds"": [99.88, 0.0, 0.12], ""scorePred"": [7, 2]}","{""preds"": [99.96, 0.0, 0.04], ""scorePred"": [8, 2]}","{""preds"": [99.99, 0.0, 0.01], ""scorePred"": [9, 2]}","{""preds"": [99.99, 0.0, 0.01], ""scorePred"": [12, 2]}","{""preds"": [0.0, 58.3, 41.7], ""scorePred"": [0, 1]}","{""preds"": [99.99, 0.0, 0.01], ""scorePred"": [9, 2]}","{""preds"": [99.92, 0.0, 0.08], ""scorePred"": [8, 2]}","{""preds"": [99.98, 0.0, 0.02], ""scorePred"": [8, 2]}","{""preds"": [99.91, 0.0, 0.09], ""scorePred"": [8, 2]}","{""preds"": [0.0, 62.36, 37.64], ""scorePred"": [0, 1]}","{""preds"": [99.99, 0.0, 0.01], ""scorePred"": [8, 2]}","{""preds"": [99.95, 0.0, 0.05], ""scorePred"": [9, 2]}",,"{""preds"": [0.0, 20.53, 79.47], ""scorePred"": [0, 0]}","{""preds"": [0.0, 57.91, 42.09], ""scorePred"": [0, 1]}","{""preds"": [99.99, 0.0, 0.01], ""scorePred"": [10, 2]}","{""preds"": [0.0, 59.6, 40.4], ""scorePred"": [0, 1]}","{""preds"": [0.0, 63.36, 36.64], ""scorePred"": [0, 1]}","{""preds"": [99.88, 0.0, 0.12], ""scorePred"": [7, 2]}","{""preds"": [99.97, 0.0, 0.03], ""scorePred"": [8, 2]}","{""preds"": [99.97, 0.0, 0.03], ""scorePred"": [9, 2]}","{""preds"": [99.98, 0.0, 0.02], ""scorePred"": [10, 2]}","{""preds"": [99.98, 0.0, 0.02], ""scorePred"": [7, 2]}","{""preds"": [99.98, 0.0, 0.02], ""scorePred"": [9, 2]}","{""preds"": [99.96, 0.0, 0.04], ""scorePred"": [9, 2]}","{""preds"": [99.99, 0.0, 0.01], ""scorePred"": [9, 2]}","{""preds"": [99.98, 0.0, 0.02], ""scorePred"": [7, 1]}","{""preds"": [0.0, 42.39, 57.61], ""scorePred"": [0, 0]}","{""preds"": [99.98, 0.0, 0.02], ""scorePred"": [8, 2]}","{""preds"": [0.0, 100.0, 0.0], ""scorePred"": [0, 1]}","{""preds"": [100.0, 0.0, 0.0], ""scorePred"": [9, 2]}","{""preds"": [100.0, 0.0, 0.0], ""scorePred"": [8, 2]}","{""preds"": [100.0, 0.0, 0.0], ""scorePred"": [9, 2]}","{""preds"": [0.0, 100.0, 0.0], ""scorePred"": [0, 1]}","{""preds"": [100.0, 0.0, 0.0], ""scorePred"": [8, 2]}","{""preds"": [100.0, 0.0, 0.0], ""scorePred"": [8, 2]}","{""preds"": [100.0, 0.0, 0.0], ""scorePred"": [9, 2]}","{""preds"": [100.0, 0.0, 0.0], ""scorePred"": [9, 2]}","{""preds"": [0.0, 100.0, 0.0], ""scorePred"": [0, 1]}","{""preds"": [100.0, 0.0, 0.0], ""scorePred"": [9, 2]}","{""preds"": [100.0, 0.0, 0.0], ""scorePred"": [9, 2]}","{""preds"": [100.0, 0.0, 0.0], ""scorePred"": [8, 2]}","{""preds"": [100.0, 0.0, 0.0], ""scorePred"": [9, 2]}","{""preds"": [0.0, 100.0, 0.0], ""scorePred"": [0, 1]}","{""preds"": [100.0, 0.0, 0.0], ""scorePred"": [7, 1]}","{""preds"": [100.0, 0.0, 0.0], ""scorePred"": [9, 2]}",,"{""preds"": [0.0, 100.0, 0.0], ""scorePred"": [0, 1]}","{""preds"": [0.0, 100.0, 0.0], ""scorePred"": [0, 1]}","{""preds"": [100.0, 0.0, 0.0], ""scorePred"": [10, 2]}","{""preds"": [0.0, 100.0, 0.0], ""scorePred"": [0, 1]}","{""preds"": [0.0, 100.0, 0.0], ""scorePred"": [0, 1]}","{""preds"": [100.0, 0.0, 0.0], ""scorePred"": [9, 2]}","{""preds"": [100.0, 0.0, 0.0], ""scorePred"": [8, 2]}","{""preds"": [100.0, 0.0, 0.0], ""scorePred"": [9, 2]}","{""preds"": [100.0, 0.0, 0.0], ""scorePred"": [9, 2]}","{""preds"": [100.0, 0.0, 0.0], ""scorePred"": [8, 2]}","{""preds"": [100.0, 0.0, 0.0], ""scorePred"": [9, 2]}","{""preds"": [100.0, 0.0, 0.0], ""scorePred"": [9, 2]}","{""preds"": [100.0, 0.0, 0.0], ""scorePred"": [9, 2]}","{""preds"": [100.0, 0.0, 0.0], ""scorePred"": [7, 1]}","{""preds"": [0.0, 100.0, 0.0], ""scorePred"": [0, 1]}","{""preds"": [100.0, 0.0, 0.0], ""scorePred"": [8, 2]}"
LU,"{""preds"": [10.85, 40.11, 49.04], ""scorePred"": [0, 0]}","{""preds"": [79.73, 19.61, 0.66], ""scorePred"": [10, 2]}","{""preds"": [79.81, 19.71, 0.48], ""scorePred"": [8, 2]}","{""preds"": [79.55, 19.94, 0.51], ""scorePred"": [10, 2]}","{""preds"": [13.27, 31.29, 55.44], ""scorePred"": [0, 0]}","{""preds"": [80.16, 19.1, 0.74], ""scorePred"": [9, 2]}","{""preds"": [80.26, 19.2, 0.54], ""scorePred"": [9, 2]}","{""preds"": [80.43, 18.95, 0.62], ""scorePred"": [8, 2]}","{""preds"": [79.98, 19.66, 0.36], ""scorePred"": [10, 2]}","{""preds"": [8.79, 50.99, 40.22], ""scorePred"": [0, 1]}","{""preds"": [80.26, 19.24, 0.5], ""scorePred"": [9, 2]}","{""preds"": [80.23, 19.22, 0.55], ""scorePred"": [9, 2]}","{""preds"": [7.54, 57.43, 35.03], ""scorePred"": [0, 1]}","{""preds"": [79.89, 19.5, 0.61], ""scorePred"": [9, 2]}","{""preds"": [7.87, 54.64, 37.49], ""scorePred"": [0, 1]}","{""preds"": [79.95, 19.22, 0.83], ""scorePred"": [7, 1]}","{""preds"": [80.0, 19.52, 0.48], ""scorePred"": [9, 2]}","{""preds"": [20.42, 0.0, 79.58], ""scorePred"": [0, 0]}",,"{""preds"": [9.24, 51.54, 39.22], ""scorePred"": [0, 1]}","{""preds"": [80.69, 18.96, 0.35], ""scorePred"": [9, 2]}","{""preds"": [8.86, 51.37, 39.77], ""scorePred"": [0, 1]}","{""preds"": [8.2, 55.57, 36.23], ""scorePred"": [0, 1]}","{""preds"": [80.42, 19.08, 0.5], ""scorePred"": [8, 2]}","{""preds"": [79.77, 19.43, 0.8], ""scorePred"": [7, 2]}","{""preds"": [80.52, 19.02, 0.46], ""scorePred"": [9, 2]}","{""preds"": [80.24, 19.33, 0.43], ""scorePred"": [9, 2]}","{""preds"": [79.99, 19.28, 0.73], ""scorePred"": [8, 2]}","{""preds"": [80.33, 19.28, 0.39], ""scorePred"": [10, 2]}","{""preds"": [80.82, 18.78, 0.4], ""scorePred"": [10, 2]}","{""preds"": [80.21, 19.21, 0.58], ""scorePred"": [9, 2]}","{""preds"": [80.14, 18.85, 1.01], ""scorePred"": [7, 1]}","{""preds"": [12.36, 35.81, 51.83], ""scorePred"": [0, 0]}","{""preds"": [79.82, 19.38, 0.8], ""scorePred"": [7, 2]}","{""preds"": [22.84, 77.16, 0.0], ""scorePred"": [0, 1]}","{""preds"": [81.1, 18.9, 0.0], ""scorePred"": [8, 2]}","{""preds"": [80.69, 19.31, 0.0], ""scorePred"": [8, 2]}","{""preds"": [80.3, 19.7, 0.0], ""scorePred"": [8, 2]}","{""preds"": [30.7, 69.3, 0.0], ""scorePred"": [0, 1]}","{""preds"": [80.5, 19.5, 0.0], ""scorePred"": [9, 2]}","{""preds"": [80.21, 19.79, 0.0], ""scorePred"": [9, 2]}","{""preds"": [79.94, 20.06, 0.0], ""scorePred"": [8, 2]}","{""preds"": [80.47, 19.53, 0.0], ""scorePred"": [9, 2]}","{""preds"": [13.96, 86.04, 0.0], ""scorePred"": [0, 1]}","{""preds"": [80.38, 19.62, 0.0], ""scorePred"": [9, 2]}","{""preds"": [80.74, 19.26, 0.0], ""scorePred"": [8, 2]}","{""preds"": [12.03, 87.97, 0.0], ""scorePred"": [0, 1]}","{""preds"": [80.41, 19.59, 0.0], ""scorePred"": [10, 2]}","{""preds"": [13.86, 86.14, 0.0], ""scorePred"": [0, 1]}","{""preds"": [80.98, 19.02, 0.0], ""scorePred"": [7, 2]}","{""preds"": [80.62, 19.38, 0.0], ""scorePred"": [9, 2]}","{""preds"": [100.0, 0.0, 0.0], ""scorePred"": [1, 0]}",,"{""preds"": [15.08, 84.92, 0.0], ""scorePred"": [0, 1]}","{""preds"": [80.05, 19.95, 0.0], ""scorePred"": [10, 2]}","{""preds"": [16.05, 83.95, 0.0], ""scorePred"": [0, 1]}","{""preds"": [12.07, 87.93, 0.0], ""scorePred"": [0, 1]}","{""preds"": [80.95, 19.05, 0.0], ""scorePred"": [9, 2]}","{""preds"": [80.57, 19.43, 0.0], ""scorePred"": [8, 2]}","{""preds"": [80.24, 19.76, 0.0], ""scorePred"": [10, 2]}","{""preds"": [79.98, 20.02, 0.0], ""scorePred"": [9, 2]}","{""preds"": [80.75, 19.25, 0.0], ""scorePred"": [9, 1]}","{""preds"": [80.87, 19.13, 0.0], ""scorePred"": [8, 2]}","{""preds"": [81.04, 18.96, 0.0], ""scorePred"": [9, 2]}","{""preds"": [80.41, 19.59, 0.0], ""scorePred"": [9, 2]}","{""preds"": [81.22, 18.78, 0.0], ""scorePred"": [7, 1]}","{""preds"": [25.26, 74.74, 0.0], ""scorePred"": [0, 1]}","{""preds"": [80.59, 19.41, 0.0], ""scorePred"": [8, 2]}"
MT,"{""preds"": [38.87, 24.1, 37.03], ""scorePred"": [1, 0]}","{""preds"": [23.34, 48.54, 28.12], ""scorePred"": [0, 1]}","{""preds"": [23.33, 49.62, 27.05], ""scorePred"": [0, 1]}","{""preds"": [24.76, 47.56, 27.68], ""scorePred"": [0, 1]}","{""preds"": [43.27, 18.1, 38.63], ""scorePred"": [1, 0]}","{""preds"": [26.44, 44.27, 29.29], ""scorePred"": [0, 1]}","{""preds"": [24.68, 47.04, 28.28], ""scorePred"": [0, 1]}","{""preds"": [24.08, 48.88, 27.04], ""scorePred"": [0, 1]}","{""preds"": [19.7, 56.24, 24.06], ""scorePred"": [0, 1]}","{""preds"": [32.61, 33.73, 33.66], ""scorePred"": [0, 1]}","{""preds"": [21.4, 51.74, 26.86], ""scorePred"": [0, 1]}","{""preds"": [23.49, 50.35, 26.16], ""scorePred"": [0, 1]}","{""preds"": [29.29, 39.32, 31.39], ""scorePred"": [0, 1]}","{""preds"": [22.48, 51.12, 26.4], ""scorePred"": [0, 1]}","{""preds"": [31.05, 37.3, 31.65], ""scorePred"": [0, 1]}","{""preds"": [30.51, 37.14, 32.35], ""scorePred"": [0, 1]}","{""preds"": [21.06, 52.64, 26.3], ""scorePred"": [0, 1]}","{""preds"": [58.22, 0.0, 41.78], ""scorePred"": [1, 0]}","{""preds"": [51.16, 8.81, 40.03], ""scorePred"": [1, 0]}",,"{""preds"": [42.91, 52.79, 4.3], ""scorePred"": [0, 2]}","{""preds"": [33.65, 32.99, 33.36], ""scorePred"": [1, 0]}","{""preds"": [30.55, 37.99, 31.46], ""scorePred"": [0, 1]}","{""preds"": [27.22, 42.87, 29.91], ""scorePred"": [0, 1]}","{""preds"": [29.17, 40.83, 30.0], ""scorePred"": [0, 1]}","{""preds"": [21.0, 53.25, 25.75], ""scorePred"": [0, 1]}","{""preds"": [43.45, 51.61, 4.94], ""scorePred"": [0, 2]}","{""preds"": [29.79, 37.23, 32.98], ""scorePred"": [0, 1]}","{""preds"": [22.36, 50.87, 26.77], ""scorePred"": [0, 1]}","{""preds"": [21.24, 53.36, 25.4], ""scorePred"": [0, 1]}","{""preds"": [21.72, 51.94, 26.34], ""scorePred"": [0, 1]}","{""preds"": [32.45, 34.63, 32.92], ""scorePred"": [0, 1]}","{""preds"": [41.93, 21.01, 37.06], ""scorePred"": [1, 0]}","{""preds"": [29.68, 39.49, 30.83], ""scorePred"": [0, 1]}","{""preds"": [61.03, 38.97, 0.0], ""scorePred"": [1, 0]}","{""preds"": [32.63, 67.37, 0.0], ""scorePred"": [0, 1]}","{""preds"": [32.26, 67.74, 0.0], ""scorePred"": [0, 1]}","{""preds"": [34.15, 65.85, 0.0], ""scorePred"": [0, 1]}","{""preds"": [71.35, 28.65, 0.0], ""scorePred"": [1, 0]}","{""preds"": [37.97, 62.03, 0.0], ""scorePred"": [0, 1]}","{""preds"": [34.1, 65.9, 0.0], ""scorePred"": [0, 1]}","{""preds"": [33.68, 66.32, 0.0], ""scorePred"": [0, 1]}","{""preds"": [24.74, 75.26, 0.0], ""scorePred"": [0, 1]}","{""preds"": [48.76, 51.24, 0.0], ""scorePred"": [0, 1]}","{""preds"": [29.41, 70.59, 0.0], ""scorePred"": [0, 1]}","{""preds"": [30.56, 69.44, 0.0], ""scorePred"": [0, 1]}","{""preds"": [43.54, 56.46, 0.0], ""scorePred"": [0, 1]}","{""preds"": [31.22, 68.78, 0.0], ""scorePred"": [0, 1]}","{""preds"": [46.51, 53.49, 0.0], ""scorePred"": [0, 1]}","{""preds"": [44.74, 55.26, 0.0], ""scorePred"": [0, 1]}","{""preds"": [28.56, 71.44, 0.0], ""scorePred"": [0, 1]}","{""preds"": [100.0, 0.0, 0.0], ""scorePred"": [1, 0]}","{""preds"": [84.7, 15.3, 0.0], ""scorePred"": [1, 0]}",,"{""preds"": [44.68, 55.32, 0.0], ""scorePred"": [0, 2]}","{""preds"": [49.42, 50.58, 0.0], ""scorePred"": [0, 1]}","{""preds"": [45.4, 54.6, 0.0], ""scorePred"": [0, 1]}","{""preds"": [39.26, 60.74, 0.0], ""scorePred"": [0, 1]}","{""preds"": [40.87, 59.13, 0.0], ""scorePred"": [0, 1]}","{""preds"": [28.28, 71.72, 0.0], ""scorePred"": [0, 1]}","{""preds"": [45.18, 54.82, 0.0], ""scorePred"": [0, 2]}","{""preds"": [43.52, 56.48, 0.0], ""scorePred"": [0, 1]}","{""preds"": [30.34, 69.66, 0.0], ""scorePred"": [0, 1]}","{""preds"": [29.17, 70.83, 0.0], ""scorePred"": [0, 1]}","{""preds"": [31.22, 68.78, 0.0], ""scorePred"": [0, 1]}","{""preds"": [49.38, 50.62, 0.0], ""scorePred"": [0, 1]}","{""preds"": [64.99, 35.01, 0.0], ""scorePred"": [1, 0]}","{""preds"": [42.72, 57.28, 0.0], ""scorePred"": [0, 1]}"
NL,"{""preds"": [42.92, 54.47, 2.61], ""scorePred"": [2, 11]}","{""preds"": [46.73, 30.57, 22.7], ""scorePred"": [2, 1]}","{""preds"": [46.82, 30.83, 22.35], ""scorePred"": [2, 1]}","{""preds"": [47.32, 29.56, 23.12], ""scorePred"": [2, 1]}","{""preds"": [34.96, 63.71, 1.33], ""scorePred"": [2, 9]}","{""preds"": [49.87, 26.92, 23.21], ""scorePred"": [2, 1]}","{""preds"": [48.41, 29.35, 22.24], ""scorePred"": [2, 1]}","{""preds"": [47.88, 29.73, 22.39], ""scorePred"": [2, 1]}","{""preds"": [41.28, 36.95, 21.77], ""scorePred"": [2, 1]}","{""preds"": [58.55, 18.19, 23.26], ""scorePred"": [1, 0]}","{""preds"": [44.65, 32.69, 22.66], ""scorePred"": [2, 1]}","{""preds"": [45.75, 31.47, 22.78], ""scorePred"": [2, 1]}","{""preds"": [54.94, 22.08, 22.98], ""scorePred"": [1, 0]}","{""preds"": [44.78, 32.41, 22.81], ""scorePred"": [2, 1]}","{""preds"": [56.99, 20.56, 22.45], ""scorePred"": [1, 0]}","{""preds"": [56.61, 20.77, 22.62], ""scorePred"": [2, 1]}","{""preds"": [43.5, 33.41, 23.09], ""scorePred"": [2, 1]}","{""preds"": [0.0, 99.98, 0.02], ""scorePred"": [2, 9]}","{""preds"": [19.2, 80.4, 0.4], ""scorePred"": [2, 11]}","{""preds"": [52.92, 42.66, 4.42], ""scorePred"": [2, 0]}",,"{""preds"": [58.91, 18.8, 22.29], ""scorePred"": [1, 0]}","{""preds"": [55.88, 20.84, 23.28], ""scorePred"": [1, 0]}","{""preds"": [51.53, 25.16, 23.31], ""scorePred"": [2, 1]}","{""preds"": [53.48, 23.21, 23.31], ""scorePred"": [1, 0]}","{""preds"": [43.34, 34.3, 22.36], ""scorePred"": [2, 1]}","{""preds"": [42.22, 35.84, 21.94], ""scorePred"": [2, 1]}","{""preds"": [55.14, 21.27, 23.59], ""scorePred"": [1, 0]}","{""preds"": [45.68, 31.36, 22.96], ""scorePred"": [2, 1]}","{""preds"": [43.79, 33.37, 22.84], ""scorePred"": [2, 1]}","{""preds"": [45.41, 31.7, 22.89], ""scorePred"": [2, 1]}","{""preds"": [58.07, 19.78, 22.15], ""scorePred"": [1, 0]}","{""preds"": [67.39, 11.14, 21.47], ""scorePred"": [1, 0]}","{""preds"": [54.84, 22.0, 23.16], ""scorePred"": [1, 0]}","{""preds"": [44.77, 55.23, 0.0], ""scorePred"": [2, 9]}","{""preds"": [60.88, 39.12, 0.0], ""scorePred"": [2, 1]}","{""preds"": [59.95, 40.05, 0.0], ""scorePred"": [2, 1]}","{""preds"": [62.28, 37.72, 0.0], ""scorePred"": [2, 1]}","{""preds"": [36.21, 63.79, 0.0], ""scorePred"": [2, 11]}","{""preds"": [66.47, 33.53, 0.0], ""scorePred"": [2, 1]}","{""preds"": [62.01, 37.99, 0.0], ""scorePred"": [2, 1]}","{""preds"": [61.28, 38.72, 0.0], ""scorePred"": [2, 1]}","{""preds"": [52.75, 47.25, 0.0], ""scorePred"": [2, 1]}","{""preds"": [75.1, 24.9, 0.0], ""scorePred"": [1, 0]}","{""preds"": [58.61, 41.39, 0.0], ""scorePred"": [2, 1]}","{""preds"": [59.05, 40.95, 0.0], ""scorePred"": [2, 1]}","{""preds"": [71.96, 28.04, 0.0], ""scorePred"": [1, 0]}","{""preds"": [59.36, 40.64, 0.0], ""scorePred"": [2, 1]}","{""preds"": [74.06, 25.94, 0.0], ""scorePred"": [1, 0]}","{""preds"": [72.79, 27.21, 0.0], ""scorePred"": [1, 0]}","{""preds"": [56.19, 43.81, 0.0], ""scorePred"": [2, 1]}","{""preds"": [0.0, 100.0, 0.0], ""scorePred"": [2, 10]}","{""preds"": [20.66, 79.34, 0.0], ""scorePred"": [2, 10]}","{""preds"": [55.12, 44.88, 0.0], ""scorePred"": [2, 0]}",,"{""preds"": [75.77, 24.23, 0.0], ""scorePred"": [1, 0]}","{""preds"": [72.28, 27.72, 0.0], ""scorePred"": [1, 0]}","{""preds"": [67.28, 32.72, 0.0], ""scorePred"": [2, 1]}","{""preds"": [68.4, 31.6, 0.0], ""scorePred"": [2, 1]}","{""preds"": [55.52, 44.48, 0.0], ""scorePred"": [2, 1]}","{""preds"": [53.2, 46.8, 0.0], ""scorePred"": [2, 1]}","{""preds"": [72.65, 27.35, 0.0], ""scorePred"": [1, 0]}","{""preds"": [58.21, 41.79, 0.0], ""scorePred"": [2, 1]}","{""preds"": [56.59, 43.41, 0.0], ""scorePred"": [2, 1]}","{""preds"": [59.24, 40.76, 0.0], ""scorePred"": [2, 1]}","{""preds"": [75.59, 24.41, 0.0], ""scorePred"": [1, 0]}","{""preds"": [86.88, 13.12, 0.0], ""scorePred"": [1, 0]}","{""preds"": [70.36, 29.64, 0.0], ""scorePred"": [1, 0]}"
GB-NIR,"{""preds"": [40.31, 23.07, 36.62], ""scorePred"": [1, 0]}","{""preds"": [24.11, 48.35, 27.54], ""scorePred"": [0, 1]}","{""preds"": [24.08, 48.95, 26.97], ""scorePred"": [0, 1]}","{""preds"": [24.77, 47.61, 27.62], ""scorePred"": [0, 1]}","{""preds"": [44.03, 17.59, 38.38], ""scorePred"": [1, 0]}","{""preds"": [27.09, 43.63, 29.28], ""scorePred"": [0, 1]}","{""preds"": [25.69, 46.73, 27.58], ""scorePred"": [0, 1]}","{""preds"": [25.27, 46.34, 28.39], ""scorePred"": [0, 1]}","{""preds"": [19.47, 56.65, 23.88], ""scorePred"": [0, 1]}","{""preds"": [33.55, 33.43, 33.02], ""scorePred"": [1, 0]}","{""preds"": [22.07, 51.43, 26.5], ""scorePred"": [0, 1]}","{""preds"": [23.13, 49.74, 27.13], ""scorePred"": [0, 1]}","{""preds"": [30.79, 37.99, 31.22], ""scorePred"": [0, 1]}","{""preds"": [23.85, 49.71, 26.44], ""scorePred"": [0, 1]}","{""preds"": [32.57, 36.05, 31.38], ""scorePred"": [0, 1]}","{""preds"": [31.25, 36.79, 31.96], ""scorePred"": [0, 1]}","{""preds"": [21.51, 52.4, 26.09], ""scorePred"": [0, 1]}","{""preds"": [58.57, 0.0, 41.43], ""scorePred"": [1, 0]}","{""preds"": [52.05, 9.18, 38.77], ""scorePred"": [1, 0]}","{""preds"": [34.25, 32.28, 33.47], ""scorePred"": [1, 0]}","{""preds"": [18.4, 58.98, 22.62], ""scorePred"": [0, 1]}",,"{""preds"": [31.81, 36.53, 31.66], ""scorePred"": [0, 1]}","{""preds"": [27.44, 42.69, 29.87], ""scorePred"": [0, 1]}","{""preds"": [28.81, 40.91, 30.28], ""scorePred"": [0, 1]}","{""preds"": [21.01, 53.49, 25.5], ""scorePred"": [0, 1]}","{""preds"": [20.85, 54.59, 24.56], ""scorePred"": [0, 1]}","{""preds"": [30.65, 37.65, 31.7], ""scorePred"": [0, 1]}","{""preds"": [23.52, 50.31, 26.17], ""scorePred"": [0, 1]}","{""preds"": [21.8, 52.79, 25.41], ""scorePred"": [0, 1]}","{""preds"": [22.91, 50.58, 26.51], ""scorePred"": [0, 1]}","{""preds"": [33.42, 33.87, 32.71], ""scorePred"": [0, 1]}","{""preds"": [41.54, 21.74, 36.72], ""scorePred"": [1, 0]}","{""preds"": [29.71, 39.07, 31.22], ""scorePred"": [0, 1]}","{""preds"": [64.04, 35.96, 0.0], ""scorePred"": [1, 0]}","{""preds"": [34.38, 65.62, 0.0], ""scorePred"": [0, 1]}","{""preds"": [31.38, 68.62, 0.0], ""scorePred"": [0, 1]}","{""preds"": [34.37, 65.63, 0.0], ""scorePred"": [0, 1]}","{""preds"": [71.49, 28.51, 0.0], ""scorePred"": [1, 0]}","{""preds"": [37.8, 62.2, 0.0], ""scorePred"": [0, 1]}","{""preds"": [35.65, 64.35, 0.0], ""scorePred"": [0, 1]}","{""preds"": [34.32, 65.68, 0.0], ""scorePred"": [0, 1]}","{""preds"": [25.83, 74.17, 0.0], ""scorePred"": [0, 1]}","{""preds"": [48.7, 51.3, 0.0], ""scorePred"": [0, 1]}","{""preds"": [30.41, 69.59, 0.0], ""scorePred"": [0, 1]}","{""preds"": [31.54, 68.46, 0.0], ""scorePred"": [0, 1]}","{""preds"": [43.59, 56.41, 0.0], ""scorePred"": [0, 1]}","{""preds"": [31.98, 68.02, 0.0], ""scorePred"": [0, 1]}","{""preds"": [47.31, 52.69, 0.0], ""scorePred"": [0, 1]}","{""preds"": [45.64, 54.36, 0.0], ""scorePred"": [0, 1]}","{""preds"": [29.44, 70.56, 0.0], ""scorePred"": [0, 1]}","{""preds"": [100.0, 0.0, 0.0], ""scorePred"": [1, 0]}","{""preds"": [85.32, 14.68, 0.0], ""scorePred"": [1, 0]}","{""preds"": [50.71, 49.29, 0.0], ""scorePred"": [1, 0]}","{""preds"": [23.9, 76.1, 0.0], ""scorePred"": [0, 1]}",,"{""preds"": [46.26, 53.74, 0.0], ""scorePred"": [0, 1]}","{""preds"": [38.75, 61.25, 0.0], ""scorePred"": [0, 1]}","{""preds"": [40.29, 59.71, 0.0], ""scorePred"": [0, 1]}","{""preds"": [29.27, 70.73, 0.0], ""scorePred"": [0, 1]}","{""preds"": [26.53, 73.47, 0.0], ""scorePred"": [0, 1]}","{""preds"": [45.08, 54.92, 0.0], ""scorePred"": [0, 1]}","{""preds"": [30.94, 69.06, 0.0], ""scorePred"": [0, 1]}","{""preds"": [28.65, 71.35, 0.0], ""scorePred"": [0, 1]}","{""preds"": [30.95, 69.05, 0.0], ""scorePred"": [0, 1]}","{""preds"": [49.18, 50.82, 0.0], ""scorePred"": [0, 1]}","{""preds"": [65.54, 34.46, 0.0], ""scorePred"": [1, 0]}","{""preds"": [42.45, 57.55, 0.0], ""scorePred"": [0, 1]}"
NO,"{""preds"": [43.1, 22.3, 34.6], ""scorePred"": [1, 0]}","{""preds"": [27.83, 44.89, 27.28], ""scorePred"": [0, 1]}","{""preds"": [26.89, 47.7, 25.41], ""scorePred"": [0, 1]}","{""preds"": [27.87, 45.47, 26.66], ""scorePred"": [0, 1]}","{""preds"": [48.49, 16.13, 35.38], ""scorePred"": [1, 0]}","{""preds"": [30.25, 40.34, 29.41], ""scorePred"": [0, 1]}","{""preds"": [28.12, 44.33, 27.55], ""scorePred"": [0, 1]}","{""preds"": [27.75, 45.35, 26.9], ""scorePred"": [0, 1]}","{""preds"": [22.89, 53.01, 24.1], ""scorePred"": [0, 1]}","{""preds"": [36.59, 31.97, 31.44], ""scorePred"": [1, 0]}","{""preds"": [25.7, 49.33, 24.97], ""scorePred"": [0, 1]}","{""preds"": [26.01, 47.05, 26.94], ""scorePred"": [0, 1]}","{""preds"": [33.82, 36.0, 30.18], ""scorePred"": [0, 1]}","{""preds"": [26.05, 47.39, 26.56], ""scorePred"": [0, 1]}","{""preds"": [34.59, 33.77, 31.64], ""scorePred"": [1, 0]}","{""preds"": [35.19, 34.1, 30.71], ""scorePred"": [1, 0]}","{""preds"": [24.24, 50.83, 24.93], ""scorePred"": [0, 1]}","{""preds"": [61.86, 0.0, 38.14], ""scorePred"": [1, 0]}","{""preds"": [55.53, 7.91, 36.56], ""scorePred"": [1, 0]}","{""preds"": [37.14, 31.25, 31.61], ""scorePred"": [1, 0]}","{""preds"": [21.02, 56.1, 22.88], ""scorePred"": [0, 1]}","{""preds"": [36.7, 31.09, 32.21], ""scorePred"": [1, 0]}",,"{""preds"": [30.31, 41.06, 28.63], ""scorePred"": [0, 1]}","{""preds"": [31.28, 38.48, 30.24], ""scorePred"": [0, 1]}","{""preds"": [23.54, 51.72, 24.74], ""scorePred"": [0, 1]}","{""preds"": [23.36, 51.64, 25.0], ""scorePred"": [0, 1]}","{""preds"": [34.0, 35.13, 30.87], ""scorePred"": [0, 1]}","{""preds"": [25.76, 47.73, 26.51], ""scorePred"": [0, 1]}","{""preds"": [25.04, 49.21, 25.75], ""scorePred"": [0, 1]}","{""preds"": [25.25, 48.12, 26.63], ""scorePred"": [0, 1]}","{""preds"": [37.35, 30.72, 31.93], ""scorePred"": [1, 0]}","{""preds"": [45.51, 19.87, 34.62], ""scorePred"": [1, 0]}","{""preds"": [33.88, 35.69, 30.43], ""scorePred"": [0, 1]}","{""preds"": [67.15, 32.85, 0.0], ""scorePred"": [1, 0]}","{""preds"": [37.3, 62.7, 0.0], ""scorePred"": [0, 1]}","{""preds"": [36.55, 63.45, 0.0], ""scorePred"": [0, 1]}","{""preds"": [36.89, 63.11, 0.0], ""scorePred"": [0, 1]}","{""preds"": [74.52, 25.48, 0.0], ""scorePred"": [1, 0]}","{""preds"": [42.41, 57.59, 0.0], ""scorePred"": [0, 1]}","{""preds"": [38.27, 61.73, 0.0], ""scorePred"": [0, 1]}","{""preds"": [37.26, 62.74, 0.0], ""scorePred"": [0, 1]}","{""preds"": [28.88, 71.12, 0.0], ""scorePred"": [0, 1]}","{""preds"": [52.93, 47.07, 0.0], ""scorePred"": [1, 0]}","{""preds"": [34.56, 65.44, 0.0], ""scorePred"": [0, 1]}","{""preds"": [35.61, 64.39, 0.0], ""scorePred"": [0, 1]}","{""preds"": [49.69, 50.31, 0.0], ""scorePred"": [0, 1]}","{""preds"": [35.67, 64.33, 0.0], ""scorePred"": [0, 1]}","{""preds"": [50.54, 49.46, 0.0], ""scorePred"": [1, 0]}","{""preds"": [49.81, 50.19, 0.0], ""scorePred"": [0, 1]}","{""preds"": [33.46, 66.54, 0.0], ""scorePred"": [0, 1]}","{""preds"": [100.0, 0.0, 0.0], ""scorePred"": [1, 0]}","{""preds"": [86.79, 13.21, 0.0], ""scorePred"": [1, 0]}","{""preds"": [54.79, 45.21, 0.0], ""scorePred"": [1, 0]}","{""preds"": [26.62, 73.38, 0.0], ""scorePred"": [0, 1]}","{""preds"": [53.74, 46.26, 0.0], ""scorePred"": [1, 0]}",,"{""preds"": [42.16, 57.84, 0.0], ""scorePred"": [0, 1]}","{""preds"": [45.33, 54.67, 0.0], ""scorePred"": [0, 1]}","{""preds"": [31.99, 68.01, 0.0], ""scorePred"": [0, 1]}","{""preds"": [30.76, 69.24, 0.0], ""scorePred"": [0, 1]}","{""preds"": [48.75, 51.25, 0.0], ""scorePred"": [0, 1]}","{""preds"": [34.7, 65.3, 0.0], ""scorePred"": [0, 1]}","{""preds"": [32.18, 67.82, 0.0], ""scorePred"": [0, 1]}","{""preds"": [34.72, 65.28, 0.0], ""scorePred"": [0, 1]}","{""preds"": [53.04, 46.96, 0.0], ""scorePred"": [1, 0]}","{""preds"": [70.24, 29.76, 0.0], ""scorePred"": [1, 0]}","{""preds"": [47.54, 52.46, 0.0], ""scorePred"": [0, 1]}"
PL,"{""preds"": [50.14, 20.07, 29.79], ""scorePred"": [1, 0]}","{""preds"": [32.7, 41.09, 26.21], ""scorePred"": [0, 1]}","{""preds"": [31.19, 42.45, 26.36], ""scorePred"": [0, 1]}","{""preds"": [32.84, 40.89, 26.27], ""scorePred"": [0, 1]}","{""preds"": [54.97, 13.87, 31.16], ""scorePred"": [1, 0]}","{""preds"": [35.14, 36.62, 28.24], ""scorePred"": [0, 1]}","{""preds"": [33.2, 40.25, 26.55], ""scorePred"": [0, 1]}","{""preds"": [33.04, 40.32, 26.64], ""scorePred"": [0, 1]}","{""preds"": [26.56, 49.49, 23.95], ""scorePred"": [1, 2]}","{""preds"": [43.24, 26.95, 29.81], ""scorePred"": [1, 0]}","{""preds"": [30.97, 43.5, 25.53], ""scorePred"": [0, 1]}","{""preds"": [32.22, 41.86, 25.92], ""scorePred"": [0, 1]}","{""preds"": [39.97, 31.39, 28.64], ""scorePred"": [1, 0]}","{""preds"": [30.89, 43.03, 26.08], ""scorePred"": [0, 1]}","{""preds"": [41.58, 29.22, 29.2], ""scorePred"": [1, 0]}","{""preds"": [40.37, 30.02, 29.61], ""scorePred"": [1, 0]}","{""preds"": [29.27, 45.43, 25.3], ""scorePred"": [0, 1]}","{""preds"": [0.0, 99.98, 0.02], ""scorePred"": [2, 8]}","{""preds"": [18.81, 80.51, 0.68], ""scorePred"": [2, 8]}","{""preds"": [44.2, 26.66, 29.14], ""scorePred"": [1, 0]}","{""preds"": [25.26, 51.56, 23.18], ""scorePred"": [1, 2]}","{""preds"": [42.95, 27.38, 29.67], ""scorePred"": [1, 0]}","{""preds"": [40.38, 30.7, 28.92], ""scorePred"": [1, 0]}",,"{""preds"": [38.54, 34.04, 27.42], ""scorePred"": [1, 0]}","{""preds"": [28.37, 46.61, 25.02], ""scorePred"": [0, 1]}","{""preds"": [27.92, 47.93, 24.15], ""scorePred"": [1, 2]}","{""preds"": [40.03, 31.77, 28.2], ""scorePred"": [1, 0]}","{""preds"": [31.13, 43.62, 25.25], ""scorePred"": [0, 1]}","{""preds"": [29.33, 44.87, 25.8], ""scorePred"": [0, 1]}","{""preds"": [30.73, 43.12, 26.15], ""scorePred"": [0, 1]}","{""preds"": [41.86, 28.62, 29.52], ""scorePred"": [1, 0]}","{""preds"": [52.26, 16.98, 30.76], ""scorePred"": [1, 0]}","{""preds"": [38.98, 32.2, 28.82], ""scorePred"": [1, 0]}","{""preds"": [72.44, 27.56, 0.0], ""scorePred"": [1, 0]}","{""preds"": [43.78, 56.22, 0.0], ""scorePred"": [0, 1]}","{""preds"": [42.71, 57.29, 0.0], ""scorePred"": [0, 1]}","{""preds"": [45.36, 54.64, 0.0], ""scorePred"": [0, 1]}","{""preds"": [81.21, 18.79, 0.0], ""scorePred"": [1, 0]}","{""preds"": [49.62, 50.38, 0.0], ""scorePred"": [0, 1]}","{""preds"": [45.59, 54.41, 0.0], ""scorePred"": [0, 1]}","{""preds"": [44.79, 55.21, 0.0], ""scorePred"": [0, 1]}","{""preds"": [34.86, 65.14, 0.0], ""scorePred"": [1, 2]}","{""preds"": [61.82, 38.18, 0.0], ""scorePred"": [1, 0]}","{""preds"": [41.54, 58.46, 0.0], ""scorePred"": [0, 1]}","{""preds"": [41.38, 58.62, 0.0], ""scorePred"": [0, 1]}","{""preds"": [55.14, 44.86, 0.0], ""scorePred"": [1, 0]}","{""preds"": [40.67, 59.33, 0.0], ""scorePred"": [0, 1]}","{""preds"": [59.19, 40.81, 0.0], ""scorePred"": [1, 0]}","{""preds"": [58.47, 41.53, 0.0], ""scorePred"": [1, 0]}","{""preds"": [39.04, 60.96, 0.0], ""scorePred"": [0, 1]}","{""preds"": [0.0, 100.0, 0.0], ""scorePred"": [2, 8]}","{""preds"": [19.16, 80.84, 0.0], ""scorePred"": [2, 8]}","{""preds"": [61.72, 38.28, 0.0], ""scorePred"": [1, 0]}","{""preds"": [33.36, 66.64, 0.0], ""scorePred"": [1, 2]}","{""preds"": [60.85, 39.15, 0.0], ""scorePred"": [1, 0]}","{""preds"": [58.46, 41.54, 0.0], ""scorePred"": [1, 0]}",,"{""preds"": [51.86, 48.14, 0.0], ""scorePred"": [1, 0]}","{""preds"": [38.81, 61.19, 0.0], ""scorePred"": [0, 1]}","{""preds"": [37.25, 62.75, 0.0], ""scorePred"": [1, 2]}","{""preds"": [56.78, 43.22, 0.0], ""scorePred"": [1, 0]}","{""preds"": [41.03, 58.97, 0.0], ""scorePred"": [0, 1]}","{""preds"": [39.85, 60.15, 0.0], ""scorePred"": [0, 1]}","{""preds"": [41.58, 58.42, 0.0], ""scorePred"": [0, 1]}","{""preds"": [60.45, 39.55, 0.0], ""scorePred"": [1, 0]}","{""preds"": [73.95, 26.05, 0.0], ""scorePred"": [1, 0]}","{""preds"": [54.92, 45.08, 0.0], ""scorePred"": [1, 0]}"
PT,"{""preds"": [47.28, 19.74, 32.98], ""scorePred"": [1, 0]}","{""preds"": [30.04, 43.07, 26.89], ""scorePred"": [0, 1]}","{""preds"": [30.17, 43.53, 26.3], ""scorePred"": [0, 1]}","{""preds"": [30.78, 43.1, 26.12], ""scorePred"": [0, 1]}","{""preds"": [53.02, 14.88, 32.1], ""scorePred"": [1, 0]}","{""preds"": [33.5, 38.13, 28.37], ""scorePred"": [0, 1]}","{""preds"": [31.44, 41.34, 27.22], ""scorePred"": [0, 1]}","{""preds"": [31.34, 42.08, 26.58], ""scorePred"": [0, 1]}","{""preds"": [25.27, 50.67, 24.06], ""scorePred"": [0, 1]}","{""preds"": [41.37, 28.59, 30.04], ""scorePred"": [1, 0]}","{""preds"": [28.76, 45.7, 25.54], ""scorePred"": [0, 1]}","{""preds"": [29.36, 43.85, 26.79], ""scorePred"": [0, 1]}","{""preds"": [37.38, 33.12, 29.5], ""scorePred"": [1, 0]}","{""preds"": [29.5, 44.21, 26.29], ""scorePred"": [0, 1]}","{""preds"": [39.16, 30.92, 29.92], ""scorePred"": [1, 0]}","{""preds"": [38.17, 32.14, 29.69], ""scorePred"": [1, 0]}","{""preds"": [27.66, 45.93, 26.41], ""scorePred"": [0, 1]}","{""preds"": [0.0, 99.92, 0.08], ""scorePred"": [2, 7]}","{""preds"": [19.92, 79.35, 0.73], ""scorePred"": [2, 8]}","{""preds"": [41.02, 28.13, 30.85], ""scorePred"": [1, 0]}","{""preds"": [23.83, 53.19, 22.98], ""scorePred"": [1, 2]}","{""preds"": [39.98, 29.97, 30.05], ""scorePred"": [1, 0]}","{""preds"": [38.64, 31.4, 29.96], ""scorePred"": [1, 0]}","{""preds"": [33.58, 38.5, 27.92], ""scorePred"": [0, 1]}",,"{""preds"": [26.85, 48.34, 24.81], ""scorePred"": [0, 1]}","{""preds"": [27.0, 48.46, 24.54], ""scorePred"": [0, 1]}","{""preds"": [37.56, 33.05, 29.39], ""scorePred"": [1, 0]}","{""preds"": [29.05, 44.91, 26.04], ""scorePred"": [0, 1]}","{""preds"": [27.2, 47.24, 25.56], ""scorePred"": [0, 1]}","{""preds"": [28.86, 45.2, 25.94], ""scorePred"": [0, 1]}","{""preds"": [39.97, 28.51, 31.52], ""scorePred"": [1, 0]}","{""preds"": [49.82, 18.47, 31.71], ""scorePred"": [1, 0]}","{""preds"": [36.49, 34.51, 29.0], ""scorePred"": [1, 0]}","{""preds"": [71.0, 29.0, 0.0], ""scorePred"": [1, 0]}","{""preds"": [40.17, 59.83, 0.0], ""scorePred"": [0, 1]}","{""preds"": [41.42, 58.58, 0.0], ""scorePred"": [0, 1]}","{""preds"": [41.07, 58.93, 0.0], ""scorePred"": [0, 1]}","{""preds"": [77.77, 22.23, 0.0], ""scorePred"": [1, 0]}","{""preds"": [48.01, 51.99, 0.0], ""scorePred"": [0, 1]}","{""preds"": [43.57, 56.43, 0.0], ""scorePred"": [0, 1]}","{""preds"": [42.76, 57.24, 0.0], ""scorePred"": [0, 1]}","{""preds"": [32.99, 67.01, 0.0], ""scorePred"": [0, 1]}","{""preds"": [57.97, 42.03, 0.0], ""scorePred"": [1, 0]}","{""preds"": [38.13, 61.87, 0.0], ""scorePred"": [0, 1]}","{""preds"": [39.88, 60.12, 0.0], ""scorePred"": [0, 1]}","{""preds"": [53.32, 46.68, 0.0], ""scorePred"": [1, 0]}","{""preds"": [39.77, 60.23, 0.0], ""scorePred"": [0, 1]}","{""preds"": [54.54, 45.46, 0.0], ""scorePred"": [1, 0]}","{""preds"": [54.03, 45.97, 0.0], ""scorePred"": [1, 0]}","{""preds"": [36.65, 63.35, 0.0], ""scorePred"": [0, 1]}","{""preds"": [0.0, 100.0, 0.0], ""scorePred"": [2, 8]}","{""preds"": [19.2, 80.8, 0.0], ""scorePred"": [2, 8]}","{""preds"": [59.28, 40.72, 0.0], ""scorePred"": [1, 0]}","{""preds"": [31.66, 68.34, 0.0], ""scorePred"": [0, 1]}","{""preds"": [58.67, 41.33, 0.0], ""scorePred"": [1, 0]}","{""preds"": [54.13, 45.87, 0.0], ""scorePred"": [1, 0]}","{""preds"": [45.92, 54.08, 0.0], ""scorePred"": [0, 1]}",,"{""preds"": [36.48, 63.52, 0.0], ""scorePred"": [0, 1]}","{""preds"": [33.71, 66.29, 0.0], ""scorePred"": [0, 1]}","{""preds"": [53.63, 46.37, 0.0], ""scorePred"": [1, 0]}","{""preds"": [38.39, 61.61, 0.0], ""scorePred"": [0, 1]}","{""preds"": [36.36, 63.64, 0.0], ""scorePred"": [0, 1]}","{""preds"": [39.36, 60.64, 0.0], ""scorePred"": [0, 1]}","{""preds"": [58.46, 41.54, 0.0], ""scorePred"": [1, 0]}","{""preds"": [73.46, 26.54, 0.0], ""scorePred"": [1, 0]}","{""preds"": [52.19, 47.81, 0.0], ""scorePred"": [1, 0]}"
RO,"{""preds"": [60.95, 13.98, 25.07], ""scorePred"": [1, 0]}","{""preds"": [41.94, 33.94, 24.12], ""scorePred"": [2, 1]}","{""preds"": [41.53, 34.65, 23.82], ""scorePred"": [2, 1]}","{""preds"": [42.24, 33.07, 24.69], ""scorePred"": [2, 1]}","{""preds"": [33.41, 64.73, 1.86], ""scorePred"": [2, 9]}","{""preds"": [44.76, 29.73, 25.51], ""scorePred"": [2, 1]}","{""preds"": [43.3, 32.48, 24.22], ""scorePred"": [2, 1]}","{""preds"": [42.52, 33.44, 24.04], ""scorePred"": [2, 1]}","{""preds"": [37.15, 41.23, 21.62], ""scorePred"": [1, 2]}","{""preds"": [53.17, 22.23, 24.6], ""scorePred"": [1, 0]}","{""preds"": [40.39, 36.29, 23.32], ""scorePred"": [2, 1]}","{""preds"": [40.86, 35.14, 24.0], ""scorePred"": [2, 1]}","{""preds"": [49.46, 25.76, 24.78], ""scorePred"": [1, 0]}","{""preds"": [40.85, 34.66, 24.49], ""scorePred"": [2, 1]}","{""preds"": [51.21, 23.26, 25.53], ""scorePred"": [1, 0]}","{""preds"": [51.15, 23.28, 25.57], ""scorePred"": [1, 0]}","{""preds"": [38.69, 36.84, 24.47], ""scorePred"": [2, 1]}","{""preds"": [0.0, 99.97, 0.03], ""scorePred"": [2, 9]}","{""preds"": [19.99, 79.51, 0.5], ""scorePred"": [2, 9]}","{""preds"": [54.67, 20.27, 25.06], ""scorePred"": [1, 0]}","{""preds"": [34.16, 43.78, 22.06], ""scorePred"": [1, 2]}","{""preds"": [52.82, 21.76, 25.42], ""scorePred"": [1, 0]}","{""preds"": [51.93, 23.45, 24.62], ""scorePred"": [1, 0]}","{""preds"": [45.8, 29.23, 24.97], ""scorePred"": [1, 0]}","{""preds"": [47.77, 27.69, 24.54], ""scorePred"": [1, 0]}",,"{""preds"": [36.71, 39.46, 23.83], ""scorePred"": [1, 2]}","{""preds"": [51.38, 24.33, 24.29], ""scorePred"": [1, 0]}","{""preds"": [40.78, 35.17, 24.05], ""scorePred"": [2, 1]}","{""preds"": [38.32, 38.01, 23.67], ""scorePred"": [2, 1]}","{""preds"": [41.58, 34.54, 23.88], ""scorePred"": [2, 1]}","{""preds"": [53.57, 21.65, 24.78], ""scorePred"": [1, 0]}","{""preds"": [63.08, 12.73, 24.19], ""scorePred"": [1, 0]}","{""preds"": [49.32, 25.96, 24.72], ""scorePred"": [1, 0]}","{""preds"": [81.24, 18.76, 0.0], ""scorePred"": [1, 0]}","{""preds"": [55.42, 44.58, 0.0], ""scorePred"": [2, 1]}","{""preds"": [53.39, 46.61, 0.0], ""scorePred"": [2, 1]}","{""preds"": [56.51, 43.49, 0.0], ""scorePred"": [2, 1]}","{""preds"": [35.36, 64.64, 0.0], ""scorePred"": [2, 9]}","{""preds"": [60.57, 39.43, 0.0], ""scorePred"": [1, 0]}","{""preds"": [56.6, 43.4, 0.0], ""scorePred"": [1, 0]}","{""preds"": [55.98, 44.02, 0.0], ""scorePred"": [2, 1]}","{""preds"": [45.93, 54.07, 0.0], ""scorePred"": [1, 2]}","{""preds"": [70.12, 29.88, 0.0], ""scorePred"": [1, 0]}","{""preds"": [52.8, 47.2, 0.0], ""scorePred"": [2, 1]}","{""preds"": [54.7, 45.3, 0.0], ""scorePred"": [2, 1]}","{""preds"": [67.37, 32.63, 0.0], ""scorePred"": [1, 0]}","{""preds"": [53.77, 46.23, 0.0], ""scorePred"": [2, 1]}","{""preds"": [68.8, 31.2, 0.0], ""scorePred"": [1, 0]}","{""preds"": [67.52, 32.48, 0.0], ""scorePred"": [1, 0]}","{""preds"": [50.75, 49.25, 0.0], ""scorePred"": [2, 1]}","{""preds"": [0.0, 100.0, 0.0], ""scorePred"": [2, 8]}","{""preds"": [19.05, 80.95, 0.0], ""scorePred"": [2, 10]}","{""preds"": [72.04, 27.96, 0.0], ""scorePred"": [1, 0]}","{""preds"": [44.22, 55.78, 0.0], ""scorePred"": [1, 2]}","{""preds"": [70.13, 29.87, 0.0], ""scorePred"": [1, 0]}","{""preds"": [68.5, 31.5, 0.0], ""scorePred"": [1, 0]}","{""preds"": [61.38, 38.62, 0.0], ""scorePred"": [2, 1]}","{""preds"": [63.87, 36.13, 0.0], ""scorePred"": [1, 0]}",,"{""preds"": [48.49, 51.51, 0.0], ""scorePred"": [1, 2]}","{""preds"": [67.12, 32.88, 0.0], ""scorePred"": [1, 0]}","{""preds"": [52.85, 47.15, 0.0], ""scorePred"": [2, 1]}","{""preds"": [51.0, 49.0, 0.0], ""scorePred"": [2, 1]}","{""preds"": [54.09, 45.91, 0.0], ""scorePred"": [2, 1]}","{""preds"": [70.81, 29.19, 0.0], ""scorePred"": [1, 0]}","{""preds"": [83.58, 16.42, 0.0], ""scorePred"": [1, 0]}","{""preds"": [65.52, 34.48, 0.0], ""scorePred"": [1, 0]}"
RU,"{""preds"": [62.01, 13.96, 24.03], ""scorePred"": [1, 0]}","{""preds"": [44.36, 32.37, 23.27], ""scorePred"": [2, 1]}","{""preds"": [42.37, 33.37, 24.26], ""scorePred"": [2, 1]}","{""preds"": [43.67, 32.19, 24.14], ""scorePred"": [2, 1]}","{""preds"": [34.36, 64.04, 1.6], ""scorePred"": [2, 10]}","{""preds"": [46.9, 28.79, 24.31], ""scorePred"": [1, 0]}","{""preds"": [43.95, 31.72, 24.33], ""scorePred"": [2, 1]}","{""preds"": [44.53, 31.31, 24.16], ""scorePred"": [2, 1]}","{""preds"": [36.91, 40.35, 22.74], ""scorePred"": [1, 2]}","{""preds"": [54.71, 20.31, 24.98], ""scorePred"": [1, 0]}","{""preds"": [41.01, 35.48, 23.51], ""scorePred"": [2, 1]}","{""preds"": [42.59, 33.68, 23.73], ""scorePred"": [2, 1]}","{""preds"": [52.51, 23.45, 24.04], ""scorePred"": [1, 0]}","{""preds"": [42.59, 33.99, 23.42], ""scorePred"": [2, 1]}","{""preds"": [53.45, 22.82, 23.73], ""scorePred"": [1, 0]}","{""preds"": [52.13, 23.03, 24.84], ""scorePred"": [1, 0]}","{""preds"": [40.36, 35.8, 23.84], ""scorePred"": [2, 1]}","{""preds"": [0.0, 99.99, 0.01], ""scorePred"": [2, 10]}","{""preds"": [20.31, 79.25, 0.44], ""scorePred"": [2, 9]}","{""preds"": [52.46, 42.75, 4.79], ""scorePred"": [2, 0]}","{""preds"": [35.98, 41.48, 22.54], ""scorePred"": [1, 2]}","{""preds"": [55.64, 20.56, 23.8], ""scorePred"": [1, 0]}","{""preds"": [52.35, 23.14, 24.51], ""scorePred"": [1, 0]}","{""preds"": [46.22, 28.81, 24.97], ""scorePred"": [1, 0]}","{""preds"": [49.78, 25.33, 24.89], ""scorePred"": [1, 0]}","{""preds"": [38.3, 38.11, 23.59], ""scorePred"": [2, 1]}",,"{""preds"": [51.36, 24.44, 24.2], ""scorePred"": [1, 0]}","{""preds"": [41.64, 34.74, 23.62], ""scorePred"": [2, 1]}","{""preds"": [39.29, 37.63, 23.08], ""scorePred"": [2, 1]}","{""preds"": [43.24, 33.34, 23.42], ""scorePred"": [2, 1]}","{""preds"": [54.54, 21.13, 24.33], ""scorePred"": [1, 0]}","{""preds"": [64.35, 12.62, 23.03], ""scorePred"": [1, 0]}","{""preds"": [50.2, 25.9, 23.9], ""scorePred"": [1, 0]}","{""preds"": [82.29, 17.71, 0.0], ""scorePred"": [1, 0]}","{""preds"": [57.84, 42.16, 0.0], ""scorePred"": [2, 1]}","{""preds"": [57.04, 42.96, 0.0], ""scorePred"": [2, 1]}","{""preds"": [58.04, 41.96, 0.0], ""scorePred"": [2, 1]}","{""preds"": [34.26, 65.74, 0.0], ""scorePred"": [2, 10]}","{""preds"": [62.42, 37.58, 0.0], ""scorePred"": [1, 0]}","{""preds"": [57.75, 42.25, 0.0], ""scorePred"": [2, 1]}","{""preds"": [57.63, 42.37, 0.0], ""scorePred"": [2, 1]}","{""preds"": [47.89, 52.11, 0.0], ""scorePred"": [1, 2]}","{""preds"": [71.87, 28.13, 0.0], ""scorePred"": [1, 0]}","{""preds"": [53.69, 46.31, 0.0], ""scorePred"": [2, 1]}","{""preds"": [55.15, 44.85, 0.0], ""scorePred"": [2, 1]}","{""preds"": [66.88, 33.12, 0.0], ""scorePred"": [1, 0]}","{""preds"": [56.19, 43.81, 0.0], ""scorePred"": [2, 1]}","{""preds"": [71.07, 28.93, 0.0], ""scorePred"": [1, 0]}","{""preds"": [68.99, 31.01, 0.0], ""scorePred"": [1, 0]}","{""preds"": [51.73, 48.27, 0.0], ""scorePred"": [2, 1]}","{""preds"": [0.0, 100.0, 0.0], ""scorePred"": [2, 11]}","{""preds"": [19.7, 80.3, 0.0], ""scorePred"": [2, 11]}","{""preds"": [54.97, 45.03, 0.0], ""scorePred"": [2, 0]}","{""preds"": [45.44, 54.56, 0.0], ""scorePred"": [1, 2]}","{""preds"": [72.68, 27.32, 0.0], ""scorePred"": [1, 0]}","{""preds"": [68.57, 31.43, 0.0], ""scorePred"": [1, 0]}","{""preds"": [63.12, 36.88, 0.0], ""scorePred"": [1, 0]}","{""preds"": [65.0, 35.0, 0.0], ""scorePred"": [1, 0]}","{""preds"": [50.97, 49.03, 0.0], ""scorePred"": [2, 1]}",,"{""preds"": [68.48, 31.52, 0.0], ""scorePred"": [1, 0]}","{""preds"": [54.42, 45.58, 0.0], ""scorePred"": [2, 1]}","{""preds"": [52.37, 47.63, 0.0], ""scorePred"": [2, 1]}","{""preds"": [55.01, 44.99, 0.0], ""scorePred"": [2, 1]}","{""preds"": [72.96, 27.04, 0.0], ""scorePred"": [1, 0]}","{""preds"": [83.27, 16.73, 0.0], ""scorePred"": [1, 0]}","{""preds"": [66.45, 33.55, 0.0], ""scorePred"": [1, 0]}"
GB-SCT,"{""preds"": [44.21, 21.49, 34.3], ""scorePred"": [1, 0]}","{""preds"": [28.24, 45.92, 25.84], ""scorePred"": [0, 1]}","{""preds"": [27.42, 45.5, 27.08], ""scorePred"": [0, 1]}","{""preds"": [28.7, 44.24, 27.06], ""scorePred"": [0, 1]}","{""preds"": [49.45, 16.6, 33.95], ""scorePred"": [1, 0]}","{""preds"": [31.31, 39.92, 28.77], ""scorePred"": [0, 1]}","{""preds"": [28.55, 44.4, 27.05], ""scorePred"": [0, 1]}","{""preds"": [27.91, 44.3, 27.79], ""scorePred"": [0, 1]}","{""preds"": [22.97, 52.93, 24.1], ""scorePred"": [0, 1]}","{""preds"": [37.84, 31.2, 30.96], ""scorePred"": [1, 0]}","{""preds"": [26.67, 47.48, 25.85], ""scorePred"": [0, 1]}","{""preds"": [27.36, 45.97, 26.67], ""scorePred"": [0, 1]}","{""preds"": [35.1, 35.58, 29.32], ""scorePred"": [0, 1]}","{""preds"": [26.2, 46.91, 26.89], ""scorePred"": [0, 1]}","{""preds"": [36.22, 33.5, 30.28], ""scorePred"": [1, 0]}","{""preds"": [34.86, 34.17, 30.97], ""scorePred"": [1, 0]}","{""preds"": [25.21, 48.69, 26.1], ""scorePred"": [0, 1]}","{""preds"": [0.0, 99.99, 0.01], ""scorePred"": [2, 9]}","{""preds"": [19.27, 80.11, 0.62], ""scorePred"": [2, 8]}","{""preds"": [37.69, 30.62, 31.69], ""scorePred"": [1, 0]}","{""preds"": [21.68, 55.4, 22.92], ""scorePred"": [0, 1]}","{""preds"": [37.18, 30.88, 31.94], ""scorePred"": [1, 0]}","{""preds"": [34.46, 34.45, 31.09], ""scorePred"": [1, 0]}","{""preds"": [31.8, 39.72, 28.48], ""scorePred"": [0, 1]}","{""preds"": [32.79, 37.46, 29.75], ""scorePred"": [0, 1]}","{""preds"": [24.33, 50.5, 25.17], ""scorePred"": [0, 1]}","{""preds"": [23.94, 51.46, 24.6], ""scorePred"": [0, 1]}",,"{""preds"": [26.63, 47.0, 26.37], ""scorePred"": [0, 1]}","{""preds"": [24.79, 49.47, 25.74], ""scorePred"": [0, 1]}","{""preds"": [26.09, 47.4, 26.51], ""scorePred"": [0, 1]}","{""preds"": [37.41, 31.24, 31.35], ""scorePred"": [1, 0]}","{""preds"": [46.79, 19.49, 33.72], ""scorePred"": [1, 0]}","{""preds"": [33.73, 36.38, 29.89], ""scorePred"": [0, 1]}","{""preds"": [67.33, 32.67, 0.0], ""scorePred"": [1, 0]}","{""preds"": [37.56, 62.44, 0.0], ""scorePred"": [0, 1]}","{""preds"": [36.9, 63.1, 0.0], ""scorePred"": [0, 1]}","{""preds"": [38.37, 61.63, 0.0], ""scorePred"": [0, 1]}","{""preds"": [75.77, 24.23, 0.0], ""scorePred"": [1, 0]}","{""preds"": [43.04, 56.96, 0.0], ""scorePred"": [0, 1]}","{""preds"": [38.98, 61.02, 0.0], ""scorePred"": [0, 1]}","{""preds"": [38.24, 61.76, 0.0], ""scorePred"": [0, 1]}","{""preds"": [29.19, 70.81, 0.0], ""scorePred"": [0, 1]}","{""preds"": [54.97, 45.03, 0.0], ""scorePred"": [1, 0]}","{""preds"": [34.84, 65.16, 0.0], ""scorePred"": [0, 1]}","{""preds"": [37.76, 62.24, 0.0], ""scorePred"": [0, 1]}","{""preds"": [49.36, 50.64, 0.0], ""scorePred"": [0, 1]}","{""preds"": [35.46, 64.54, 0.0], ""scorePred"": [0, 1]}","{""preds"": [51.02, 48.98, 0.0], ""scorePred"": [1, 0]}","{""preds"": [50.46, 49.54, 0.0], ""scorePred"": [1, 0]}","{""preds"": [33.46, 66.54, 0.0], ""scorePred"": [0, 1]}","{""preds"": [0.0, 100.0, 0.0], ""scorePred"": [2, 7]}","{""preds"": [19.13, 80.87, 0.0], ""scorePred"": [2, 9]}","{""preds"": [57.01, 42.99, 0.0], ""scorePred"": [1, 0]}","{""preds"": [28.0, 72.0, 0.0], ""scorePred"": [0, 1]}","{""preds"": [54.0, 46.0, 0.0], ""scorePred"": [1, 0]}","{""preds"": [51.29, 48.71, 0.0], ""scorePred"": [1, 0]}","{""preds"": [44.28, 55.72, 0.0], ""scorePred"": [0, 1]}","{""preds"": [47.35, 52.65, 0.0], ""scorePred"": [0, 1]}","{""preds"": [34.72, 65.28, 0.0], ""scorePred"": [0, 1]}","{""preds"": [31.71, 68.29, 0.0], ""scorePred"": [0, 1]}",,"{""preds"": [36.78, 63.22, 0.0], ""scorePred"": [0, 1]}","{""preds"": [33.05, 66.95, 0.0], ""scorePred"": [0, 1]}","{""preds"": [36.94, 63.06, 0.0], ""scorePred"": [0, 1]}","{""preds"": [55.88, 44.12, 0.0], ""scorePred"": [1, 0]}","{""preds"": [70.26, 29.74, 0.0], ""scorePred"": [1, 0]}","{""preds"": [48.3, 51.7, 0.0], ""scorePred"": [0, 1]}"
RS,"{""preds"": [57.56, 15.67, 26.77], ""scorePred"": [1, 0]}","{""preds"": [38.77, 36.39, 24.84], ""scorePred"": [2, 1]}","{""preds"": [38.37, 36.91, 24.72], ""scorePred"": [2, 1]}","{""preds"": [40.03, 35.11, 24.86], ""scorePred"": [2, 1]}","{""preds"": [33.76, 64.41, 1.83], ""scorePred"": [2, 10]}","{""preds"": [42.81, 31.79, 25.4], ""scorePred"": [1, 0]}","{""preds"": [39.63, 35.45, 24.92], ""scorePred"": [2, 1]}","{""preds"": [40.52, 35.64, 23.84], ""scorePred"": [2, 1]}","{""preds"": [33.87, 43.06, 23.07], ""scorePred"": [1, 2]}","{""preds"": [50.6, 22.8, 26.6], ""scorePred"": [1, 0]}","{""preds"": [37.76, 38.04, 24.2], ""scorePred"": [1, 2]}","{""preds"": [37.17, 36.91, 25.92], ""scorePred"": [2, 1]}","{""preds"": [46.91, 26.34, 26.75], ""scorePred"": [1, 0]}","{""preds"": [37.68, 37.84, 24.48], ""scorePred"": [1, 2]}","{""preds"": [48.23, 25.26, 26.51], ""scorePred"": [1, 0]}","{""preds"": [47.78, 26.48, 25.74], ""scorePred"": [1, 0]}","{""preds"": [35.95, 40.42, 23.63], ""scorePred"": [1, 2]}","{""preds"": [0.0, 99.99, 0.01], ""scorePred"": [2, 10]}","{""preds"": [19.42, 80.14, 0.44], ""scorePred"": [2, 9]}","{""preds"": [50.85, 22.63, 26.52], ""scorePred"": [1, 0]}","{""preds"": [30.49, 45.64, 23.87], ""scorePred"": [1, 2]}","{""preds"": [50.57, 22.91, 26.52], ""scorePred"": [1, 0]}","{""preds"": [48.26, 25.65, 26.09], ""scorePred"": [1, 0]}","{""preds"": [43.49, 31.33, 25.18], ""scorePred"": [1, 0]}","{""preds"": [44.87, 29.49, 25.64], ""scorePred"": [1, 0]}","{""preds"": [35.24, 40.53, 24.23], ""scorePred"": [1, 2]}","{""preds"": [34.57, 42.39, 23.04], ""scorePred"": [1, 2]}","{""preds"": [46.78, 26.76, 26.46], ""scorePred"": [1, 0]}",,"{""preds"": [36.26, 39.56, 24.18], ""scorePred"": [1, 2]}","{""preds"": [38.17, 37.66, 24.17], ""scorePred"": [2, 1]}","{""preds"": [50.84, 22.95, 26.21], ""scorePred"": [1, 0]}","{""preds"": [58.82, 14.43, 26.75], ""scorePred"": [1, 0]}","{""preds"": [46.62, 27.63, 25.75], ""scorePred"": [1, 0]}","{""preds"": [78.76, 21.24, 0.0], ""scorePred"": [1, 0]}","{""preds"": [51.8, 48.2, 0.0], ""scorePred"": [2, 1]}","{""preds"": [51.58, 48.42, 0.0], ""scorePred"": [2, 1]}","{""preds"": [52.34, 47.66, 0.0], ""scorePred"": [2, 1]}","{""preds"": [35.04, 64.96, 0.0], ""scorePred"": [2, 10]}","{""preds"": [56.62, 43.38, 0.0], ""scorePred"": [1, 0]}","{""preds"": [53.58, 46.42, 0.0], ""scorePred"": [2, 1]}","{""preds"": [53.18, 46.82, 0.0], ""scorePred"": [2, 1]}","{""preds"": [43.05, 56.95, 0.0], ""scorePred"": [1, 2]}","{""preds"": [68.91, 31.09, 0.0], ""scorePred"": [1, 0]}","{""preds"": [47.98, 52.02, 0.0], ""scorePred"": [1, 2]}","{""preds"": [48.33, 51.67, 0.0], ""scorePred"": [1, 2]}","{""preds"": [62.19, 37.81, 0.0], ""scorePred"": [1, 0]}","{""preds"": [49.77, 50.23, 0.0], ""scorePred"": [1, 2]}","{""preds"": [66.61, 33.39, 0.0], ""scorePred"": [1, 0]}","{""preds"": [64.01, 35.99, 0.0], ""scorePred"": [1, 0]}","{""preds"": [47.17, 52.83, 0.0], ""scorePred"": [1, 2]}","{""preds"": [0.0, 100.0, 0.0], ""scorePred"": [2, 9]}","{""preds"": [19.43, 80.57, 0.0], ""scorePred"": [2, 8]}","{""preds"": [68.64, 31.36, 0.0], ""scorePred"": [1, 0]}","{""preds"": [41.02, 58.98, 0.0], ""scorePred"": [1, 2]}","{""preds"": [67.65, 32.35, 0.0], ""scorePred"": [1, 0]}","{""preds"": [64.86, 35.14, 0.0], ""scorePred"": [1, 0]}","{""preds"": [58.48, 41.52, 0.0], ""scorePred"": [1, 0]}","{""preds"": [61.31, 38.69, 0.0], ""scorePred"": [1, 0]}","{""preds"": [46.09, 53.91, 0.0], ""scorePred"": [1, 2]}","{""preds"": [44.66, 55.34, 0.0], ""scorePred"": [1, 2]}","{""preds"": [62.76, 37.24, 0.0], ""scorePred"": [1, 0]}",,"{""preds"": [47.97, 52.03, 0.0], ""scorePred"": [1, 2]}","{""preds"": [50.42, 49.58, 0.0], ""scorePred"": [2, 1]}","{""preds"": [67.84, 32.16, 0.0], ""scorePred"": [1, 0]}","{""preds"": [81.43, 18.57, 0.0], ""scorePred"": [1, 0]}","{""preds"": [62.44, 37.56, 0.0], ""scorePred"": [1, 0]}"
ES,"{""preds"": [60.65, 14.2, 25.15], ""scorePred"": [1, 0]}","{""preds"": [42.39, 33.05, 24.56], ""scorePred"": [2, 1]}","{""preds"": [40.56, 35.56, 23.88], ""scorePred"": [2, 1]}","{""preds"": [42.27, 33.29, 24.44], ""scorePred"": [2, 1]}","{""preds"": [34.23, 63.94, 1.83], ""scorePred"": [2, 9]}","{""preds"": [45.83, 30.16, 24.01], ""scorePred"": [1, 0]}","{""preds"": [41.94, 33.18, 24.88], ""scorePred"": [2, 1]}","{""preds"": [41.51, 34.13, 24.36], ""scorePred"": [2, 1]}","{""preds"": [35.92, 41.5, 22.58], ""scorePred"": [1, 2]}","{""preds"": [52.34, 21.61, 26.05], ""scorePred"": [1, 0]}","{""preds"": [38.16, 37.71, 24.13], ""scorePred"": [2, 1]}","{""preds"": [40.29, 35.7, 24.01], ""scorePred"": [2, 1]}","{""preds"": [49.17, 26.02, 24.81], ""scorePred"": [1, 0]}","{""preds"": [40.1, 35.54, 24.36], ""scorePred"": [2, 1]}","{""preds"": [52.45, 23.37, 24.18], ""scorePred"": [1, 0]}","{""preds"": [51.38, 23.96, 24.66], ""scorePred"": [1, 0]}","{""preds"": [37.37, 38.83, 23.8], ""scorePred"": [1, 2]}","{""preds"": [0.0, 99.98, 0.02], ""scorePred"": [2, 9]}","{""preds"": [19.58, 79.86, 0.56], ""scorePred"": [2, 9]}","{""preds"": [52.53, 22.11, 25.36], ""scorePred"": [1, 0]}","{""preds"": [33.22, 43.92, 22.86], ""scorePred"": [1, 2]}","{""preds"": [52.45, 22.33, 25.22], ""scorePred"": [1, 0]}","{""preds"": [50.41, 24.25, 25.34], ""scorePred"": [1, 0]}","{""preds"": [45.89, 29.42, 24.69], ""scorePred"": [1, 0]}","{""preds"": [46.63, 27.89, 25.48], ""scorePred"": [1, 0]}","{""preds"": [37.43, 39.24, 23.33], ""scorePred"": [1, 2]}","{""preds"": [36.3, 39.98, 23.72], ""scorePred"": [1, 2]}","{""preds"": [49.5, 24.87, 25.63], ""scorePred"": [1, 0]}","{""preds"": [39.9, 35.33, 24.77], ""scorePred"": [2, 1]}",,"{""preds"": [40.28, 35.94, 23.78], ""scorePred"": [2, 1]}","{""preds"": [52.31, 21.56, 26.13], ""scorePred"": [1, 0]}","{""preds"": [60.86, 12.83, 26.31], ""scorePred"": [1, 0]}","{""preds"": [48.1, 25.89, 26.01], ""scorePred"": [1, 0]}","{""preds"": [80.81, 19.19, 0.0], ""scorePred"": [1, 0]}","{""preds"": [53.89, 46.11, 0.0], ""scorePred"": [2, 1]}","{""preds"": [54.32, 45.68, 0.0], ""scorePred"": [2, 1]}","{""preds"": [55.7, 44.3, 0.0], ""scorePred"": [2, 1]}","{""preds"": [34.16, 65.84, 0.0], ""scorePred"": [2, 9]}","{""preds"": [59.6, 40.4, 0.0], ""scorePred"": [1, 0]}","{""preds"": [55.84, 44.16, 0.0], ""scorePred"": [2, 1]}","{""preds"": [55.49, 44.51, 0.0], ""scorePred"": [2, 1]}","{""preds"": [46.51, 53.49, 0.0], ""scorePred"": [1, 2]}","{""preds"": [70.36, 29.64, 0.0], ""scorePred"": [1, 0]}","{""preds"": [50.94, 49.06, 0.0], ""scorePred"": [2, 1]}","{""preds"": [53.61, 46.39, 0.0], ""scorePred"": [2, 1]}","{""preds"": [64.96, 35.04, 0.0], ""scorePred"": [1, 0]}","{""preds"": [53.25, 46.75, 0.0], ""scorePred"": [2, 1]}","{""preds"": [68.34, 31.66, 0.0], ""scorePred"": [1, 0]}","{""preds"": [67.0, 33.0, 0.0], ""scorePred"": [1, 0]}","{""preds"": [49.62, 50.38, 0.0], ""scorePred"": [1, 2]}","{""preds"": [0.0, 100.0, 0.0], ""scorePred"": [2, 9]}","{""preds"": [19.76, 80.24, 0.0], ""scorePred"": [2, 11]}","{""preds"": [71.93, 28.07, 0.0], ""scorePred"": [1, 0]}","{""preds"": [43.49, 56.51, 0.0], ""scorePred"": [1, 2]}","{""preds"": [71.17, 28.83, 0.0], ""scorePred"": [1, 0]}","{""preds"": [67.98, 32.02, 0.0], ""scorePred"": [1, 0]}","{""preds"": [60.42, 39.58, 0.0], ""scorePred"": [1, 0]}","{""preds"": [62.55, 37.45, 0.0], ""scorePred"": [1, 0]}","{""preds"": [48.46, 51.54, 0.0], ""scorePred"": [1, 2]}","{""preds"": [47.02, 52.98, 0.0], ""scorePred"": [1, 2]}","{""preds"": [66.22, 33.78, 0.0], ""scorePred"": [1, 0]}","{""preds"": [52.64, 47.36, 0.0], ""scorePred"": [2, 1]}",,"{""preds"": [52.2, 47.8, 0.0], ""scorePred"": [2, 1]}","{""preds"": [70.23, 29.77, 0.0], ""scorePred"": [1, 0]}","{""preds"": [82.8, 17.2, 0.0], ""scorePred"": [1, 0]}","{""preds"": [64.49, 35.51, 0.0], ""scorePred"": [1, 0]}"
SE,"{""preds"": [58.13, 16.06, 25.81], ""scorePred"": [1, 0]}","{""preds"": [38.01, 35.86, 26.13], ""scorePred"": [1, 0]}","{""preds"": [38.29, 37.87, 23.84], ""scorePred"": [2, 1]}","{""preds"": [40.21, 35.3, 24.49], ""scorePred"": [1, 0]}","{""preds"": [34.05, 64.3, 1.65], ""scorePred"": [2, 9]}","{""preds"": [42.7, 31.47, 25.83], ""scorePred"": [1, 0]}","{""preds"": [39.67, 34.98, 25.35], ""scorePred"": [1, 0]}","{""preds"": [38.76, 36.06, 25.18], ""scorePred"": [2, 1]}","{""preds"": [32.27, 43.95, 23.78], ""scorePred"": [1, 2]}","{""preds"": [50.46, 22.47, 27.07], ""scorePred"": [1, 0]}","{""preds"": [36.44, 38.93, 24.63], ""scorePred"": [1, 2]}","{""preds"": [38.45, 37.87, 23.68], ""scorePred"": [2, 1]}","{""preds"": [46.79, 26.77, 26.44], ""scorePred"": [1, 0]}","{""preds"": [37.9, 36.7, 25.4], ""scorePred"": [2, 1]}","{""preds"": [48.53, 24.38, 27.09], ""scorePred"": [1, 0]}","{""preds"": [49.2, 24.79, 26.01], ""scorePred"": [1, 0]}","{""preds"": [35.14, 40.14, 24.72], ""scorePred"": [1, 2]}","{""preds"": [0.0, 99.99, 0.01], ""scorePred"": [2, 9]}","{""preds"": [19.44, 80.0, 0.56], ""scorePred"": [2, 8]}","{""preds"": [50.49, 23.02, 26.49], ""scorePred"": [1, 0]}","{""preds"": [30.96, 45.86, 23.18], ""scorePred"": [1, 2]}","{""preds"": [51.11, 22.71, 26.18], ""scorePred"": [1, 0]}","{""preds"": [47.63, 26.31, 26.06], ""scorePred"": [1, 0]}","{""preds"": [43.28, 31.04, 25.68], ""scorePred"": [1, 0]}","{""preds"": [44.9, 29.16, 25.94], ""scorePred"": [1, 0]}","{""preds"": [35.37, 41.17, 23.46], ""scorePred"": [1, 2]}","{""preds"": [33.91, 41.5, 24.59], ""scorePred"": [1, 2]}","{""preds"": [47.28, 27.06, 25.66], ""scorePred"": [1, 0]}","{""preds"": [37.64, 37.21, 25.15], ""scorePred"": [2, 1]}","{""preds"": [36.64, 39.55, 23.81], ""scorePred"": [0, 1]}",,"{""preds"": [50.37, 23.23, 26.4], ""scorePred"": [1, 0]}","{""preds"": [59.26, 13.55, 27.19], ""scorePred"": [1, 0]}","{""preds"": [45.12, 28.22, 26.66], ""scorePred"": [1, 0]}","{""preds"": [79.15, 20.85, 0.0], ""scorePred"": [1, 0]}","{""preds"": [52.01, 47.99, 0.0], ""scorePred"": [1, 0]}","{""preds"": [52.11, 47.89, 0.0], ""scorePred"": [2, 1]}","{""preds"": [52.42, 47.58, 0.0], ""scorePred"": [2, 1]}","{""preds"": [34.44, 65.56, 0.0], ""scorePred"": [2, 9]}","{""preds"": [58.49, 41.51, 0.0], ""scorePred"": [1, 0]}","{""preds"": [53.72, 46.28, 0.0], ""scorePred"": [2, 1]}","{""preds"": [52.69, 47.31, 0.0], ""scorePred"": [1, 0]}","{""preds"": [43.06, 56.94, 0.0], ""scorePred"": [1, 2]}","{""preds"": [68.3, 31.7, 0.0], ""scorePred"": [1, 0]}","{""preds"": [48.51, 51.49, 0.0], ""scorePred"": [1, 2]}","{""preds"": [50.25, 49.75, 0.0], ""scorePred"": [2, 1]}","{""preds"": [63.12, 36.88, 0.0], ""scorePred"": [1, 0]}","{""preds"": [50.54, 49.46, 0.0], ""scorePred"": [2, 1]}","{""preds"": [66.2, 33.8, 0.0], ""scorePred"": [1, 0]}","{""preds"": [65.79, 34.21, 0.0], ""scorePred"": [1, 0]}","{""preds"": [47.95, 52.05, 0.0], ""scorePred"": [1, 2]}","{""preds"": [0.0, 100.0, 0.0], ""scorePred"": [2, 8]}","{""preds"": [19.02, 80.98, 0.0], ""scorePred"": [2, 10]}","{""preds"": [68.56, 31.44, 0.0], ""scorePred"": [1, 0]}","{""preds"": [40.86, 59.14, 0.0], ""scorePred"": [1, 2]}","{""preds"": [68.24, 31.76, 0.0], ""scorePred"": [1, 0]}","{""preds"": [64.13, 35.87, 0.0], ""scorePred"": [1, 0]}","{""preds"": [59.5, 40.5, 0.0], ""scorePred"": [1, 0]}","{""preds"": [60.12, 39.88, 0.0], ""scorePred"": [1, 0]}","{""preds"": [46.22, 53.78, 0.0], ""scorePred"": [1, 2]}","{""preds"": [45.63, 54.37, 0.0], ""scorePred"": [1, 2]}","{""preds"": [64.35, 35.65, 0.0], ""scorePred"": [1, 0]}","{""preds"": [49.97, 50.03, 0.0], ""scorePred"": [1, 2]}","{""preds"": [48.49, 51.51, 0.0], ""scorePred"": [1, 2]}",,"{""preds"": [68.71, 31.29, 0.0], ""scorePred"": [1, 0]}","{""preds"": [80.97, 19.03, 0.0], ""scorePred"": [1, 0]}","{""preds"": [61.75, 38.25, 0.0], ""scorePred"": [1, 0]}"
CH,"{""preds"": [40.82, 23.47, 35.71], ""scorePred"": [1, 0]}","{""preds"": [24.07, 49.17, 26.76], ""scorePred"": [0, 1]}","{""preds"": [23.41, 49.77, 26.82], ""scorePred"": [0, 1]}","{""preds"": [23.85, 47.96, 28.19], ""scorePred"": [0, 1]}","{""preds"": [44.3, 17.8, 37.9], ""scorePred"": [1, 0]}","{""preds"": [27.02, 43.38, 29.6], ""scorePred"": [0, 1]}","{""preds"": [25.19, 47.17, 27.64], ""scorePred"": [0, 1]}","{""preds"": [25.34, 47.79, 26.87], ""scorePred"": [0, 1]}","{""preds"": [20.15, 55.98, 23.87], ""scorePred"": [0, 1]}","{""preds"": [33.76, 33.21, 33.03], ""scorePred"": [1, 0]}","{""preds"": [23.3, 51.21, 25.49], ""scorePred"": [0, 1]}","{""preds"": [23.53, 49.03, 27.44], ""scorePred"": [0, 1]}","{""preds"": [30.97, 38.1, 30.93], ""scorePred"": [0, 1]}","{""preds"": [23.77, 49.84, 26.39], ""scorePred"": [0, 1]}","{""preds"": [31.94, 36.35, 31.71], ""scorePred"": [0, 1]}","{""preds"": [32.53, 35.7, 31.77], ""scorePred"": [0, 1]}","{""preds"": [21.8, 52.73, 25.47], ""scorePred"": [0, 1]}","{""preds"": [0.0, 99.95, 0.05], ""scorePred"": [1, 7]}","{""preds"": [19.92, 79.11, 0.97], ""scorePred"": [1, 9]}","{""preds"": [34.17, 32.77, 33.06], ""scorePred"": [1, 0]}","{""preds"": [18.46, 58.5, 23.04], ""scorePred"": [0, 1]}","{""preds"": [33.89, 33.67, 32.44], ""scorePred"": [1, 0]}","{""preds"": [32.68, 35.86, 31.46], ""scorePred"": [0, 1]}","{""preds"": [27.79, 43.9, 28.31], ""scorePred"": [0, 1]}","{""preds"": [28.9, 41.6, 29.5], ""scorePred"": [0, 1]}","{""preds"": [21.76, 53.29, 24.95], ""scorePred"": [0, 1]}","{""preds"": [20.17, 54.91, 24.92], ""scorePred"": [0, 1]}","{""preds"": [31.55, 37.52, 30.93], ""scorePred"": [0, 1]}","{""preds"": [23.3, 51.08, 25.62], ""scorePred"": [0, 1]}","{""preds"": [22.14, 52.54, 25.32], ""scorePred"": [0, 1]}","{""preds"": [22.94, 50.21, 26.85], ""scorePred"": [0, 1]}",,"{""preds"": [42.77, 21.37, 35.86], ""scorePred"": [1, 0]}","{""preds"": [29.74, 38.69, 31.57], ""scorePred"": [0, 1]}","{""preds"": [62.67, 37.33, 0.0], ""scorePred"": [1, 0]}","{""preds"": [33.64, 66.36, 0.0], ""scorePred"": [0, 1]}","{""preds"": [33.6, 66.4, 0.0], ""scorePred"": [0, 1]}","{""preds"": [33.92, 66.08, 0.0], ""scorePred"": [0, 1]}","{""preds"": [72.02, 27.98, 0.0], ""scorePred"": [1, 0]}","{""preds"": [39.34, 60.66, 0.0], ""scorePred"": [0, 1]}","{""preds"": [35.01, 64.99, 0.0], ""scorePred"": [0, 1]}","{""preds"": [34.21, 65.79, 0.0], ""scorePred"": [0, 1]}","{""preds"": [26.05, 73.95, 0.0], ""scorePred"": [0, 1]}","{""preds"": [50.03, 49.97, 0.0], ""scorePred"": [1, 0]}","{""preds"": [30.75, 69.25, 0.0], ""scorePred"": [0, 1]}","{""preds"": [31.56, 68.44, 0.0], ""scorePred"": [0, 1]}","{""preds"": [45.67, 54.33, 0.0], ""scorePred"": [0, 1]}","{""preds"": [31.75, 68.25, 0.0], ""scorePred"": [0, 1]}","{""preds"": [46.23, 53.77, 0.0], ""scorePred"": [0, 1]}","{""preds"": [46.37, 53.63, 0.0], ""scorePred"": [0, 1]}","{""preds"": [30.8, 69.2, 0.0], ""scorePred"": [0, 1]}","{""preds"": [0.0, 100.0, 0.0], ""scorePred"": [1, 8]}","{""preds"": [18.86, 81.14, 0.0], ""scorePred"": [1, 7]}","{""preds"": [50.76, 49.24, 0.0], ""scorePred"": [1, 0]}","{""preds"": [24.12, 75.88, 0.0], ""scorePred"": [0, 1]}","{""preds"": [49.78, 50.22, 0.0], ""scorePred"": [0, 1]}","{""preds"": [46.14, 53.86, 0.0], ""scorePred"": [0, 1]}","{""preds"": [38.84, 61.16, 0.0], ""scorePred"": [0, 1]}","{""preds"": [42.19, 57.81, 0.0], ""scorePred"": [0, 1]}","{""preds"": [29.34, 70.66, 0.0], ""scorePred"": [0, 1]}","{""preds"": [27.85, 72.15, 0.0], ""scorePred"": [0, 1]}","{""preds"": [44.53, 55.47, 0.0], ""scorePred"": [0, 1]}","{""preds"": [31.65, 68.35, 0.0], ""scorePred"": [0, 1]}","{""preds"": [29.44, 70.56, 0.0], ""scorePred"": [0, 1]}","{""preds"": [32.74, 67.26, 0.0], ""scorePred"": [0, 1]}",,"{""preds"": [67.01, 32.99, 0.0], ""scorePred"": [1, 0]}","{""preds"": [44.81, 55.19, 0.0], ""scorePred"": [0, 1]}"
TR,"{""preds"": [26.33, 30.82, 42.85], ""scorePred"": [0, 0]}","{""preds"": [14.29, 58.6, 27.11], ""scorePred"": [0, 1]}","{""preds"": [14.43, 58.4, 27.17], ""scorePred"": [0, 1]}","{""preds"": [14.55, 57.89, 27.56], ""scorePred"": [0, 1]}","{""preds"": [29.85, 24.06, 46.09], ""scorePred"": [0, 0]}","{""preds"": [16.52, 53.42, 30.06], ""scorePred"": [0, 1]}","{""preds"": [14.71, 57.39, 27.9], ""scorePred"": [0, 1]}","{""preds"": [14.9, 57.64, 27.46], ""scorePred"": [0, 1]}","{""preds"": [11.24, 65.73, 23.03], ""scorePred"": [0, 1]}","{""preds"": [21.86, 41.82, 36.32], ""scorePred"": [0, 1]}","{""preds"": [13.23, 60.35, 26.42], ""scorePred"": [0, 1]}","{""preds"": [14.43, 58.19, 27.38], ""scorePred"": [0, 1]}","{""preds"": [19.4, 47.01, 33.59], ""scorePred"": [0, 1]}","{""preds"": [13.88, 58.82, 27.3], ""scorePred"": [0, 1]}","{""preds"": [20.51, 44.79, 34.7], ""scorePred"": [0, 1]}","{""preds"": [19.54, 46.36, 34.1], ""scorePred"": [0, 1]}","{""preds"": [13.05, 61.86, 25.09], ""scorePred"": [0, 1]}","{""preds"": [42.29, 0.0, 57.71], ""scorePred"": [0, 0]}","{""preds"": [35.57, 12.33, 52.1], ""scorePred"": [0, 0]}","{""preds"": [21.54, 41.13, 37.33], ""scorePred"": [0, 1]}","{""preds"": [10.81, 67.4, 21.79], ""scorePred"": [0, 1]}","{""preds"": [21.31, 41.39, 37.3], ""scorePred"": [0, 1]}","{""preds"": [20.32, 45.54, 34.14], ""scorePred"": [0, 1]}","{""preds"": [17.06, 51.8, 31.14], ""scorePred"": [0, 1]}","{""preds"": [17.81, 49.98, 32.21], ""scorePred"": [0, 1]}","{""preds"": [12.69, 61.81, 25.5], ""scorePred"": [0, 1]}","{""preds"": [11.85, 63.43, 24.72], ""scorePred"": [0, 1]}","{""preds"": [18.76, 46.47, 34.77], ""scorePred"": [0, 1]}","{""preds"": [14.15, 58.89, 26.96], ""scorePred"": [0, 1]}","{""preds"": [13.13, 62.76, 24.11], ""scorePred"": [0, 1]}","{""preds"": [13.8, 59.47, 26.73], ""scorePred"": [0, 1]}","{""preds"": [21.43, 42.24, 36.33], ""scorePred"": [0, 1]}",,"{""preds"": [18.7, 47.86, 33.44], ""scorePred"": [0, 1]}","{""preds"": [46.78, 53.22, 0.0], ""scorePred"": [0, 1]}","{""preds"": [20.11, 79.89, 0.0], ""scorePred"": [0, 1]}","{""preds"": [20.16, 79.84, 0.0], ""scorePred"": [0, 1]}","{""preds"": [21.72, 78.28, 0.0], ""scorePred"": [0, 1]}","{""preds"": [56.5, 43.5, 0.0], ""scorePred"": [1, 0]}","{""preds"": [24.08, 75.92, 0.0], ""scorePred"": [0, 1]}","{""preds"": [21.49, 78.51, 0.0], ""scorePred"": [0, 1]}","{""preds"": [20.77, 79.23, 0.0], ""scorePred"": [0, 1]}","{""preds"": [14.24, 85.76, 0.0], ""scorePred"": [0, 1]}","{""preds"": [33.43, 66.57, 0.0], ""scorePred"": [0, 1]}","{""preds"": [18.1, 81.9, 0.0], ""scorePred"": [0, 1]}","{""preds"": [19.56, 80.44, 0.0], ""scorePred"": [0, 1]}","{""preds"": [28.45, 71.55, 0.0], ""scorePred"": [0, 1]}","{""preds"": [18.42, 81.58, 0.0], ""scorePred"": [0, 1]}","{""preds"": [30.45, 69.55, 0.0], ""scorePred"": [0, 1]}","{""preds"": [29.88, 70.12, 0.0], ""scorePred"": [0, 1]}","{""preds"": [17.37, 82.63, 0.0], ""scorePred"": [0, 1]}","{""preds"": [100.0, 0.0, 0.0], ""scorePred"": [1, 0]}","{""preds"": [74.77, 25.23, 0.0], ""scorePred"": [1, 0]}","{""preds"": [33.67, 66.33, 0.0], ""scorePred"": [0, 1]}","{""preds"": [13.48, 86.52, 0.0], ""scorePred"": [0, 1]}","{""preds"": [34.54, 65.46, 0.0], ""scorePred"": [0, 1]}","{""preds"": [31.17, 68.83, 0.0], ""scorePred"": [0, 1]}","{""preds"": [24.42, 75.58, 0.0], ""scorePred"": [0, 1]}","{""preds"": [26.16, 73.84, 0.0], ""scorePred"": [0, 1]}","{""preds"": [16.97, 83.03, 0.0], ""scorePred"": [0, 1]}","{""preds"": [15.91, 84.09, 0.0], ""scorePred"": [0, 1]}","{""preds"": [29.34, 70.66, 0.0], ""scorePred"": [0, 1]}","{""preds"": [18.55, 81.45, 0.0], ""scorePred"": [0, 1]}","{""preds"": [16.9, 83.1, 0.0], ""scorePred"": [0, 1]}","{""preds"": [19.29, 80.71, 0.0], ""scorePred"": [0, 1]}","{""preds"": [31.89, 68.11, 0.0], ""scorePred"": [0, 1]}",,"{""preds"": [28.95, 71.05, 0.0], ""scorePred"": [0, 1]}"
GB-WLS,"{""preds"": [45.91, 21.04, 33.05], ""scorePred"": [1, 0]}","{""preds"": [28.58, 44.53, 26.89], ""scorePred"": [0, 1]}","{""preds"": [29.01, 44.26, 26.73], ""scorePred"": [0, 1]}","{""preds"": [28.99, 43.98, 27.03], ""scorePred"": [0, 1]}","{""preds"": [49.83, 15.28, 34.89], ""scorePred"": [1, 0]}","{""preds"": [31.4, 40.49, 28.11], ""scorePred"": [0, 1]}","{""preds"": [29.5, 44.17, 26.33], ""scorePred"": [0, 1]}","{""preds"": [29.17, 44.6, 26.23], ""scorePred"": [0, 1]}","{""preds"": [23.91, 51.88, 24.21], ""scorePred"": [0, 1]}","{""preds"": [39.0, 29.59, 31.41], ""scorePred"": [1, 0]}","{""preds"": [27.36, 46.51, 26.13], ""scorePred"": [0, 1]}","{""preds"": [26.9, 46.41, 26.69], ""scorePred"": [0, 1]}","{""preds"": [35.66, 34.04, 30.3], ""scorePred"": [1, 0]}","{""preds"": [27.89, 46.15, 25.96], ""scorePred"": [0, 1]}","{""preds"": [37.89, 32.59, 29.52], ""scorePred"": [1, 0]}","{""preds"": [36.03, 33.65, 30.32], ""scorePred"": [1, 0]}","{""preds"": [26.43, 48.63, 24.94], ""scorePred"": [0, 1]}","{""preds"": [0.0, 99.95, 0.05], ""scorePred"": [2, 7]}","{""preds"": [19.52, 79.84, 0.64], ""scorePred"": [2, 8]}","{""preds"": [40.23, 28.85, 30.92], ""scorePred"": [1, 0]}","{""preds"": [21.99, 54.48, 23.53], ""scorePred"": [0, 1]}","{""preds"": [38.19, 30.47, 31.34], ""scorePred"": [1, 0]}","{""preds"": [35.89, 33.42, 30.69], ""scorePred"": [1, 0]}","{""preds"": [32.24, 39.06, 28.7], ""scorePred"": [0, 1]}","{""preds"": [34.45, 37.22, 28.33], ""scorePred"": [0, 1]}","{""preds"": [25.51, 49.56, 24.93], ""scorePred"": [0, 1]}","{""preds"": [25.75, 50.29, 23.96], ""scorePred"": [0, 1]}","{""preds"": [35.68, 33.49, 30.83], ""scorePred"": [1, 0]}","{""preds"": [28.29, 45.97, 25.74], ""scorePred"": [0, 1]}","{""preds"": [25.63, 48.23, 26.14], ""scorePred"": [0, 1]}","{""preds"": [27.86, 45.25, 26.89], ""scorePred"": [0, 1]}","{""preds"": [37.59, 30.5, 31.91], ""scorePred"": [1, 0]}","{""preds"": [47.91, 19.4, 32.69], ""scorePred"": [1, 0]}",,"{""preds"": [68.52, 31.48, 0.0], ""scorePred"": [1, 0]}","{""preds"": [39.33, 60.67, 0.0], ""scorePred"": [0, 1]}","{""preds"": [37.77, 62.23, 0.0], ""scorePred"": [0, 1]}","{""preds"": [40.32, 59.68, 0.0], ""scorePred"": [0, 1]}","{""preds"": [77.19, 22.81, 0.0], ""scorePred"": [1, 0]}","{""preds"": [44.79, 55.21, 0.0], ""scorePred"": [0, 1]}","{""preds"": [40.05, 59.95, 0.0], ""scorePred"": [0, 1]}","{""preds"": [39.6, 60.4, 0.0], ""scorePred"": [0, 1]}","{""preds"": [31.63, 68.37, 0.0], ""scorePred"": [0, 1]}","{""preds"": [56.88, 43.12, 0.0], ""scorePred"": [1, 0]}","{""preds"": [35.43, 64.57, 0.0], ""scorePred"": [0, 1]}","{""preds"": [37.23, 62.77, 0.0], ""scorePred"": [0, 1]}","{""preds"": [51.38, 48.62, 0.0], ""scorePred"": [1, 0]}","{""preds"": [37.56, 62.44, 0.0], ""scorePred"": [0, 1]}","{""preds"": [54.14, 45.86, 0.0], ""scorePred"": [1, 0]}","{""preds"": [52.04, 47.96, 0.0], ""scorePred"": [1, 0]}","{""preds"": [36.36, 63.64, 0.0], ""scorePred"": [0, 1]}","{""preds"": [0.0, 100.0, 0.0], ""scorePred"": [2, 7]}","{""preds"": [18.98, 81.02, 0.0], ""scorePred"": [2, 8]}","{""preds"": [57.5, 42.5, 0.0], ""scorePred"": [1, 0]}","{""preds"": [28.83, 71.17, 0.0], ""scorePred"": [0, 1]}","{""preds"": [56.25, 43.75, 0.0], ""scorePred"": [1, 0]}","{""preds"": [52.52, 47.48, 0.0], ""scorePred"": [1, 0]}","{""preds"": [44.76, 55.24, 0.0], ""scorePred"": [0, 1]}","{""preds"": [47.4, 52.6, 0.0], ""scorePred"": [0, 1]}","{""preds"": [34.01, 65.99, 0.0], ""scorePred"": [0, 1]}","{""preds"": [33.8, 66.2, 0.0], ""scorePred"": [0, 1]}","{""preds"": [50.97, 49.03, 0.0], ""scorePred"": [1, 0]}","{""preds"": [37.49, 62.51, 0.0], ""scorePred"": [0, 1]}","{""preds"": [34.91, 65.09, 0.0], ""scorePred"": [0, 1]}","{""preds"": [37.15, 62.85, 0.0], ""scorePred"": [0, 1]}","{""preds"": [56.44, 43.56, 0.0], ""scorePred"": [1, 0]}","{""preds"": [71.36, 28.64, 0.0], ""scorePred"": [1, 0]}",
