home_team,AL_1,AT_1,BE_1,BG_1,CY_1,CZ_1,DK_1,GB-ENG_1,FO_1,FI_1,FR_1,DE_1,GR_1,HU_1,IS_1,IE_1,IT_1,LI_1,LU_1,MT_1,NL_1,GB-NIR_1,NO_1,PL_1,PT_1,RO_1,RU_1,SM_1,GB-SCT_1,RS_1,ES_1,SE_1,CH_1,TR_1,GB-WLS_1,AL_0,AT_0,BE_0,BG_0,CY_0,CZ_0,DK_0,GB-ENG_0,FO_0,FI_0,FR_0,DE_0,GR_0,HU_0,IS_0,IE_0,IT_0,LI_0,LU_0,MT_0,NL_0,GB-NIR_0,NO_0,PL_0,PT_0,RO_0,RU_0,SM_0,GB-SCT_0,RS_0,ES_0,SE_0,CH_0,TR_0,GB-WLS_0
AL,,"{""preds"": [14.69, 54.44, 30.87], ""scorePred"": [0, 1]}","{""preds"": [10.41, 66.08, 23.51], ""scorePred"": [0, 1]}","{""preds"": [11.43, 62.52, 26.05], ""scorePred"": [0, 1]}","{""preds"": [24.48, 29.74, 45.78], ""scorePred"": [0, 0]}","{""preds"": [11.95, 62.16, 25.89], ""scorePred"": [0, 1]}","{""preds"": [12.09, 61.49, 26.42], ""scorePred"": [0, 1]}","{""preds"": [12.14, 59.02, 28.84], ""scorePred"": [0, 1]}","{""preds"": [20.59, 37.65, 41.76], ""scorePred"": [0, 0]}","{""preds"": [19.68, 38.58, 41.74], ""scorePred"": [0, 0]}","{""preds"": [8.87, 69.69, 21.44], ""scorePred"": [0, 1]}","{""preds"": [9.42, 68.67, 21.91], ""scorePred"": [0, 1]}","{""preds"": [13.85, 55.35, 30.8], ""scorePred"": [0, 1]}","{""preds"": [13.12, 57.28, 29.6], ""scorePred"": [0, 1]}","{""preds"": [14.55, 53.94, 31.51], ""scorePred"": [0, 1]}","{""preds"": [12.01, 60.61, 27.38], ""scorePred"": [0, 1]}","{""preds"": [12.3, 59.62, 28.08], ""scorePred"": [0, 1]}","{""preds"": [25.17, 27.4, 47.43], ""scorePred"": [0, 0]}","{""preds"": [25.1, 27.49, 47.41], ""scorePred"": [0, 0]}","{""preds"": [20.53, 37.23, 42.24], ""scorePred"": [0, 0]}","{""preds"": [10.94, 63.57, 25.49], ""scorePred"": [0, 1]}","{""preds"": [15.39, 52.07, 32.54], ""scorePred"": [0, 1]}","{""preds"": [12.07, 61.12, 26.81], ""scorePred"": [0, 1]}","{""preds"": [12.51, 58.58, 28.91], ""scorePred"": [0, 1]}","{""preds"": [13.91, 54.62, 31.47], ""scorePred"": [0, 1]}","{""preds"": [10.84, 65.58, 23.58], ""scorePred"": [0, 1]}","{""preds"": [11.02, 63.06, 25.92], ""scorePred"": [0, 1]}","{""preds"": [33.25, 6.74, 60.01], ""scorePred"": [0, 0]}","{""preds"": [14.41, 54.0, 31.59], ""scorePred"": [0, 1]}","{""preds"": [8.5, 68.89, 22.61], ""scorePred"": [0, 1]}","{""preds"": [9.62, 66.56, 23.82], ""scorePred"": [0, 1]}","{""preds"": [8.55, 71.34, 20.11], ""scorePred"": [0, 1]}","{""preds"": [10.63, 65.2, 24.17], ""scorePred"": [0, 1]}","{""preds"": [17.04, 46.22, 36.74], ""scorePred"": [0, 1]}","{""preds"": [17.34, 46.36, 36.3], ""scorePred"": [0, 1]}",,"{""preds"": [20.75, 79.25, 0.0], ""scorePred"": [0, 1]}","{""preds"": [13.19, 86.81, 0.0], ""scorePred"": [0, 1]}","{""preds"": [15.47, 84.53, 0.0], ""scorePred"": [0, 1]}","{""preds"": [44.09, 55.91, 0.0], ""scorePred"": [0, 1]}","{""preds"": [16.54, 83.46, 0.0], ""scorePred"": [0, 1]}","{""preds"": [15.6, 84.4, 0.0], ""scorePred"": [0, 1]}","{""preds"": [17.19, 82.81, 0.0], ""scorePred"": [0, 1]}","{""preds"": [35.58, 64.42, 0.0], ""scorePred"": [0, 1]}","{""preds"": [34.48, 65.52, 0.0], ""scorePred"": [0, 1]}","{""preds"": [11.62, 88.38, 0.0], ""scorePred"": [0, 1]}","{""preds"": [11.1, 88.9, 0.0], ""scorePred"": [0, 1]}","{""preds"": [19.86, 80.14, 0.0], ""scorePred"": [0, 1]}","{""preds"": [18.55, 81.45, 0.0], ""scorePred"": [0, 1]}","{""preds"": [20.98, 79.02, 0.0], ""scorePred"": [0, 1]}","{""preds"": [17.15, 82.85, 0.0], ""scorePred"": [0, 1]}","{""preds"": [18.27, 81.73, 0.0], ""scorePred"": [0, 1]}","{""preds"": [46.34, 53.66, 0.0], ""scorePred"": [0, 1]}","{""preds"": [47.27, 52.73, 0.0], ""scorePred"": [0, 1]}","{""preds"": [35.91, 64.09, 0.0], ""scorePred"": [0, 1]}","{""preds"": [14.28, 85.72, 0.0], ""scorePred"": [0, 1]}","{""preds"": [22.52, 77.48, 0.0], ""scorePred"": [0, 1]}","{""preds"": [16.03, 83.97, 0.0], ""scorePred"": [0, 1]}","{""preds"": [18.23, 81.77, 0.0], ""scorePred"": [0, 1]}","{""preds"": [20.66, 79.34, 0.0], ""scorePred"": [0, 1]}","{""preds"": [13.6, 86.4, 0.0], ""scorePred"": [0, 1]}","{""preds"": [15.96, 84.04, 0.0], ""scorePred"": [0, 1]}","{""preds"": [83.59, 16.41, 0.0], ""scorePred"": [1, 0]}","{""preds"": [20.72, 79.28, 0.0], ""scorePred"": [0, 1]}","{""preds"": [11.83, 88.17, 0.0], ""scorePred"": [0, 1]}","{""preds"": [12.48, 87.52, 0.0], ""scorePred"": [0, 1]}","{""preds"": [10.85, 89.15, 0.0], ""scorePred"": [0, 1]}","{""preds"": [12.88, 87.12, 0.0], ""scorePred"": [0, 1]}","{""preds"": [26.66, 73.34, 0.0], ""scorePred"": [0, 1]}","{""preds"": [26.45, 73.55, 0.0], ""scorePred"": [0, 1]}"
AT,"{""preds"": [54.7, 14.14, 31.16], ""scorePred"": [1, 0]}",,"{""preds"": [28.7, 47.5, 23.8], ""scorePred"": [0, 1]}","{""preds"": [31.15, 43.27, 25.58], ""scorePred"": [0, 1]}","{""preds"": [52.8, 16.41, 30.79], ""scorePred"": [1, 0]}","{""preds"": [31.58, 41.86, 26.56], ""scorePred"": [0, 1]}","{""preds"": [31.02, 43.21, 25.77], ""scorePred"": [0, 1]}","{""preds"": [33.78, 39.41, 26.81], ""scorePred"": [0, 1]}","{""preds"": [48.24, 22.19, 29.57], ""scorePred"": [1, 0]}","{""preds"": [46.55, 23.46, 29.99], ""scorePred"": [1, 0]}","{""preds"": [26.32, 51.09, 22.59], ""scorePred"": [1, 2]}","{""preds"": [26.12, 50.37, 23.51], ""scorePred"": [1, 2]}","{""preds"": [35.37, 37.17, 27.46], ""scorePred"": [0, 1]}","{""preds"": [33.85, 39.56, 26.59], ""scorePred"": [0, 1]}","{""preds"": [36.73, 34.99, 28.28], ""scorePred"": [1, 0]}","{""preds"": [32.83, 41.03, 26.14], ""scorePred"": [0, 1]}","{""preds"": [32.72, 40.29, 26.99], ""scorePred"": [0, 1]}","{""preds"": [53.37, 15.51, 31.12], ""scorePred"": [1, 0]}","{""preds"": [54.29, 15.04, 30.67], ""scorePred"": [1, 0]}","{""preds"": [47.99, 21.5, 30.51], ""scorePred"": [1, 0]}","{""preds"": [30.61, 44.7, 24.69], ""scorePred"": [0, 1]}","{""preds"": [37.12, 33.46, 29.42], ""scorePred"": [1, 0]}","{""preds"": [32.15, 40.83, 27.02], ""scorePred"": [0, 1]}","{""preds"": [34.43, 38.55, 27.02], ""scorePred"": [0, 1]}","{""preds"": [36.14, 35.7, 28.16], ""scorePred"": [1, 0]}","{""preds"": [28.74, 46.44, 24.82], ""scorePred"": [0, 1]}","{""preds"": [30.81, 43.53, 25.66], ""scorePred"": [0, 1]}","{""preds"": [10.25, 89.57, 0.18], ""scorePred"": [2, 9]}","{""preds"": [35.96, 36.1, 27.94], ""scorePred"": [0, 1]}","{""preds"": [26.63, 50.05, 23.32], ""scorePred"": [1, 2]}","{""preds"": [27.3, 48.79, 23.91], ""scorePred"": [1, 2]}","{""preds"": [24.64, 52.2, 23.16], ""scorePred"": [1, 2]}","{""preds"": [29.0, 46.36, 24.64], ""scorePred"": [0, 1]}","{""preds"": [42.44, 28.91, 28.65], ""scorePred"": [1, 0]}","{""preds"": [41.79, 27.68, 30.53], ""scorePred"": [1, 0]}","{""preds"": [79.03, 20.97, 0.0], ""scorePred"": [1, 0]}",,"{""preds"": [38.27, 61.73, 0.0], ""scorePred"": [1, 2]}","{""preds"": [43.1, 56.9, 0.0], ""scorePred"": [0, 1]}","{""preds"": [75.73, 24.27, 0.0], ""scorePred"": [1, 0]}","{""preds"": [43.18, 56.82, 0.0], ""scorePred"": [0, 1]}","{""preds"": [43.05, 56.95, 0.0], ""scorePred"": [0, 1]}","{""preds"": [47.3, 52.7, 0.0], ""scorePred"": [0, 1]}","{""preds"": [68.34, 31.66, 0.0], ""scorePred"": [1, 0]}","{""preds"": [66.17, 33.83, 0.0], ""scorePred"": [1, 0]}","{""preds"": [34.13, 65.87, 0.0], ""scorePred"": [0, 1]}","{""preds"": [34.98, 65.02, 0.0], ""scorePred"": [0, 1]}","{""preds"": [50.03, 49.97, 0.0], ""scorePred"": [1, 0]}","{""preds"": [46.14, 53.86, 0.0], ""scorePred"": [0, 1]}","{""preds"": [50.37, 49.63, 0.0], ""scorePred"": [1, 0]}","{""preds"": [43.73, 56.27, 0.0], ""scorePred"": [0, 1]}","{""preds"": [45.26, 54.74, 0.0], ""scorePred"": [0, 1]}","{""preds"": [76.84, 23.16, 0.0], ""scorePred"": [1, 0]}","{""preds"": [77.52, 22.48, 0.0], ""scorePred"": [1, 0]}","{""preds"": [69.21, 30.79, 0.0], ""scorePred"": [1, 0]}","{""preds"": [39.98, 60.02, 0.0], ""scorePred"": [0, 1]}","{""preds"": [52.76, 47.24, 0.0], ""scorePred"": [1, 0]}","{""preds"": [43.31, 56.69, 0.0], ""scorePred"": [0, 1]}","{""preds"": [47.98, 52.02, 0.0], ""scorePred"": [0, 1]}","{""preds"": [49.85, 50.15, 0.0], ""scorePred"": [0, 1]}","{""preds"": [37.34, 62.66, 0.0], ""scorePred"": [1, 2]}","{""preds"": [41.29, 58.71, 0.0], ""scorePred"": [0, 1]}","{""preds"": [10.53, 89.47, 0.0], ""scorePred"": [2, 7]}","{""preds"": [50.27, 49.73, 0.0], ""scorePred"": [1, 0]}","{""preds"": [33.2, 66.8, 0.0], ""scorePred"": [1, 2]}","{""preds"": [35.92, 64.08, 0.0], ""scorePred"": [0, 1]}","{""preds"": [32.21, 67.79, 0.0], ""scorePred"": [1, 2]}","{""preds"": [38.19, 61.81, 0.0], ""scorePred"": [1, 2]}","{""preds"": [59.83, 40.17, 0.0], ""scorePred"": [1, 0]}","{""preds"": [58.41, 41.59, 0.0], ""scorePred"": [1, 0]}"
BE,"{""preds"": [65.82, 10.11, 24.07], ""scorePred"": [1, 0]}","{""preds"": [46.79, 28.52, 24.69], ""scorePred"": [1, 0]}",,"{""preds"": [42.5, 33.37, 24.13], ""scorePred"": [2, 1]}","{""preds"": [63.75, 11.78, 24.47], ""scorePred"": [1, 0]}","{""preds"": [42.1, 33.48, 24.42], ""scorePred"": [2, 1]}","{""preds"": [42.08, 33.85, 24.07], ""scorePred"": [2, 1]}","{""preds"": [43.63, 31.72, 24.65], ""scorePred"": [2, 1]}","{""preds"": [46.2, 50.17, 3.63], ""scorePred"": [2, 9]}","{""preds"": [57.12, 17.51, 25.37], ""scorePred"": [1, 0]}","{""preds"": [35.49, 41.42, 23.09], ""scorePred"": [1, 2]}","{""preds"": [36.06, 41.52, 22.42], ""scorePred"": [1, 2]}","{""preds"": [47.27, 28.29, 24.44], ""scorePred"": [1, 0]}","{""preds"": [44.37, 31.3, 24.33], ""scorePred"": [2, 1]}","{""preds"": [47.6, 27.63, 24.77], ""scorePred"": [1, 0]}","{""preds"": [42.91, 32.93, 24.16], ""scorePred"": [2, 1]}","{""preds"": [44.17, 30.88, 24.95], ""scorePred"": [1, 0]}","{""preds"": [37.51, 60.32, 2.17], ""scorePred"": [2, 9]}","{""preds"": [36.52, 61.39, 2.09], ""scorePred"": [2, 9]}","{""preds"": [59.19, 16.25, 24.56], ""scorePred"": [1, 0]}","{""preds"": [40.4, 34.76, 24.84], ""scorePred"": [2, 1]}","{""preds"": [49.2, 25.97, 24.83], ""scorePred"": [1, 0]}","{""preds"": [42.39, 32.94, 24.67], ""scorePred"": [2, 1]}","{""preds"": [44.58, 30.89, 24.53], ""scorePred"": [2, 1]}","{""preds"": [47.22, 27.83, 24.95], ""scorePred"": [1, 0]}","{""preds"": [38.11, 37.89, 24.0], ""scorePred"": [2, 1]}","{""preds"": [41.96, 34.98, 23.06], ""scorePred"": [2, 1]}","{""preds"": [10.01, 89.85, 0.14], ""scorePred"": [2, 12]}","{""preds"": [46.98, 28.59, 24.43], ""scorePred"": [2, 1]}","{""preds"": [35.77, 40.48, 23.75], ""scorePred"": [1, 2]}","{""preds"": [37.49, 38.76, 23.75], ""scorePred"": [1, 2]}","{""preds"": [33.88, 43.09, 23.03], ""scorePred"": [1, 2]}","{""preds"": [39.56, 37.17, 23.27], ""scorePred"": [2, 1]}","{""preds"": [53.55, 21.63, 24.82], ""scorePred"": [1, 0]}","{""preds"": [53.98, 21.83, 24.19], ""scorePred"": [1, 0]}","{""preds"": [87.38, 12.62, 0.0], ""scorePred"": [1, 0]}","{""preds"": [62.52, 37.48, 0.0], ""scorePred"": [1, 0]}",,"{""preds"": [54.61, 45.39, 0.0], ""scorePred"": [2, 1]}","{""preds"": [84.84, 15.16, 0.0], ""scorePred"": [1, 0]}","{""preds"": [55.3, 44.7, 0.0], ""scorePred"": [2, 1]}","{""preds"": [55.2, 44.8, 0.0], ""scorePred"": [2, 1]}","{""preds"": [58.68, 41.32, 0.0], ""scorePred"": [2, 1]}","{""preds"": [47.11, 52.89, 0.0], ""scorePred"": [2, 8]}","{""preds"": [76.43, 23.57, 0.0], ""scorePred"": [1, 0]}","{""preds"": [45.75, 54.25, 0.0], ""scorePred"": [1, 2]}","{""preds"": [45.4, 54.6, 0.0], ""scorePred"": [1, 2]}","{""preds"": [61.21, 38.79, 0.0], ""scorePred"": [1, 0]}","{""preds"": [59.13, 40.87, 0.0], ""scorePred"": [2, 1]}","{""preds"": [63.25, 36.75, 0.0], ""scorePred"": [1, 0]}","{""preds"": [56.72, 43.28, 0.0], ""scorePred"": [2, 1]}","{""preds"": [57.62, 42.38, 0.0], ""scorePred"": [2, 1]}","{""preds"": [38.78, 61.22, 0.0], ""scorePred"": [2, 10]}","{""preds"": [38.0, 62.0, 0.0], ""scorePred"": [2, 9]}","{""preds"": [79.08, 20.92, 0.0], ""scorePred"": [1, 0]}","{""preds"": [52.16, 47.84, 0.0], ""scorePred"": [2, 1]}","{""preds"": [64.14, 35.86, 0.0], ""scorePred"": [1, 0]}","{""preds"": [55.76, 44.24, 0.0], ""scorePred"": [2, 1]}","{""preds"": [58.86, 41.14, 0.0], ""scorePred"": [2, 1]}","{""preds"": [63.0, 37.0, 0.0], ""scorePred"": [1, 0]}","{""preds"": [49.95, 50.05, 0.0], ""scorePred"": [1, 2]}","{""preds"": [53.48, 46.52, 0.0], ""scorePred"": [2, 1]}","{""preds"": [10.19, 89.81, 0.0], ""scorePred"": [2, 11]}","{""preds"": [62.81, 37.19, 0.0], ""scorePred"": [1, 0]}","{""preds"": [47.3, 52.7, 0.0], ""scorePred"": [1, 2]}","{""preds"": [48.58, 51.42, 0.0], ""scorePred"": [1, 2]}","{""preds"": [43.97, 56.03, 0.0], ""scorePred"": [1, 2]}","{""preds"": [49.77, 50.23, 0.0], ""scorePred"": [1, 2]}","{""preds"": [71.33, 28.67, 0.0], ""scorePred"": [1, 0]}","{""preds"": [71.26, 28.74, 0.0], ""scorePred"": [1, 0]}"
BG,"{""preds"": [60.43, 11.67, 27.9], ""scorePred"": [1, 0]}","{""preds"": [42.1, 31.71, 26.19], ""scorePred"": [1, 0]}","{""preds"": [34.04, 42.08, 23.88], ""scorePred"": [1, 2]}",,"{""preds"": [58.71, 13.76, 27.53], ""scorePred"": [1, 0]}","{""preds"": [37.83, 37.45, 24.72], ""scorePred"": [2, 1]}","{""preds"": [37.42, 37.7, 24.88], ""scorePred"": [0, 1]}","{""preds"": [39.5, 34.7, 25.8], ""scorePred"": [1, 0]}","{""preds"": [45.8, 49.92, 4.28], ""scorePred"": [2, 8]}","{""preds"": [53.38, 19.58, 27.04], ""scorePred"": [1, 0]}","{""preds"": [31.02, 45.72, 23.26], ""scorePred"": [1, 2]}","{""preds"": [30.41, 46.32, 23.27], ""scorePred"": [1, 2]}","{""preds"": [41.15, 33.2, 25.65], ""scorePred"": [1, 0]}","{""preds"": [39.42, 34.87, 25.71], ""scorePred"": [1, 0]}","{""preds"": [41.59, 32.01, 26.4], ""scorePred"": [1, 0]}","{""preds"": [37.81, 37.18, 25.01], ""scorePred"": [1, 0]}","{""preds"": [39.6, 35.0, 25.4], ""scorePred"": [1, 0]}","{""preds"": [36.73, 60.91, 2.36], ""scorePred"": [2, 8]}","{""preds"": [36.22, 61.0, 2.78], ""scorePred"": [2, 9]}","{""preds"": [54.24, 18.81, 26.95], ""scorePred"": [1, 0]}","{""preds"": [35.87, 39.39, 24.74], ""scorePred"": [1, 2]}","{""preds"": [43.63, 29.91, 26.46], ""scorePred"": [1, 0]}","{""preds"": [38.01, 37.02, 24.97], ""scorePred"": [1, 0]}","{""preds"": [39.22, 34.68, 26.1], ""scorePred"": [1, 0]}","{""preds"": [41.23, 32.31, 26.46], ""scorePred"": [1, 0]}","{""preds"": [34.98, 41.81, 23.21], ""scorePred"": [1, 2]}","{""preds"": [36.35, 38.97, 24.68], ""scorePred"": [1, 2]}","{""preds"": [10.4, 89.47, 0.13], ""scorePred"": [2, 8]}","{""preds"": [43.28, 31.79, 24.93], ""scorePred"": [1, 0]}","{""preds"": [32.25, 44.55, 23.2], ""scorePred"": [1, 2]}","{""preds"": [33.27, 42.34, 24.39], ""scorePred"": [1, 2]}","{""preds"": [30.08, 47.1, 22.82], ""scorePred"": [1, 2]}","{""preds"": [34.98, 40.14, 24.88], ""scorePred"": [1, 2]}","{""preds"": [47.73, 24.85, 27.42], ""scorePred"": [1, 0]}","{""preds"": [47.31, 25.38, 27.31], ""scorePred"": [1, 0]}","{""preds"": [83.58, 16.42, 0.0], ""scorePred"": [1, 0]}","{""preds"": [56.78, 43.22, 0.0], ""scorePred"": [1, 0]}","{""preds"": [44.53, 55.47, 0.0], ""scorePred"": [1, 2]}",,"{""preds"": [80.66, 19.34, 0.0], ""scorePred"": [1, 0]}","{""preds"": [49.02, 50.98, 0.0], ""scorePred"": [1, 2]}","{""preds"": [49.91, 50.09, 0.0], ""scorePred"": [0, 1]}","{""preds"": [52.48, 47.52, 0.0], ""scorePred"": [1, 0]}","{""preds"": [48.89, 51.11, 0.0], ""scorePred"": [2, 10]}","{""preds"": [72.5, 27.5, 0.0], ""scorePred"": [1, 0]}","{""preds"": [41.44, 58.56, 0.0], ""scorePred"": [1, 2]}","{""preds"": [40.19, 59.81, 0.0], ""scorePred"": [1, 2]}","{""preds"": [55.09, 44.91, 0.0], ""scorePred"": [1, 0]}","{""preds"": [54.09, 45.91, 0.0], ""scorePred"": [1, 0]}","{""preds"": [58.12, 41.88, 0.0], ""scorePred"": [1, 0]}","{""preds"": [50.59, 49.41, 0.0], ""scorePred"": [2, 1]}","{""preds"": [52.65, 47.35, 0.0], ""scorePred"": [1, 0]}","{""preds"": [37.77, 62.23, 0.0], ""scorePred"": [2, 8]}","{""preds"": [36.99, 63.01, 0.0], ""scorePred"": [2, 9]}","{""preds"": [74.54, 25.46, 0.0], ""scorePred"": [1, 0]}","{""preds"": [47.44, 52.56, 0.0], ""scorePred"": [0, 1]}","{""preds"": [60.61, 39.39, 0.0], ""scorePred"": [1, 0]}","{""preds"": [51.23, 48.77, 0.0], ""scorePred"": [1, 0]}","{""preds"": [54.09, 45.91, 0.0], ""scorePred"": [1, 0]}","{""preds"": [56.53, 43.47, 0.0], ""scorePred"": [1, 0]}","{""preds"": [44.61, 55.39, 0.0], ""scorePred"": [1, 2]}","{""preds"": [48.34, 51.66, 0.0], ""scorePred"": [1, 2]}","{""preds"": [9.88, 90.12, 0.0], ""scorePred"": [2, 9]}","{""preds"": [57.65, 42.35, 0.0], ""scorePred"": [1, 0]}","{""preds"": [40.82, 59.18, 0.0], ""scorePred"": [1, 2]}","{""preds"": [42.45, 57.55, 0.0], ""scorePred"": [1, 2]}","{""preds"": [38.25, 61.75, 0.0], ""scorePred"": [1, 2]}","{""preds"": [44.54, 55.46, 0.0], ""scorePred"": [1, 2]}","{""preds"": [66.46, 33.54, 0.0], ""scorePred"": [1, 0]}","{""preds"": [65.22, 34.78, 0.0], ""scorePred"": [1, 0]}"
CY,"{""preds"": [29.64, 23.7, 46.66], ""scorePred"": [0, 0]}","{""preds"": [16.74, 52.21, 31.05], ""scorePred"": [0, 1]}","{""preds"": [12.46, 63.07, 24.47], ""scorePred"": [0, 1]}","{""preds"": [14.02, 58.45, 27.53], ""scorePred"": [0, 1]}",,"{""preds"": [14.24, 58.56, 27.2], ""scorePred"": [0, 1]}","{""preds"": [58.36, 38.75, 2.89], ""scorePred"": [9, 2]}","{""preds"": [59.28, 37.76, 2.96], ""scorePred"": [9, 2]}","{""preds"": [24.11, 35.68, 40.21], ""scorePred"": [0, 0]}","{""preds"": [23.29, 37.08, 39.63], ""scorePred"": [0, 0]}","{""preds"": [10.42, 67.72, 21.86], ""scorePred"": [0, 1]}","{""preds"": [58.06, 39.85, 2.09], ""scorePred"": [9, 2]}","{""preds"": [16.71, 53.42, 29.87], ""scorePred"": [0, 1]}","{""preds"": [15.34, 55.03, 29.63], ""scorePred"": [0, 1]}","{""preds"": [17.13, 52.05, 30.82], ""scorePred"": [0, 1]}","{""preds"": [14.4, 58.07, 27.53], ""scorePred"": [0, 1]}","{""preds"": [59.51, 37.52, 2.97], ""scorePred"": [8, 2]}","{""preds"": [28.1, 25.47, 46.43], ""scorePred"": [0, 0]}","{""preds"": [27.86, 27.18, 44.96], ""scorePred"": [0, 0]}","{""preds"": [24.53, 34.85, 40.62], ""scorePred"": [0, 0]}","{""preds"": [58.62, 38.98, 2.4], ""scorePred"": [10, 2]}","{""preds"": [18.26, 49.48, 32.26], ""scorePred"": [0, 1]}","{""preds"": [14.02, 58.06, 27.92], ""scorePred"": [0, 1]}","{""preds"": [14.82, 55.69, 29.49], ""scorePred"": [0, 1]}","{""preds"": [16.79, 52.46, 30.75], ""scorePred"": [0, 1]}","{""preds"": [11.75, 63.28, 24.97], ""scorePred"": [0, 1]}","{""preds"": [13.73, 60.04, 26.23], ""scorePred"": [0, 1]}","{""preds"": [38.99, 6.47, 54.54], ""scorePred"": [0, 0]}","{""preds"": [16.93, 51.83, 31.24], ""scorePred"": [0, 1]}","{""preds"": [58.66, 39.3, 2.04], ""scorePred"": [9, 2]}","{""preds"": [11.33, 65.12, 23.55], ""scorePred"": [0, 1]}","{""preds"": [10.31, 69.07, 20.62], ""scorePred"": [0, 1]}","{""preds"": [12.64, 63.25, 24.11], ""scorePred"": [0, 1]}","{""preds"": [20.45, 43.17, 36.38], ""scorePred"": [0, 1]}","{""preds"": [19.93, 43.64, 36.43], ""scorePred"": [0, 1]}","{""preds"": [56.23, 43.77, 0.0], ""scorePred"": [1, 0]}","{""preds"": [24.0, 76.0, 0.0], ""scorePred"": [0, 1]}","{""preds"": [16.28, 83.72, 0.0], ""scorePred"": [0, 1]}","{""preds"": [19.34, 80.66, 0.0], ""scorePred"": [0, 1]}",,"{""preds"": [19.19, 80.81, 0.0], ""scorePred"": [0, 1]}","{""preds"": [59.68, 40.32, 0.0], ""scorePred"": [9, 2]}","{""preds"": [59.9, 40.1, 0.0], ""scorePred"": [8, 2]}","{""preds"": [40.38, 59.62, 0.0], ""scorePred"": [0, 1]}","{""preds"": [39.86, 60.14, 0.0], ""scorePred"": [0, 1]}","{""preds"": [14.45, 85.55, 0.0], ""scorePred"": [0, 1]}","{""preds"": [59.75, 40.25, 0.0], ""scorePred"": [10, 2]}","{""preds"": [23.27, 76.73, 0.0], ""scorePred"": [0, 1]}","{""preds"": [20.6, 79.4, 0.0], ""scorePred"": [0, 1]}","{""preds"": [25.18, 74.82, 0.0], ""scorePred"": [0, 1]}","{""preds"": [18.92, 81.08, 0.0], ""scorePred"": [0, 1]}","{""preds"": [60.28, 39.72, 0.0], ""scorePred"": [9, 2]}","{""preds"": [52.36, 47.64, 0.0], ""scorePred"": [1, 0]}","{""preds"": [51.98, 48.02, 0.0], ""scorePred"": [1, 0]}","{""preds"": [41.59, 58.41, 0.0], ""scorePred"": [0, 1]}","{""preds"": [60.29, 39.71, 0.0], ""scorePred"": [9, 2]}","{""preds"": [26.89, 73.11, 0.0], ""scorePred"": [0, 1]}","{""preds"": [18.97, 81.03, 0.0], ""scorePred"": [0, 1]}","{""preds"": [22.17, 77.83, 0.0], ""scorePred"": [0, 1]}","{""preds"": [23.77, 76.23, 0.0], ""scorePred"": [0, 1]}","{""preds"": [16.18, 83.82, 0.0], ""scorePred"": [0, 1]}","{""preds"": [18.17, 81.83, 0.0], ""scorePred"": [0, 1]}","{""preds"": [85.86, 14.14, 0.0], ""scorePred"": [1, 0]}","{""preds"": [24.7, 75.3, 0.0], ""scorePred"": [0, 1]}","{""preds"": [59.86, 40.14, 0.0], ""scorePred"": [9, 2]}","{""preds"": [15.66, 84.34, 0.0], ""scorePred"": [0, 1]}","{""preds"": [13.08, 86.92, 0.0], ""scorePred"": [0, 1]}","{""preds"": [17.47, 82.53, 0.0], ""scorePred"": [0, 1]}","{""preds"": [31.76, 68.24, 0.0], ""scorePred"": [0, 1]}","{""preds"": [31.61, 68.39, 0.0], ""scorePred"": [0, 1]}"
CZ,"{""preds"": [62.13, 11.13, 26.74], ""scorePred"": [1, 0]}","{""preds"": [42.71, 31.66, 25.63], ""scorePred"": [1, 0]}","{""preds"": [34.45, 41.69, 23.86], ""scorePred"": [1, 2]}","{""preds"": [37.49, 36.7, 25.81], ""scorePred"": [1, 0]}","{""preds"": [59.3, 13.83, 26.87], ""scorePred"": [1, 0]}",,"{""preds"": [37.52, 37.37, 25.11], ""scorePred"": [2, 1]}","{""preds"": [38.83, 35.74, 25.43], ""scorePred"": [2, 1]}","{""preds"": [46.29, 49.2, 4.51], ""scorePred"": [2, 8]}","{""preds"": [53.55, 19.69, 26.76], ""scorePred"": [1, 0]}","{""preds"": [31.08, 46.18, 22.74], ""scorePred"": [1, 2]}","{""preds"": [32.29, 45.02, 22.69], ""scorePred"": [1, 2]}","{""preds"": [42.42, 32.4, 25.18], ""scorePred"": [1, 0]}","{""preds"": [41.47, 33.54, 24.99], ""scorePred"": [1, 0]}","{""preds"": [43.69, 30.47, 25.84], ""scorePred"": [1, 0]}","{""preds"": [38.68, 36.43, 24.89], ""scorePred"": [2, 1]}","{""preds"": [39.75, 35.01, 25.24], ""scorePred"": [1, 0]}","{""preds"": [36.03, 61.94, 2.03], ""scorePred"": [2, 9]}","{""preds"": [36.68, 61.16, 2.16], ""scorePred"": [2, 10]}","{""preds"": [54.98, 18.22, 26.8], ""scorePred"": [1, 0]}","{""preds"": [35.92, 38.83, 25.25], ""scorePred"": [1, 2]}","{""preds"": [44.46, 29.94, 25.6], ""scorePred"": [1, 0]}","{""preds"": [38.49, 36.82, 24.69], ""scorePred"": [2, 1]}","{""preds"": [40.33, 34.16, 25.51], ""scorePred"": [1, 0]}","{""preds"": [42.45, 31.51, 26.04], ""scorePred"": [1, 0]}","{""preds"": [34.93, 40.82, 24.25], ""scorePred"": [1, 2]}","{""preds"": [36.34, 39.15, 24.51], ""scorePred"": [1, 2]}","{""preds"": [10.69, 89.21, 0.1], ""scorePred"": [2, 9]}","{""preds"": [42.65, 30.89, 26.46], ""scorePred"": [1, 0]}","{""preds"": [32.03, 44.57, 23.4], ""scorePred"": [1, 2]}","{""preds"": [33.04, 43.41, 23.55], ""scorePred"": [1, 2]}","{""preds"": [29.34, 47.54, 23.12], ""scorePred"": [1, 2]}","{""preds"": [34.82, 41.01, 24.17], ""scorePred"": [1, 2]}","{""preds"": [49.3, 23.79, 26.91], ""scorePred"": [1, 0]}","{""preds"": [48.56, 24.25, 27.19], ""scorePred"": [1, 0]}","{""preds"": [84.44, 15.56, 0.0], ""scorePred"": [1, 0]}","{""preds"": [57.53, 42.47, 0.0], ""scorePred"": [1, 0]}","{""preds"": [44.57, 55.43, 0.0], ""scorePred"": [1, 2]}","{""preds"": [50.04, 49.96, 0.0], ""scorePred"": [2, 1]}","{""preds"": [80.74, 19.26, 0.0], ""scorePred"": [1, 0]}",,"{""preds"": [48.98, 51.02, 0.0], ""scorePred"": [1, 2]}","{""preds"": [52.32, 47.68, 0.0], ""scorePred"": [1, 0]}","{""preds"": [47.98, 52.02, 0.0], ""scorePred"": [2, 8]}","{""preds"": [71.55, 28.45, 0.0], ""scorePred"": [1, 0]}","{""preds"": [41.18, 58.82, 0.0], ""scorePred"": [1, 2]}","{""preds"": [40.56, 59.44, 0.0], ""scorePred"": [1, 2]}","{""preds"": [55.74, 44.26, 0.0], ""scorePred"": [1, 0]}","{""preds"": [54.53, 45.47, 0.0], ""scorePred"": [1, 0]}","{""preds"": [57.87, 42.13, 0.0], ""scorePred"": [1, 0]}","{""preds"": [51.48, 48.52, 0.0], ""scorePred"": [2, 1]}","{""preds"": [53.27, 46.73, 0.0], ""scorePred"": [1, 0]}","{""preds"": [37.74, 62.26, 0.0], ""scorePred"": [2, 9]}","{""preds"": [37.85, 62.15, 0.0], ""scorePred"": [2, 8]}","{""preds"": [75.62, 24.38, 0.0], ""scorePred"": [1, 0]}","{""preds"": [47.18, 52.82, 0.0], ""scorePred"": [1, 2]}","{""preds"": [60.05, 39.95, 0.0], ""scorePred"": [1, 0]}","{""preds"": [51.34, 48.66, 0.0], ""scorePred"": [2, 1]}","{""preds"": [54.9, 45.1, 0.0], ""scorePred"": [1, 0]}","{""preds"": [58.3, 41.7, 0.0], ""scorePred"": [1, 0]}","{""preds"": [44.76, 55.24, 0.0], ""scorePred"": [1, 2]}","{""preds"": [49.0, 51.0, 0.0], ""scorePred"": [1, 2]}","{""preds"": [10.47, 89.53, 0.0], ""scorePred"": [2, 9]}","{""preds"": [57.45, 42.55, 0.0], ""scorePred"": [1, 0]}","{""preds"": [41.35, 58.65, 0.0], ""scorePred"": [1, 2]}","{""preds"": [43.6, 56.4, 0.0], ""scorePred"": [1, 2]}","{""preds"": [39.18, 60.82, 0.0], ""scorePred"": [1, 2]}","{""preds"": [45.54, 54.46, 0.0], ""scorePred"": [1, 2]}","{""preds"": [66.59, 33.41, 0.0], ""scorePred"": [1, 0]}","{""preds"": [65.57, 34.43, 0.0], ""scorePred"": [1, 0]}"
DK,"{""preds"": [62.06, 11.72, 26.22], ""scorePred"": [1, 0]}","{""preds"": [42.2, 31.78, 26.02], ""scorePred"": [1, 0]}","{""preds"": [33.4, 42.49, 24.11], ""scorePred"": [1, 2]}","{""preds"": [37.67, 37.87, 24.46], ""scorePred"": [0, 1]}","{""preds"": [38.33, 59.18, 2.49], ""scorePred"": [2, 9]}","{""preds"": [37.4, 37.69, 24.91], ""scorePred"": [1, 2]}",,"{""preds"": [38.43, 35.49, 26.08], ""scorePred"": [1, 0]}","{""preds"": [46.73, 49.23, 4.04], ""scorePred"": [2, 9]}","{""preds"": [52.44, 20.1, 27.46], ""scorePred"": [1, 0]}","{""preds"": [31.35, 45.3, 23.35], ""scorePred"": [1, 2]}","{""preds"": [31.5, 45.27, 23.23], ""scorePred"": [1, 2]}","{""preds"": [41.1, 32.37, 26.53], ""scorePred"": [1, 0]}","{""preds"": [40.55, 34.12, 25.33], ""scorePred"": [1, 0]}","{""preds"": [43.61, 31.16, 25.23], ""scorePred"": [1, 0]}","{""preds"": [38.23, 36.16, 25.61], ""scorePred"": [2, 1]}","{""preds"": [40.59, 34.7, 24.71], ""scorePred"": [1, 0]}","{""preds"": [36.94, 60.55, 2.51], ""scorePred"": [2, 9]}","{""preds"": [37.19, 60.44, 2.37], ""scorePred"": [2, 9]}","{""preds"": [55.02, 17.59, 27.39], ""scorePred"": [1, 0]}","{""preds"": [35.67, 40.01, 24.32], ""scorePred"": [1, 2]}","{""preds"": [44.3, 28.88, 26.82], ""scorePred"": [1, 0]}","{""preds"": [37.83, 36.66, 25.51], ""scorePred"": [1, 0]}","{""preds"": [40.24, 34.35, 25.41], ""scorePred"": [1, 0]}","{""preds"": [42.82, 31.34, 25.84], ""scorePred"": [1, 0]}","{""preds"": [34.28, 41.03, 24.69], ""scorePred"": [1, 2]}","{""preds"": [36.08, 38.81, 25.11], ""scorePred"": [1, 2]}","{""preds"": [10.56, 89.29, 0.15], ""scorePred"": [2, 8]}","{""preds"": [42.21, 31.43, 26.36], ""scorePred"": [1, 0]}","{""preds"": [31.98, 45.02, 23.0], ""scorePred"": [1, 2]}","{""preds"": [32.73, 43.42, 23.85], ""scorePred"": [1, 2]}","{""preds"": [30.17, 46.96, 22.87], ""scorePred"": [1, 2]}","{""preds"": [34.98, 40.67, 24.35], ""scorePred"": [1, 2]}","{""preds"": [48.95, 24.66, 26.39], ""scorePred"": [1, 0]}","{""preds"": [49.36, 24.45, 26.19], ""scorePred"": [1, 0]}","{""preds"": [83.76, 16.24, 0.0], ""scorePred"": [1, 0]}","{""preds"": [57.55, 42.45, 0.0], ""scorePred"": [1, 0]}","{""preds"": [44.99, 55.01, 0.0], ""scorePred"": [1, 2]}","{""preds"": [50.44, 49.56, 0.0], ""scorePred"": [2, 1]}","{""preds"": [38.96, 61.04, 0.0], ""scorePred"": [2, 8]}","{""preds"": [50.39, 49.61, 0.0], ""scorePred"": [2, 1]}",,"{""preds"": [51.86, 48.14, 0.0], ""scorePred"": [1, 0]}","{""preds"": [48.41, 51.59, 0.0], ""scorePred"": [2, 9]}","{""preds"": [72.31, 27.69, 0.0], ""scorePred"": [1, 0]}","{""preds"": [40.86, 59.14, 0.0], ""scorePred"": [1, 2]}","{""preds"": [41.16, 58.84, 0.0], ""scorePred"": [1, 2]}","{""preds"": [56.78, 43.22, 0.0], ""scorePred"": [1, 0]}","{""preds"": [54.79, 45.21, 0.0], ""scorePred"": [1, 0]}","{""preds"": [59.54, 40.46, 0.0], ""scorePred"": [1, 0]}","{""preds"": [50.84, 49.16, 0.0], ""scorePred"": [2, 1]}","{""preds"": [54.01, 45.99, 0.0], ""scorePred"": [2, 1]}","{""preds"": [37.11, 62.89, 0.0], ""scorePred"": [2, 9]}","{""preds"": [37.51, 62.49, 0.0], ""scorePred"": [2, 8]}","{""preds"": [75.27, 24.73, 0.0], ""scorePred"": [1, 0]}","{""preds"": [47.05, 52.95, 0.0], ""scorePred"": [1, 2]}","{""preds"": [60.58, 39.42, 0.0], ""scorePred"": [1, 0]}","{""preds"": [49.52, 50.48, 0.0], ""scorePred"": [1, 2]}","{""preds"": [53.49, 46.51, 0.0], ""scorePred"": [2, 1]}","{""preds"": [57.23, 42.77, 0.0], ""scorePred"": [1, 0]}","{""preds"": [45.0, 55.0, 0.0], ""scorePred"": [1, 2]}","{""preds"": [48.9, 51.1, 0.0], ""scorePred"": [1, 2]}","{""preds"": [10.36, 89.64, 0.0], ""scorePred"": [2, 9]}","{""preds"": [58.54, 41.46, 0.0], ""scorePred"": [1, 0]}","{""preds"": [41.21, 58.79, 0.0], ""scorePred"": [1, 2]}","{""preds"": [43.42, 56.58, 0.0], ""scorePred"": [1, 2]}","{""preds"": [38.75, 61.25, 0.0], ""scorePred"": [1, 2]}","{""preds"": [45.92, 54.08, 0.0], ""scorePred"": [1, 2]}","{""preds"": [66.19, 33.81, 0.0], ""scorePred"": [1, 0]}","{""preds"": [65.91, 34.09, 0.0], ""scorePred"": [1, 0]}"
GB-ENG,"{""preds"": [58.67, 12.72, 28.61], ""scorePred"": [1, 0]}","{""preds"": [39.59, 34.22, 26.19], ""scorePred"": [1, 0]}","{""preds"": [31.7, 44.02, 24.28], ""scorePred"": [0, 1]}","{""preds"": [35.26, 38.8, 25.94], ""scorePred"": [0, 1]}","{""preds"": [38.29, 58.89, 2.82], ""scorePred"": [2, 8]}","{""preds"": [34.72, 39.81, 25.47], ""scorePred"": [0, 1]}","{""preds"": [34.8, 39.88, 25.32], ""scorePred"": [0, 1]}",,"{""preds"": [45.89, 49.41, 4.7], ""scorePred"": [2, 8]}","{""preds"": [49.97, 21.28, 28.75], ""scorePred"": [1, 0]}","{""preds"": [29.87, 47.21, 22.92], ""scorePred"": [1, 2]}","{""preds"": [29.16, 46.99, 23.85], ""scorePred"": [1, 2]}","{""preds"": [39.19, 34.0, 26.81], ""scorePred"": [1, 0]}","{""preds"": [37.93, 35.86, 26.21], ""scorePred"": [1, 0]}","{""preds"": [40.97, 32.26, 26.77], ""scorePred"": [1, 0]}","{""preds"": [36.43, 38.55, 25.02], ""scorePred"": [0, 1]}","{""preds"": [37.25, 36.42, 26.33], ""scorePred"": [1, 0]}","{""preds"": [36.06, 61.45, 2.49], ""scorePred"": [2, 10]}","{""preds"": [36.0, 61.47, 2.53], ""scorePred"": [2, 9]}","{""preds"": [51.68, 19.83, 28.49], ""scorePred"": [1, 0]}","{""preds"": [34.03, 40.7, 25.27], ""scorePred"": [1, 2]}","{""preds"": [41.77, 31.52, 26.71], ""scorePred"": [1, 0]}","{""preds"": [37.05, 37.17, 25.78], ""scorePred"": [0, 1]}","{""preds"": [37.89, 36.3, 25.81], ""scorePred"": [1, 0]}","{""preds"": [40.16, 32.71, 27.13], ""scorePred"": [1, 0]}","{""preds"": [32.37, 43.6, 24.03], ""scorePred"": [1, 2]}","{""preds"": [33.76, 40.19, 26.05], ""scorePred"": [1, 2]}","{""preds"": [10.04, 89.84, 0.12], ""scorePred"": [2, 9]}","{""preds"": [40.28, 33.23, 26.49], ""scorePred"": [1, 0]}","{""preds"": [29.93, 46.65, 23.42], ""scorePred"": [1, 2]}","{""preds"": [31.25, 45.14, 23.61], ""scorePred"": [1, 2]}","{""preds"": [28.33, 49.49, 22.18], ""scorePred"": [1, 2]}","{""preds"": [32.46, 43.18, 24.36], ""scorePred"": [1, 2]}","{""preds"": [46.71, 25.35, 27.94], ""scorePred"": [1, 0]}","{""preds"": [46.01, 26.51, 27.48], ""scorePred"": [1, 0]}","{""preds"": [82.43, 17.57, 0.0], ""scorePred"": [1, 0]}","{""preds"": [54.79, 45.21, 0.0], ""scorePred"": [1, 0]}","{""preds"": [42.01, 57.99, 0.0], ""scorePred"": [1, 2]}","{""preds"": [48.48, 51.52, 0.0], ""scorePred"": [0, 1]}","{""preds"": [38.81, 61.19, 0.0], ""scorePred"": [2, 9]}","{""preds"": [47.88, 52.12, 0.0], ""scorePred"": [0, 1]}","{""preds"": [47.27, 52.73, 0.0], ""scorePred"": [0, 1]}",,"{""preds"": [47.78, 52.22, 0.0], ""scorePred"": [2, 9]}","{""preds"": [70.25, 29.75, 0.0], ""scorePred"": [1, 0]}","{""preds"": [38.83, 61.17, 0.0], ""scorePred"": [1, 2]}","{""preds"": [38.59, 61.41, 0.0], ""scorePred"": [1, 2]}","{""preds"": [53.39, 46.61, 0.0], ""scorePred"": [1, 0]}","{""preds"": [50.41, 49.59, 0.0], ""scorePred"": [1, 0]}","{""preds"": [55.26, 44.74, 0.0], ""scorePred"": [1, 0]}","{""preds"": [48.63, 51.37, 0.0], ""scorePred"": [0, 1]}","{""preds"": [49.54, 50.46, 0.0], ""scorePred"": [0, 1]}","{""preds"": [37.15, 62.85, 0.0], ""scorePred"": [2, 8]}","{""preds"": [37.02, 62.98, 0.0], ""scorePred"": [2, 8]}","{""preds"": [72.57, 27.43, 0.0], ""scorePred"": [1, 0]}","{""preds"": [45.32, 54.68, 0.0], ""scorePred"": [0, 1]}","{""preds"": [57.2, 42.8, 0.0], ""scorePred"": [1, 0]}","{""preds"": [48.79, 51.21, 0.0], ""scorePred"": [0, 1]}","{""preds"": [51.62, 48.38, 0.0], ""scorePred"": [1, 0]}","{""preds"": [53.86, 46.14, 0.0], ""scorePred"": [1, 0]}","{""preds"": [42.65, 57.35, 0.0], ""scorePred"": [1, 2]}","{""preds"": [45.77, 54.23, 0.0], ""scorePred"": [0, 1]}","{""preds"": [10.44, 89.56, 0.0], ""scorePred"": [2, 8]}","{""preds"": [54.84, 45.16, 0.0], ""scorePred"": [1, 0]}","{""preds"": [39.56, 60.44, 0.0], ""scorePred"": [1, 2]}","{""preds"": [40.65, 59.35, 0.0], ""scorePred"": [1, 2]}","{""preds"": [37.5, 62.5, 0.0], ""scorePred"": [1, 2]}","{""preds"": [43.49, 56.51, 0.0], ""scorePred"": [1, 2]}","{""preds"": [64.95, 35.05, 0.0], ""scorePred"": [1, 0]}","{""preds"": [64.69, 35.31, 0.0], ""scorePred"": [1, 0]}"
FO,"{""preds"": [38.16, 20.49, 41.35], ""scorePred"": [0, 0]}","{""preds"": [22.54, 47.45, 30.01], ""scorePred"": [0, 1]}","{""preds"": [50.0, 46.32, 3.68], ""scorePred"": [9, 2]}","{""preds"": [49.5, 46.12, 4.38], ""scorePred"": [9, 2]}","{""preds"": [34.91, 23.82, 41.27], ""scorePred"": [0, 0]}","{""preds"": [49.55, 46.2, 4.25], ""scorePred"": [8, 2]}","{""preds"": [49.6, 46.16, 4.24], ""scorePred"": [8, 2]}","{""preds"": [50.08, 45.18, 4.74], ""scorePred"": [8, 2]}",,"{""preds"": [30.45, 32.52, 37.03], ""scorePred"": [0, 0]}","{""preds"": [49.16, 47.53, 3.31], ""scorePred"": [10, 2]}","{""preds"": [48.84, 47.68, 3.48], ""scorePred"": [9, 2]}","{""preds"": [22.68, 47.77, 29.55], ""scorePred"": [0, 1]}","{""preds"": [21.24, 50.31, 28.45], ""scorePred"": [0, 1]}","{""preds"": [22.93, 45.65, 31.42], ""scorePred"": [0, 1]}","{""preds"": [50.42, 45.43, 4.15], ""scorePred"": [9, 2]}","{""preds"": [49.68, 45.5, 4.82], ""scorePred"": [8, 2]}","{""preds"": [37.0, 22.71, 40.29], ""scorePred"": [0, 0]}","{""preds"": [36.22, 22.36, 41.42], ""scorePred"": [0, 0]}","{""preds"": [31.25, 30.67, 38.08], ""scorePred"": [0, 0]}","{""preds"": [49.72, 45.89, 4.39], ""scorePred"": [9, 2]}","{""preds"": [23.62, 46.26, 30.12], ""scorePred"": [0, 1]}","{""preds"": [18.58, 54.26, 27.16], ""scorePred"": [0, 1]}","{""preds"": [49.66, 45.91, 4.43], ""scorePred"": [9, 2]}","{""preds"": [22.67, 48.07, 29.26], ""scorePred"": [0, 1]}","{""preds"": [50.06, 46.26, 3.68], ""scorePred"": [11, 2]}","{""preds"": [48.65, 47.41, 3.94], ""scorePred"": [9, 2]}","{""preds"": [47.36, 5.47, 47.17], ""scorePred"": [1, 0]}","{""preds"": [22.53, 46.69, 30.78], ""scorePred"": [0, 1]}","{""preds"": [49.5, 46.75, 3.75], ""scorePred"": [10, 2]}","{""preds"": [48.79, 47.66, 3.55], ""scorePred"": [9, 2]}","{""preds"": [48.91, 48.26, 2.83], ""scorePred"": [10, 2]}","{""preds"": [49.46, 46.86, 3.68], ""scorePred"": [9, 2]}","{""preds"": [27.18, 39.03, 33.79], ""scorePred"": [0, 1]}","{""preds"": [26.02, 38.45, 35.53], ""scorePred"": [0, 1]}","{""preds"": [65.02, 34.98, 0.0], ""scorePred"": [1, 0]}","{""preds"": [31.74, 68.26, 0.0], ""scorePred"": [0, 1]}","{""preds"": [51.29, 48.71, 0.0], ""scorePred"": [9, 2]}","{""preds"": [51.5, 48.5, 0.0], ""scorePred"": [8, 2]}","{""preds"": [59.59, 40.41, 0.0], ""scorePred"": [1, 0]}","{""preds"": [51.69, 48.31, 0.0], ""scorePred"": [10, 2]}","{""preds"": [52.2, 47.8, 0.0], ""scorePred"": [9, 2]}","{""preds"": [52.2, 47.8, 0.0], ""scorePred"": [8, 2]}",,"{""preds"": [49.11, 50.89, 0.0], ""scorePred"": [0, 1]}","{""preds"": [51.32, 48.68, 0.0], ""scorePred"": [10, 2]}","{""preds"": [50.6, 49.4, 0.0], ""scorePred"": [12, 2]}","{""preds"": [30.95, 69.05, 0.0], ""scorePred"": [0, 1]}","{""preds"": [28.87, 71.13, 0.0], ""scorePred"": [0, 1]}","{""preds"": [32.34, 67.66, 0.0], ""scorePred"": [0, 1]}","{""preds"": [51.63, 48.37, 0.0], ""scorePred"": [9, 2]}","{""preds"": [51.92, 48.08, 0.0], ""scorePred"": [9, 2]}","{""preds"": [61.44, 38.56, 0.0], ""scorePred"": [1, 0]}","{""preds"": [62.03, 37.97, 0.0], ""scorePred"": [1, 0]}","{""preds"": [51.32, 48.68, 0.0], ""scorePred"": [1, 0]}","{""preds"": [51.56, 48.44, 0.0], ""scorePred"": [9, 2]}","{""preds"": [34.27, 65.73, 0.0], ""scorePred"": [0, 1]}","{""preds"": [26.82, 73.18, 0.0], ""scorePred"": [0, 1]}","{""preds"": [52.29, 47.71, 0.0], ""scorePred"": [8, 2]}","{""preds"": [32.55, 67.45, 0.0], ""scorePred"": [0, 1]}","{""preds"": [51.99, 48.01, 0.0], ""scorePred"": [10, 2]}","{""preds"": [51.48, 48.52, 0.0], ""scorePred"": [9, 2]}","{""preds"": [90.06, 9.94, 0.0], ""scorePred"": [1, 0]}","{""preds"": [31.13, 68.87, 0.0], ""scorePred"": [0, 1]}","{""preds"": [51.08, 48.92, 0.0], ""scorePred"": [10, 2]}","{""preds"": [51.72, 48.28, 0.0], ""scorePred"": [10, 2]}","{""preds"": [51.78, 48.22, 0.0], ""scorePred"": [9, 2]}","{""preds"": [51.4, 48.6, 0.0], ""scorePred"": [9, 2]}","{""preds"": [40.06, 59.94, 0.0], ""scorePred"": [0, 1]}","{""preds"": [40.83, 59.17, 0.0], ""scorePred"": [0, 1]}"
FI,"{""preds"": [39.39, 19.56, 41.05], ""scorePred"": [0, 0]}","{""preds"": [23.64, 46.27, 30.09], ""scorePred"": [0, 1]}","{""preds"": [17.18, 58.48, 24.34], ""scorePred"": [0, 1]}","{""preds"": [19.59, 53.09, 27.32], ""scorePred"": [0, 1]}","{""preds"": [36.71, 23.4, 39.89], ""scorePred"": [0, 0]}","{""preds"": [19.36, 54.44, 26.2], ""scorePred"": [0, 1]}","{""preds"": [20.2, 52.97, 26.83], ""scorePred"": [0, 1]}","{""preds"": [21.41, 51.23, 27.36], ""scorePred"": [0, 1]}","{""preds"": [32.32, 30.25, 37.43], ""scorePred"": [0, 0]}",,"{""preds"": [15.45, 61.18, 23.37], ""scorePred"": [0, 1]}","{""preds"": [15.85, 60.82, 23.33], ""scorePred"": [0, 1]}","{""preds"": [23.13, 47.57, 29.3], ""scorePred"": [0, 1]}","{""preds"": [21.4, 49.27, 29.33], ""scorePred"": [0, 1]}","{""preds"": [23.76, 44.86, 31.38], ""scorePred"": [0, 1]}","{""preds"": [20.89, 51.59, 27.52], ""scorePred"": [0, 1]}","{""preds"": [21.58, 50.12, 28.3], ""scorePred"": [0, 1]}","{""preds"": [38.71, 21.22, 40.07], ""scorePred"": [0, 0]}","{""preds"": [38.48, 21.25, 40.27], ""scorePred"": [0, 0]}","{""preds"": [33.22, 29.27, 37.51], ""scorePred"": [0, 0]}","{""preds"": [18.89, 54.82, 26.29], ""scorePred"": [0, 1]}","{""preds"": [25.45, 42.46, 32.09], ""scorePred"": [0, 1]}","{""preds"": [20.92, 52.1, 26.98], ""scorePred"": [0, 1]}","{""preds"": [21.69, 49.0, 29.31], ""scorePred"": [0, 1]}","{""preds"": [23.6, 46.02, 30.38], ""scorePred"": [0, 1]}","{""preds"": [17.85, 56.59, 25.56], ""scorePred"": [0, 1]}","{""preds"": [18.6, 55.09, 26.31], ""scorePred"": [0, 1]}","{""preds"": [10.62, 89.14, 0.24], ""scorePred"": [1, 7]}","{""preds"": [23.91, 46.71, 29.38], ""scorePred"": [0, 1]}","{""preds"": [16.62, 59.99, 23.39], ""scorePred"": [0, 1]}","{""preds"": [17.24, 58.41, 24.35], ""scorePred"": [0, 1]}","{""preds"": [15.03, 62.21, 22.76], ""scorePred"": [0, 1]}","{""preds"": [16.88, 58.19, 24.93], ""scorePred"": [0, 1]}","{""preds"": [27.9, 38.68, 33.42], ""scorePred"": [0, 1]}","{""preds"": [27.79, 38.56, 33.65], ""scorePred"": [0, 1]}","{""preds"": [66.25, 33.75, 0.0], ""scorePred"": [1, 0]}","{""preds"": [33.09, 66.91, 0.0], ""scorePred"": [0, 1]}","{""preds"": [23.25, 76.75, 0.0], ""scorePred"": [0, 1]}","{""preds"": [26.18, 73.82, 0.0], ""scorePred"": [0, 1]}","{""preds"": [60.7, 39.3, 0.0], ""scorePred"": [1, 0]}","{""preds"": [26.77, 73.23, 0.0], ""scorePred"": [0, 1]}","{""preds"": [26.25, 73.75, 0.0], ""scorePred"": [0, 1]}","{""preds"": [30.37, 69.63, 0.0], ""scorePred"": [0, 1]}","{""preds"": [52.18, 47.82, 0.0], ""scorePred"": [1, 0]}",,"{""preds"": [20.09, 79.91, 0.0], ""scorePred"": [0, 1]}","{""preds"": [21.13, 78.87, 0.0], ""scorePred"": [0, 1]}","{""preds"": [33.59, 66.41, 0.0], ""scorePred"": [0, 1]}","{""preds"": [30.18, 69.82, 0.0], ""scorePred"": [0, 1]}","{""preds"": [34.77, 65.23, 0.0], ""scorePred"": [0, 1]}","{""preds"": [28.63, 71.37, 0.0], ""scorePred"": [0, 1]}","{""preds"": [30.24, 69.76, 0.0], ""scorePred"": [0, 1]}","{""preds"": [63.79, 36.21, 0.0], ""scorePred"": [1, 0]}","{""preds"": [62.57, 37.43, 0.0], ""scorePred"": [1, 0]}","{""preds"": [53.68, 46.32, 0.0], ""scorePred"": [1, 0]}","{""preds"": [24.73, 75.27, 0.0], ""scorePred"": [0, 1]}","{""preds"": [36.46, 63.54, 0.0], ""scorePred"": [0, 1]}","{""preds"": [27.57, 72.43, 0.0], ""scorePred"": [0, 1]}","{""preds"": [30.19, 69.81, 0.0], ""scorePred"": [0, 1]}","{""preds"": [33.0, 67.0, 0.0], ""scorePred"": [0, 1]}","{""preds"": [23.53, 76.47, 0.0], ""scorePred"": [0, 1]}","{""preds"": [27.17, 72.83, 0.0], ""scorePred"": [0, 1]}","{""preds"": [10.68, 89.32, 0.0], ""scorePred"": [1, 7]}","{""preds"": [34.16, 65.84, 0.0], ""scorePred"": [0, 1]}","{""preds"": [21.04, 78.96, 0.0], ""scorePred"": [0, 1]}","{""preds"": [22.37, 77.63, 0.0], ""scorePred"": [0, 1]}","{""preds"": [18.83, 81.17, 0.0], ""scorePred"": [0, 1]}","{""preds"": [23.89, 76.11, 0.0], ""scorePred"": [0, 1]}","{""preds"": [42.29, 57.71, 0.0], ""scorePred"": [0, 1]}","{""preds"": [43.48, 56.52, 0.0], ""scorePred"": [0, 1]}"
FR,"{""preds"": [69.18, 8.78, 22.04], ""scorePred"": [1, 0]}","{""preds"": [51.06, 25.66, 23.28], ""scorePred"": [2, 1]}","{""preds"": [40.68, 37.14, 22.18], ""scorePred"": [2, 1]}","{""preds"": [45.07, 31.99, 22.94], ""scorePred"": [2, 1]}","{""preds"": [66.28, 11.45, 22.27], ""scorePred"": [1, 0]}","{""preds"": [44.74, 32.15, 23.11], ""scorePred"": [2, 1]}","{""preds"": [45.07, 31.92, 23.01], ""scorePred"": [2, 1]}","{""preds"": [47.39, 29.65, 22.96], ""scorePred"": [2, 1]}","{""preds"": [46.9, 50.03, 3.07], ""scorePred"": [2, 10]}","{""preds"": [60.8, 15.69, 23.51], ""scorePred"": [1, 0]}",,"{""preds"": [39.38, 38.5, 22.12], ""scorePred"": [2, 1]}","{""preds"": [50.59, 25.66, 23.75], ""scorePred"": [2, 1]}","{""preds"": [47.95, 28.53, 23.52], ""scorePred"": [2, 1]}","{""preds"": [51.55, 25.31, 23.14], ""scorePred"": [2, 1]}","{""preds"": [45.64, 30.61, 23.75], ""scorePred"": [2, 1]}","{""preds"": [47.94, 28.88, 23.18], ""scorePred"": [2, 1]}","{""preds"": [37.39, 60.96, 1.65], ""scorePred"": [2, 11]}","{""preds"": [36.8, 61.7, 1.5], ""scorePred"": [2, 10]}","{""preds"": [63.4, 14.15, 22.45], ""scorePred"": [1, 0]}","{""preds"": [44.15, 33.18, 22.67], ""scorePred"": [2, 1]}","{""preds"": [52.01, 24.19, 23.8], ""scorePred"": [1, 0]}","{""preds"": [45.42, 30.83, 23.75], ""scorePred"": [2, 1]}","{""preds"": [48.4, 27.7, 23.9], ""scorePred"": [2, 1]}","{""preds"": [50.41, 25.83, 23.76], ""scorePred"": [2, 1]}","{""preds"": [42.49, 34.89, 22.62], ""scorePred"": [2, 1]}","{""preds"": [43.49, 33.29, 23.22], ""scorePred"": [2, 1]}","{""preds"": [10.47, 89.37, 0.16], ""scorePred"": [2, 9]}","{""preds"": [50.95, 25.66, 23.39], ""scorePred"": [1, 0]}","{""preds"": [38.8, 38.44, 22.76], ""scorePred"": [2, 1]}","{""preds"": [41.5, 36.51, 21.99], ""scorePred"": [2, 1]}","{""preds"": [37.67, 40.45, 21.88], ""scorePred"": [1, 2]}","{""preds"": [42.29, 35.0, 22.71], ""scorePred"": [2, 1]}","{""preds"": [56.84, 19.77, 23.39], ""scorePred"": [1, 0]}","{""preds"": [56.8, 20.33, 22.87], ""scorePred"": [1, 0]}","{""preds"": [89.22, 10.78, 0.0], ""scorePred"": [1, 0]}","{""preds"": [65.94, 34.06, 0.0], ""scorePred"": [2, 1]}","{""preds"": [54.02, 45.98, 0.0], ""scorePred"": [2, 1]}","{""preds"": [59.33, 40.67, 0.0], ""scorePred"": [2, 1]}","{""preds"": [85.05, 14.95, 0.0], ""scorePred"": [1, 0]}","{""preds"": [59.05, 40.95, 0.0], ""scorePred"": [2, 1]}","{""preds"": [59.39, 40.61, 0.0], ""scorePred"": [2, 1]}","{""preds"": [61.68, 38.32, 0.0], ""scorePred"": [2, 1]}","{""preds"": [48.52, 51.48, 0.0], ""scorePred"": [2, 9]}","{""preds"": [79.17, 20.83, 0.0], ""scorePred"": [1, 0]}",,"{""preds"": [49.4, 50.6, 0.0], ""scorePred"": [1, 2]}","{""preds"": [64.2, 35.8, 0.0], ""scorePred"": [2, 1]}","{""preds"": [62.36, 37.64, 0.0], ""scorePred"": [2, 1]}","{""preds"": [66.02, 33.98, 0.0], ""scorePred"": [1, 0]}","{""preds"": [60.12, 39.88, 0.0], ""scorePred"": [2, 1]}","{""preds"": [62.93, 37.07, 0.0], ""scorePred"": [2, 1]}","{""preds"": [38.62, 61.38, 0.0], ""scorePred"": [2, 9]}","{""preds"": [37.77, 62.23, 0.0], ""scorePred"": [2, 9]}","{""preds"": [81.66, 18.34, 0.0], ""scorePred"": [1, 0]}","{""preds"": [57.36, 42.64, 0.0], ""scorePred"": [2, 1]}","{""preds"": [68.99, 31.01, 0.0], ""scorePred"": [2, 1]}","{""preds"": [59.93, 40.07, 0.0], ""scorePred"": [2, 1]}","{""preds"": [64.46, 35.54, 0.0], ""scorePred"": [2, 1]}","{""preds"": [66.45, 33.55, 0.0], ""scorePred"": [2, 1]}","{""preds"": [54.32, 45.68, 0.0], ""scorePred"": [2, 1]}","{""preds"": [57.42, 42.58, 0.0], ""scorePred"": [2, 1]}","{""preds"": [10.57, 89.43, 0.0], ""scorePred"": [2, 10]}","{""preds"": [66.53, 33.47, 0.0], ""scorePred"": [1, 0]}","{""preds"": [50.27, 49.73, 0.0], ""scorePred"": [2, 1]}","{""preds"": [52.03, 47.97, 0.0], ""scorePred"": [2, 1]}","{""preds"": [49.1, 50.9, 0.0], ""scorePred"": [1, 2]}","{""preds"": [54.88, 45.12, 0.0], ""scorePred"": [2, 1]}","{""preds"": [74.69, 25.31, 0.0], ""scorePred"": [1, 0]}","{""preds"": [73.51, 26.49, 0.0], ""scorePred"": [1, 0]}"
DE,"{""preds"": [68.52, 9.55, 21.93], ""scorePred"": [1, 0]}","{""preds"": [50.15, 26.38, 23.47], ""scorePred"": [2, 1]}","{""preds"": [40.93, 36.66, 22.41], ""scorePred"": [2, 1]}","{""preds"": [45.56, 31.51, 22.93], ""scorePred"": [2, 1]}","{""preds"": [39.73, 58.28, 1.99], ""scorePred"": [2, 10]}","{""preds"": [45.22, 31.68, 23.1], ""scorePred"": [2, 1]}","{""preds"": [44.91, 31.56, 23.53], ""scorePred"": [2, 1]}","{""preds"": [46.37, 29.42, 24.21], ""scorePred"": [2, 1]}","{""preds"": [47.04, 49.68, 3.28], ""scorePred"": [2, 10]}","{""preds"": [61.59, 15.43, 22.98], ""scorePred"": [1, 0]}","{""preds"": [37.91, 39.96, 22.13], ""scorePred"": [1, 2]}",,"{""preds"": [49.81, 27.26, 22.93], ""scorePred"": [2, 1]}","{""preds"": [47.07, 29.39, 23.54], ""scorePred"": [2, 1]}","{""preds"": [50.68, 25.65, 23.67], ""scorePred"": [2, 1]}","{""preds"": [45.59, 30.74, 23.67], ""scorePred"": [2, 1]}","{""preds"": [46.76, 29.51, 23.73], ""scorePred"": [2, 1]}","{""preds"": [36.72, 61.46, 1.82], ""scorePred"": [2, 10]}","{""preds"": [37.16, 61.04, 1.8], ""scorePred"": [2, 10]}","{""preds"": [46.19, 50.78, 3.03], ""scorePred"": [2, 9]}","{""preds"": [43.92, 32.67, 23.41], ""scorePred"": [2, 1]}","{""preds"": [51.41, 24.2, 24.39], ""scorePred"": [2, 1]}","{""preds"": [45.21, 31.19, 23.6], ""scorePred"": [2, 1]}","{""preds"": [47.99, 27.78, 24.23], ""scorePred"": [2, 1]}","{""preds"": [50.87, 25.23, 23.9], ""scorePred"": [1, 0]}","{""preds"": [41.48, 35.88, 22.64], ""scorePred"": [2, 1]}","{""preds"": [43.37, 33.49, 23.14], ""scorePred"": [2, 1]}","{""preds"": [10.74, 89.15, 0.11], ""scorePred"": [2, 9]}","{""preds"": [51.82, 24.52, 23.66], ""scorePred"": [2, 1]}","{""preds"": [39.95, 37.78, 22.27], ""scorePred"": [2, 1]}","{""preds"": [40.32, 36.0, 23.68], ""scorePred"": [2, 1]}","{""preds"": [37.01, 41.03, 21.96], ""scorePred"": [1, 2]}","{""preds"": [42.72, 34.11, 23.17], ""scorePred"": [2, 1]}","{""preds"": [56.69, 20.04, 23.27], ""scorePred"": [1, 0]}","{""preds"": [56.8, 19.81, 23.39], ""scorePred"": [1, 0]}","{""preds"": [89.15, 10.85, 0.0], ""scorePred"": [1, 0]}","{""preds"": [65.44, 34.56, 0.0], ""scorePred"": [2, 1]}","{""preds"": [54.18, 45.82, 0.0], ""scorePred"": [2, 1]}","{""preds"": [59.55, 40.45, 0.0], ""scorePred"": [2, 1]}","{""preds"": [41.07, 58.93, 0.0], ""scorePred"": [2, 9]}","{""preds"": [57.94, 42.06, 0.0], ""scorePred"": [2, 1]}","{""preds"": [58.55, 41.45, 0.0], ""scorePred"": [2, 1]}","{""preds"": [61.13, 38.87, 0.0], ""scorePred"": [2, 1]}","{""preds"": [49.0, 51.0, 0.0], ""scorePred"": [2, 9]}","{""preds"": [79.61, 20.39, 0.0], ""scorePred"": [1, 0]}","{""preds"": [48.68, 51.32, 0.0], ""scorePred"": [1, 2]}",,"{""preds"": [64.6, 35.4, 0.0], ""scorePred"": [2, 1]}","{""preds"": [62.77, 37.23, 0.0], ""scorePred"": [2, 1]}","{""preds"": [66.03, 33.97, 0.0], ""scorePred"": [2, 1]}","{""preds"": [60.34, 39.66, 0.0], ""scorePred"": [2, 1]}","{""preds"": [62.04, 37.96, 0.0], ""scorePred"": [2, 1]}","{""preds"": [37.65, 62.35, 0.0], ""scorePred"": [2, 10]}","{""preds"": [37.63, 62.37, 0.0], ""scorePred"": [2, 9]}","{""preds"": [48.07, 51.93, 0.0], ""scorePred"": [2, 10]}","{""preds"": [56.83, 43.17, 0.0], ""scorePred"": [2, 1]}","{""preds"": [67.57, 32.43, 0.0], ""scorePred"": [1, 0]}","{""preds"": [58.91, 41.09, 0.0], ""scorePred"": [2, 1]}","{""preds"": [63.08, 36.92, 0.0], ""scorePred"": [2, 1]}","{""preds"": [65.3, 34.7, 0.0], ""scorePred"": [2, 1]}","{""preds"": [54.51, 45.49, 0.0], ""scorePred"": [2, 1]}","{""preds"": [57.47, 42.53, 0.0], ""scorePred"": [2, 1]}","{""preds"": [11.16, 88.84, 0.0], ""scorePred"": [2, 10]}","{""preds"": [66.58, 33.42, 0.0], ""scorePred"": [1, 0]}","{""preds"": [50.74, 49.26, 0.0], ""scorePred"": [2, 1]}","{""preds"": [53.87, 46.13, 0.0], ""scorePred"": [2, 1]}","{""preds"": [48.08, 51.92, 0.0], ""scorePred"": [1, 2]}","{""preds"": [54.54, 45.46, 0.0], ""scorePred"": [2, 1]}","{""preds"": [74.31, 25.69, 0.0], ""scorePred"": [1, 0]}","{""preds"": [73.22, 26.78, 0.0], ""scorePred"": [1, 0]}"
GR,"{""preds"": [55.93, 13.32, 30.75], ""scorePred"": [1, 0]}","{""preds"": [36.2, 34.93, 28.87], ""scorePred"": [1, 0]}","{""preds"": [28.11, 47.29, 24.6], ""scorePred"": [0, 1]}","{""preds"": [32.55, 41.74, 25.71], ""scorePred"": [0, 1]}","{""preds"": [52.88, 16.64, 30.48], ""scorePred"": [1, 0]}","{""preds"": [31.72, 42.23, 26.05], ""scorePred"": [0, 1]}","{""preds"": [32.25, 42.28, 25.47], ""scorePred"": [0, 1]}","{""preds"": [34.98, 38.48, 26.54], ""scorePred"": [0, 1]}","{""preds"": [47.76, 21.67, 30.57], ""scorePred"": [1, 0]}","{""preds"": [46.77, 23.02, 30.21], ""scorePred"": [1, 0]}","{""preds"": [26.15, 50.52, 23.33], ""scorePred"": [1, 2]}","{""preds"": [27.13, 49.84, 23.03], ""scorePred"": [1, 2]}",,"{""preds"": [35.08, 38.48, 26.44], ""scorePred"": [0, 1]}","{""preds"": [37.21, 34.21, 28.58], ""scorePred"": [1, 0]}","{""preds"": [33.55, 39.87, 26.58], ""scorePred"": [0, 1]}","{""preds"": [33.96, 39.63, 26.41], ""scorePred"": [0, 1]}","{""preds"": [54.22, 14.79, 30.99], ""scorePred"": [1, 0]}","{""preds"": [53.98, 14.96, 31.06], ""scorePred"": [1, 0]}","{""preds"": [49.08, 21.31, 29.61], ""scorePred"": [1, 0]}","{""preds"": [31.01, 43.52, 25.47], ""scorePred"": [0, 1]}","{""preds"": [38.67, 33.98, 27.35], ""scorePred"": [1, 0]}","{""preds"": [32.21, 41.18, 26.61], ""scorePred"": [0, 1]}","{""preds"": [35.08, 38.74, 26.18], ""scorePred"": [0, 1]}","{""preds"": [37.42, 35.63, 26.95], ""scorePred"": [1, 0]}","{""preds"": [29.29, 45.57, 25.14], ""scorePred"": [0, 1]}","{""preds"": [30.97, 43.26, 25.77], ""scorePred"": [0, 1]}","{""preds"": [10.7, 89.18, 0.12], ""scorePred"": [2, 10]}","{""preds"": [36.38, 35.42, 28.2], ""scorePred"": [1, 0]}","{""preds"": [26.23, 48.97, 24.8], ""scorePred"": [0, 1]}","{""preds"": [27.77, 48.38, 23.85], ""scorePred"": [1, 2]}","{""preds"": [25.51, 51.57, 22.92], ""scorePred"": [1, 2]}","{""preds"": [29.15, 45.81, 25.04], ""scorePred"": [1, 2]}","{""preds"": [42.94, 27.75, 29.31], ""scorePred"": [1, 0]}","{""preds"": [42.97, 28.06, 28.97], ""scorePred"": [1, 0]}","{""preds"": [80.12, 19.88, 0.0], ""scorePred"": [1, 0]}","{""preds"": [50.99, 49.01, 0.0], ""scorePred"": [1, 0]}","{""preds"": [38.79, 61.21, 0.0], ""scorePred"": [0, 1]}","{""preds"": [44.01, 55.99, 0.0], ""scorePred"": [0, 1]}","{""preds"": [76.31, 23.69, 0.0], ""scorePred"": [1, 0]}","{""preds"": [43.54, 56.46, 0.0], ""scorePred"": [0, 1]}","{""preds"": [44.16, 55.84, 0.0], ""scorePred"": [0, 1]}","{""preds"": [46.2, 53.8, 0.0], ""scorePred"": [0, 1]}","{""preds"": [69.67, 30.33, 0.0], ""scorePred"": [1, 0]}","{""preds"": [67.49, 32.51, 0.0], ""scorePred"": [1, 0]}","{""preds"": [35.14, 64.86, 0.0], ""scorePred"": [1, 2]}","{""preds"": [34.69, 65.31, 0.0], ""scorePred"": [1, 2]}",,"{""preds"": [47.03, 52.97, 0.0], ""scorePred"": [0, 1]}","{""preds"": [51.92, 48.08, 0.0], ""scorePred"": [1, 0]}","{""preds"": [44.5, 55.5, 0.0], ""scorePred"": [0, 1]}","{""preds"": [47.03, 52.97, 0.0], ""scorePred"": [0, 1]}","{""preds"": [78.61, 21.39, 0.0], ""scorePred"": [1, 0]}","{""preds"": [77.65, 22.35, 0.0], ""scorePred"": [1, 0]}","{""preds"": [70.44, 29.56, 0.0], ""scorePred"": [1, 0]}","{""preds"": [41.63, 58.37, 0.0], ""scorePred"": [0, 1]}","{""preds"": [54.43, 45.57, 0.0], ""scorePred"": [1, 0]}","{""preds"": [44.03, 55.97, 0.0], ""scorePred"": [0, 1]}","{""preds"": [46.66, 53.34, 0.0], ""scorePred"": [0, 1]}","{""preds"": [50.45, 49.55, 0.0], ""scorePred"": [1, 0]}","{""preds"": [39.42, 60.58, 0.0], ""scorePred"": [1, 2]}","{""preds"": [42.36, 57.64, 0.0], ""scorePred"": [0, 1]}","{""preds"": [10.35, 89.65, 0.0], ""scorePred"": [2, 9]}","{""preds"": [51.09, 48.91, 0.0], ""scorePred"": [1, 0]}","{""preds"": [35.15, 64.85, 0.0], ""scorePred"": [1, 2]}","{""preds"": [36.85, 63.15, 0.0], ""scorePred"": [0, 1]}","{""preds"": [33.17, 66.83, 0.0], ""scorePred"": [1, 2]}","{""preds"": [39.42, 60.58, 0.0], ""scorePred"": [0, 1]}","{""preds"": [60.72, 39.28, 0.0], ""scorePred"": [1, 0]}","{""preds"": [59.82, 40.18, 0.0], ""scorePred"": [1, 0]}"
HU,"{""preds"": [57.38, 13.08, 29.54], ""scorePred"": [1, 0]}","{""preds"": [39.18, 33.77, 27.05], ""scorePred"": [1, 0]}","{""preds"": [30.01, 44.81, 25.18], ""scorePred"": [1, 2]}","{""preds"": [34.07, 40.66, 25.27], ""scorePred"": [0, 1]}","{""preds"": [56.01, 15.37, 28.62], ""scorePred"": [1, 0]}","{""preds"": [34.02, 41.22, 24.76], ""scorePred"": [0, 1]}","{""preds"": [34.08, 40.12, 25.8], ""scorePred"": [0, 1]}","{""preds"": [35.96, 38.08, 25.96], ""scorePred"": [0, 1]}","{""preds"": [49.79, 21.3, 28.91], ""scorePred"": [1, 0]}","{""preds"": [49.74, 21.34, 28.92], ""scorePred"": [1, 0]}","{""preds"": [28.66, 47.44, 23.9], ""scorePred"": [1, 2]}","{""preds"": [28.62, 47.58, 23.8], ""scorePred"": [1, 2]}","{""preds"": [39.53, 33.65, 26.82], ""scorePred"": [1, 0]}",,"{""preds"": [40.62, 31.94, 27.44], ""scorePred"": [1, 0]}","{""preds"": [34.85, 38.99, 26.16], ""scorePred"": [0, 1]}","{""preds"": [36.05, 39.05, 24.9], ""scorePred"": [0, 1]}","{""preds"": [36.32, 61.13, 2.55], ""scorePred"": [2, 8]}","{""preds"": [56.06, 14.56, 29.38], ""scorePred"": [1, 0]}","{""preds"": [50.9, 20.03, 29.07], ""scorePred"": [1, 0]}","{""preds"": [32.7, 42.58, 24.72], ""scorePred"": [0, 1]}","{""preds"": [40.73, 32.26, 27.01], ""scorePred"": [1, 0]}","{""preds"": [35.27, 39.26, 25.47], ""scorePred"": [0, 1]}","{""preds"": [36.61, 36.91, 26.48], ""scorePred"": [0, 1]}","{""preds"": [38.44, 33.79, 27.77], ""scorePred"": [1, 0]}","{""preds"": [30.6, 44.53, 24.87], ""scorePred"": [1, 2]}","{""preds"": [33.51, 41.71, 24.78], ""scorePred"": [0, 1]}","{""preds"": [10.37, 89.49, 0.14], ""scorePred"": [2, 10]}","{""preds"": [39.31, 33.26, 27.43], ""scorePred"": [1, 0]}","{""preds"": [29.12, 46.94, 23.94], ""scorePred"": [1, 2]}","{""preds"": [29.12, 46.59, 24.29], ""scorePred"": [1, 2]}","{""preds"": [27.19, 50.31, 22.5], ""scorePred"": [1, 2]}","{""preds"": [31.22, 44.13, 24.65], ""scorePred"": [1, 2]}","{""preds"": [45.29, 27.01, 27.7], ""scorePred"": [1, 0]}","{""preds"": [44.52, 26.64, 28.84], ""scorePred"": [1, 0]}","{""preds"": [82.08, 17.92, 0.0], ""scorePred"": [1, 0]}","{""preds"": [54.22, 45.78, 0.0], ""scorePred"": [1, 0]}","{""preds"": [41.33, 58.67, 0.0], ""scorePred"": [1, 2]}","{""preds"": [47.26, 52.74, 0.0], ""scorePred"": [0, 1]}","{""preds"": [78.58, 21.42, 0.0], ""scorePred"": [1, 0]}","{""preds"": [46.96, 53.04, 0.0], ""scorePred"": [0, 1]}","{""preds"": [45.55, 54.45, 0.0], ""scorePred"": [0, 1]}","{""preds"": [49.21, 50.79, 0.0], ""scorePred"": [0, 1]}","{""preds"": [70.68, 29.32, 0.0], ""scorePred"": [1, 0]}","{""preds"": [69.84, 30.16, 0.0], ""scorePred"": [1, 0]}","{""preds"": [36.9, 63.1, 0.0], ""scorePred"": [1, 2]}","{""preds"": [37.61, 62.39, 0.0], ""scorePred"": [1, 2]}","{""preds"": [52.51, 47.49, 0.0], ""scorePred"": [1, 0]}",,"{""preds"": [54.55, 45.45, 0.0], ""scorePred"": [1, 0]}","{""preds"": [46.32, 53.68, 0.0], ""scorePred"": [0, 1]}","{""preds"": [49.59, 50.41, 0.0], ""scorePred"": [0, 1]}","{""preds"": [37.23, 62.77, 0.0], ""scorePred"": [2, 8]}","{""preds"": [79.28, 20.72, 0.0], ""scorePred"": [1, 0]}","{""preds"": [71.79, 28.21, 0.0], ""scorePred"": [1, 0]}","{""preds"": [43.47, 56.53, 0.0], ""scorePred"": [1, 2]}","{""preds"": [56.2, 43.8, 0.0], ""scorePred"": [1, 0]}","{""preds"": [46.15, 53.85, 0.0], ""scorePred"": [0, 1]}","{""preds"": [51.08, 48.92, 0.0], ""scorePred"": [1, 0]}","{""preds"": [53.61, 46.39, 0.0], ""scorePred"": [1, 0]}","{""preds"": [41.84, 58.16, 0.0], ""scorePred"": [1, 2]}","{""preds"": [44.8, 55.2, 0.0], ""scorePred"": [1, 2]}","{""preds"": [10.29, 89.71, 0.0], ""scorePred"": [2, 8]}","{""preds"": [53.1, 46.9, 0.0], ""scorePred"": [1, 0]}","{""preds"": [38.23, 61.77, 0.0], ""scorePred"": [1, 2]}","{""preds"": [39.13, 60.87, 0.0], ""scorePred"": [1, 2]}","{""preds"": [35.56, 64.44, 0.0], ""scorePred"": [1, 2]}","{""preds"": [40.95, 59.05, 0.0], ""scorePred"": [1, 2]}","{""preds"": [61.6, 38.4, 0.0], ""scorePred"": [1, 0]}","{""preds"": [62.81, 37.19, 0.0], ""scorePred"": [1, 0]}"
IS,"{""preds"": [54.09, 13.91, 32.0], ""scorePred"": [1, 0]}","{""preds"": [34.82, 36.83, 28.35], ""scorePred"": [0, 1]}","{""preds"": [27.27, 47.65, 25.08], ""scorePred"": [0, 1]}","{""preds"": [30.96, 43.0, 26.04], ""scorePred"": [0, 1]}","{""preds"": [50.24, 17.3, 32.46], ""scorePred"": [1, 0]}","{""preds"": [30.75, 42.75, 26.5], ""scorePred"": [0, 1]}","{""preds"": [30.17, 44.18, 25.65], ""scorePred"": [0, 1]}","{""preds"": [32.14, 40.95, 26.91], ""scorePred"": [0, 1]}","{""preds"": [46.66, 22.08, 31.26], ""scorePred"": [1, 0]}","{""preds"": [45.17, 24.1, 30.73], ""scorePred"": [1, 0]}","{""preds"": [25.47, 51.36, 23.17], ""scorePred"": [1, 2]}","{""preds"": [26.46, 50.16, 23.38], ""scorePred"": [1, 2]}","{""preds"": [35.27, 36.69, 28.04], ""scorePred"": [0, 1]}","{""preds"": [33.31, 40.38, 26.31], ""scorePred"": [0, 1]}",,"{""preds"": [31.73, 41.62, 26.65], ""scorePred"": [0, 1]}","{""preds"": [33.13, 39.65, 27.22], ""scorePred"": [0, 1]}","{""preds"": [52.79, 15.89, 31.32], ""scorePred"": [1, 0]}","{""preds"": [52.31, 15.82, 31.87], ""scorePred"": [1, 0]}","{""preds"": [47.41, 22.27, 30.32], ""scorePred"": [1, 0]}","{""preds"": [29.73, 44.83, 25.44], ""scorePred"": [0, 1]}","{""preds"": [36.86, 33.75, 29.39], ""scorePred"": [1, 0]}","{""preds"": [31.56, 42.2, 26.24], ""scorePred"": [0, 1]}","{""preds"": [33.64, 39.09, 27.27], ""scorePred"": [0, 1]}","{""preds"": [35.9, 36.29, 27.81], ""scorePred"": [0, 1]}","{""preds"": [27.91, 47.2, 24.89], ""scorePred"": [0, 1]}","{""preds"": [30.02, 44.75, 25.23], ""scorePred"": [0, 1]}","{""preds"": [64.93, 3.24, 31.83], ""scorePred"": [1, 0]}","{""preds"": [35.19, 36.23, 28.58], ""scorePred"": [0, 1]}","{""preds"": [25.86, 49.35, 24.79], ""scorePred"": [1, 2]}","{""preds"": [27.35, 48.04, 24.61], ""scorePred"": [1, 2]}","{""preds"": [23.64, 53.37, 22.99], ""scorePred"": [1, 2]}","{""preds"": [28.36, 47.44, 24.2], ""scorePred"": [0, 1]}","{""preds"": [40.97, 28.63, 30.4], ""scorePred"": [1, 0]}","{""preds"": [41.39, 29.15, 29.46], ""scorePred"": [1, 0]}","{""preds"": [79.02, 20.98, 0.0], ""scorePred"": [1, 0]}","{""preds"": [49.32, 50.68, 0.0], ""scorePred"": [0, 1]}","{""preds"": [36.88, 63.12, 0.0], ""scorePred"": [0, 1]}","{""preds"": [41.92, 58.08, 0.0], ""scorePred"": [0, 1]}","{""preds"": [74.26, 25.74, 0.0], ""scorePred"": [1, 0]}","{""preds"": [41.88, 58.12, 0.0], ""scorePred"": [0, 1]}","{""preds"": [41.84, 58.16, 0.0], ""scorePred"": [0, 1]}","{""preds"": [45.18, 54.82, 0.0], ""scorePred"": [0, 1]}","{""preds"": [67.32, 32.68, 0.0], ""scorePred"": [1, 0]}","{""preds"": [66.59, 33.41, 0.0], ""scorePred"": [1, 0]}","{""preds"": [33.59, 66.41, 0.0], ""scorePred"": [1, 2]}","{""preds"": [34.53, 65.47, 0.0], ""scorePred"": [1, 2]}","{""preds"": [48.01, 51.99, 0.0], ""scorePred"": [0, 1]}","{""preds"": [44.7, 55.3, 0.0], ""scorePred"": [0, 1]}",,"{""preds"": [43.55, 56.45, 0.0], ""scorePred"": [0, 1]}","{""preds"": [44.73, 55.27, 0.0], ""scorePred"": [0, 1]}","{""preds"": [76.82, 23.18, 0.0], ""scorePred"": [1, 0]}","{""preds"": [76.07, 23.93, 0.0], ""scorePred"": [1, 0]}","{""preds"": [67.85, 32.15, 0.0], ""scorePred"": [1, 0]}","{""preds"": [40.2, 59.8, 0.0], ""scorePred"": [0, 1]}","{""preds"": [52.39, 47.61, 0.0], ""scorePred"": [1, 0]}","{""preds"": [42.75, 57.25, 0.0], ""scorePred"": [0, 1]}","{""preds"": [46.67, 53.33, 0.0], ""scorePred"": [0, 1]}","{""preds"": [48.18, 51.82, 0.0], ""scorePred"": [0, 1]}","{""preds"": [36.7, 63.3, 0.0], ""scorePred"": [0, 1]}","{""preds"": [41.06, 58.94, 0.0], ""scorePred"": [0, 1]}","{""preds"": [94.76, 5.24, 0.0], ""scorePred"": [1, 0]}","{""preds"": [48.78, 51.22, 0.0], ""scorePred"": [0, 1]}","{""preds"": [33.94, 66.06, 0.0], ""scorePred"": [0, 1]}","{""preds"": [35.66, 64.34, 0.0], ""scorePred"": [0, 1]}","{""preds"": [32.08, 67.92, 0.0], ""scorePred"": [1, 2]}","{""preds"": [36.98, 63.02, 0.0], ""scorePred"": [0, 1]}","{""preds"": [57.9, 42.1, 0.0], ""scorePred"": [1, 0]}","{""preds"": [58.59, 41.41, 0.0], ""scorePred"": [1, 0]}"
IE,"{""preds"": [60.96, 11.67, 27.37], ""scorePred"": [1, 0]}","{""preds"": [41.78, 32.0, 26.22], ""scorePred"": [1, 0]}","{""preds"": [33.01, 42.74, 24.25], ""scorePred"": [1, 2]}","{""preds"": [36.13, 37.64, 26.23], ""scorePred"": [0, 1]}","{""preds"": [58.44, 13.95, 27.61], ""scorePred"": [1, 0]}","{""preds"": [36.66, 38.53, 24.81], ""scorePred"": [1, 2]}","{""preds"": [36.09, 37.89, 26.02], ""scorePred"": [1, 2]}","{""preds"": [38.94, 35.8, 25.26], ""scorePred"": [1, 0]}","{""preds"": [45.68, 49.64, 4.68], ""scorePred"": [2, 10]}","{""preds"": [51.82, 20.31, 27.87], ""scorePred"": [1, 0]}","{""preds"": [30.88, 46.09, 23.03], ""scorePred"": [1, 2]}","{""preds"": [30.99, 46.12, 22.89], ""scorePred"": [1, 2]}","{""preds"": [41.3, 32.88, 25.82], ""scorePred"": [1, 0]}","{""preds"": [39.16, 33.88, 26.96], ""scorePred"": [2, 1]}","{""preds"": [42.61, 31.22, 26.17], ""scorePred"": [1, 0]}",,"{""preds"": [39.42, 35.29, 25.29], ""scorePred"": [1, 0]}","{""preds"": [37.28, 60.33, 2.39], ""scorePred"": [2, 8]}","{""preds"": [36.87, 60.79, 2.34], ""scorePred"": [2, 8]}","{""preds"": [53.77, 18.75, 27.48], ""scorePred"": [1, 0]}","{""preds"": [36.19, 39.54, 24.27], ""scorePred"": [1, 2]}","{""preds"": [42.89, 29.69, 27.42], ""scorePred"": [1, 0]}","{""preds"": [37.32, 36.84, 25.84], ""scorePred"": [2, 1]}","{""preds"": [38.85, 35.41, 25.74], ""scorePred"": [1, 0]}","{""preds"": [40.34, 32.84, 26.82], ""scorePred"": [1, 0]}","{""preds"": [32.71, 42.59, 24.7], ""scorePred"": [1, 2]}","{""preds"": [35.61, 38.91, 25.48], ""scorePred"": [0, 1]}","{""preds"": [10.49, 89.28, 0.23], ""scorePred"": [2, 9]}","{""preds"": [41.06, 32.03, 26.91], ""scorePred"": [1, 0]}","{""preds"": [31.0, 45.89, 23.11], ""scorePred"": [1, 2]}","{""preds"": [33.3, 43.29, 23.41], ""scorePred"": [1, 2]}","{""preds"": [29.22, 47.72, 23.06], ""scorePred"": [1, 2]}","{""preds"": [34.11, 41.51, 24.38], ""scorePred"": [1, 2]}","{""preds"": [48.17, 24.45, 27.38], ""scorePred"": [1, 0]}","{""preds"": [47.01, 25.46, 27.53], ""scorePred"": [1, 0]}","{""preds"": [83.02, 16.98, 0.0], ""scorePred"": [1, 0]}","{""preds"": [56.27, 43.73, 0.0], ""scorePred"": [1, 0]}","{""preds"": [44.16, 55.84, 0.0], ""scorePred"": [1, 2]}","{""preds"": [49.35, 50.65, 0.0], ""scorePred"": [1, 2]}","{""preds"": [80.67, 19.33, 0.0], ""scorePred"": [1, 0]}","{""preds"": [49.38, 50.62, 0.0], ""scorePred"": [1, 2]}","{""preds"": [49.29, 50.71, 0.0], ""scorePred"": [1, 2]}","{""preds"": [50.94, 49.06, 0.0], ""scorePred"": [1, 0]}","{""preds"": [47.83, 52.17, 0.0], ""scorePred"": [2, 8]}","{""preds"": [72.07, 27.93, 0.0], ""scorePred"": [1, 0]}","{""preds"": [39.45, 60.55, 0.0], ""scorePred"": [1, 2]}","{""preds"": [39.14, 60.86, 0.0], ""scorePred"": [1, 2]}","{""preds"": [55.0, 45.0, 0.0], ""scorePred"": [1, 0]}","{""preds"": [52.61, 47.39, 0.0], ""scorePred"": [1, 0]}","{""preds"": [57.61, 42.39, 0.0], ""scorePred"": [1, 0]}",,"{""preds"": [52.77, 47.23, 0.0], ""scorePred"": [1, 0]}","{""preds"": [37.41, 62.59, 0.0], ""scorePred"": [2, 9]}","{""preds"": [36.69, 63.31, 0.0], ""scorePred"": [2, 10]}","{""preds"": [74.48, 25.52, 0.0], ""scorePred"": [1, 0]}","{""preds"": [46.49, 53.51, 0.0], ""scorePred"": [1, 2]}","{""preds"": [58.61, 41.39, 0.0], ""scorePred"": [1, 0]}","{""preds"": [48.44, 51.56, 0.0], ""scorePred"": [0, 1]}","{""preds"": [51.68, 48.32, 0.0], ""scorePred"": [1, 0]}","{""preds"": [55.18, 44.82, 0.0], ""scorePred"": [1, 0]}","{""preds"": [44.06, 55.94, 0.0], ""scorePred"": [1, 2]}","{""preds"": [47.55, 52.45, 0.0], ""scorePred"": [1, 2]}","{""preds"": [10.07, 89.93, 0.0], ""scorePred"": [2, 8]}","{""preds"": [55.48, 44.52, 0.0], ""scorePred"": [1, 0]}","{""preds"": [40.45, 59.55, 0.0], ""scorePred"": [1, 2]}","{""preds"": [42.36, 57.64, 0.0], ""scorePred"": [1, 2]}","{""preds"": [38.26, 61.74, 0.0], ""scorePred"": [1, 2]}","{""preds"": [45.4, 54.6, 0.0], ""scorePred"": [1, 2]}","{""preds"": [64.84, 35.16, 0.0], ""scorePred"": [1, 0]}","{""preds"": [64.9, 35.1, 0.0], ""scorePred"": [1, 0]}"
IT,"{""preds"": [59.1, 12.17, 28.73], ""scorePred"": [1, 0]}","{""preds"": [39.89, 34.08, 26.03], ""scorePred"": [1, 0]}","{""preds"": [32.22, 43.69, 24.09], ""scorePred"": [1, 2]}","{""preds"": [35.5, 38.78, 25.72], ""scorePred"": [0, 1]}","{""preds"": [38.47, 58.69, 2.84], ""scorePred"": [2, 8]}","{""preds"": [34.93, 39.27, 25.8], ""scorePred"": [0, 1]}","{""preds"": [34.96, 39.33, 25.71], ""scorePred"": [0, 1]}","{""preds"": [36.99, 36.84, 26.17], ""scorePred"": [1, 0]}","{""preds"": [46.41, 48.8, 4.79], ""scorePred"": [2, 8]}","{""preds"": [49.8, 21.03, 29.17], ""scorePred"": [1, 0]}","{""preds"": [29.64, 47.59, 22.77], ""scorePred"": [1, 2]}","{""preds"": [29.6, 47.19, 23.21], ""scorePred"": [1, 2]}","{""preds"": [38.72, 34.63, 26.65], ""scorePred"": [1, 0]}","{""preds"": [37.11, 36.74, 26.15], ""scorePred"": [1, 0]}","{""preds"": [39.85, 33.02, 27.13], ""scorePred"": [1, 0]}","{""preds"": [34.86, 38.91, 26.23], ""scorePred"": [0, 1]}",,"{""preds"": [35.59, 61.96, 2.45], ""scorePred"": [2, 9]}","{""preds"": [36.29, 61.02, 2.69], ""scorePred"": [2, 8]}","{""preds"": [45.12, 50.49, 4.39], ""scorePred"": [2, 9]}","{""preds"": [34.23, 40.58, 25.19], ""scorePred"": [1, 2]}","{""preds"": [41.3, 32.13, 26.57], ""scorePred"": [1, 0]}","{""preds"": [34.94, 39.42, 25.64], ""scorePred"": [0, 1]}","{""preds"": [38.35, 35.78, 25.87], ""scorePred"": [1, 0]}","{""preds"": [39.59, 32.99, 27.42], ""scorePred"": [1, 0]}","{""preds"": [31.32, 44.31, 24.37], ""scorePred"": [1, 2]}","{""preds"": [33.95, 40.65, 25.4], ""scorePred"": [0, 1]}","{""preds"": [10.07, 89.79, 0.14], ""scorePred"": [2, 9]}","{""preds"": [40.35, 32.77, 26.88], ""scorePred"": [1, 0]}","{""preds"": [29.44, 46.73, 23.83], ""scorePred"": [1, 2]}","{""preds"": [30.32, 45.6, 24.08], ""scorePred"": [1, 2]}","{""preds"": [28.55, 48.87, 22.58], ""scorePred"": [1, 2]}","{""preds"": [32.41, 43.09, 24.5], ""scorePred"": [1, 2]}","{""preds"": [46.11, 26.62, 27.27], ""scorePred"": [1, 0]}","{""preds"": [45.63, 26.68, 27.69], ""scorePred"": [1, 0]}","{""preds"": [83.02, 16.98, 0.0], ""scorePred"": [1, 0]}","{""preds"": [53.49, 46.51, 0.0], ""scorePred"": [1, 0]}","{""preds"": [41.85, 58.15, 0.0], ""scorePred"": [1, 2]}","{""preds"": [46.93, 53.07, 0.0], ""scorePred"": [0, 1]}","{""preds"": [39.72, 60.28, 0.0], ""scorePred"": [2, 8]}","{""preds"": [45.81, 54.19, 0.0], ""scorePred"": [0, 1]}","{""preds"": [47.55, 52.45, 0.0], ""scorePred"": [0, 1]}","{""preds"": [49.46, 50.54, 0.0], ""scorePred"": [0, 1]}","{""preds"": [47.61, 52.39, 0.0], ""scorePred"": [2, 8]}","{""preds"": [69.34, 30.66, 0.0], ""scorePred"": [1, 0]}","{""preds"": [37.74, 62.26, 0.0], ""scorePred"": [1, 2]}","{""preds"": [37.85, 62.15, 0.0], ""scorePred"": [1, 2]}","{""preds"": [53.6, 46.4, 0.0], ""scorePred"": [1, 0]}","{""preds"": [50.7, 49.3, 0.0], ""scorePred"": [1, 0]}","{""preds"": [56.07, 43.93, 0.0], ""scorePred"": [1, 0]}","{""preds"": [47.33, 52.67, 0.0], ""scorePred"": [0, 1]}",,"{""preds"": [37.66, 62.34, 0.0], ""scorePred"": [2, 9]}","{""preds"": [37.64, 62.36, 0.0], ""scorePred"": [2, 9]}","{""preds"": [47.21, 52.79, 0.0], ""scorePred"": [2, 9]}","{""preds"": [44.47, 55.53, 0.0], ""scorePred"": [1, 2]}","{""preds"": [57.55, 42.45, 0.0], ""scorePred"": [1, 0]}","{""preds"": [48.65, 51.35, 0.0], ""scorePred"": [0, 1]}","{""preds"": [51.06, 48.94, 0.0], ""scorePred"": [1, 0]}","{""preds"": [54.29, 45.71, 0.0], ""scorePred"": [1, 0]}","{""preds"": [42.49, 57.51, 0.0], ""scorePred"": [1, 2]}","{""preds"": [44.96, 55.04, 0.0], ""scorePred"": [1, 2]}","{""preds"": [10.03, 89.97, 0.0], ""scorePred"": [2, 7]}","{""preds"": [53.86, 46.14, 0.0], ""scorePred"": [1, 0]}","{""preds"": [38.26, 61.74, 0.0], ""scorePred"": [1, 2]}","{""preds"": [40.19, 59.81, 0.0], ""scorePred"": [1, 2]}","{""preds"": [35.85, 64.15, 0.0], ""scorePred"": [1, 2]}","{""preds"": [42.01, 57.99, 0.0], ""scorePred"": [1, 2]}","{""preds"": [63.15, 36.85, 0.0], ""scorePred"": [1, 0]}","{""preds"": [63.22, 36.78, 0.0], ""scorePred"": [1, 0]}"
LI,"{""preds"": [28.4, 24.58, 47.02], ""scorePred"": [0, 0]}","{""preds"": [16.06, 52.61, 31.33], ""scorePred"": [0, 1]}","{""preds"": [60.64, 37.53, 1.83], ""scorePred"": [9, 2]}","{""preds"": [60.28, 37.44, 2.28], ""scorePred"": [8, 2]}","{""preds"": [25.74, 28.67, 45.59], ""scorePred"": [0, 0]}","{""preds"": [61.18, 36.73, 2.09], ""scorePred"": [9, 2]}","{""preds"": [61.04, 36.66, 2.3], ""scorePred"": [9, 2]}","{""preds"": [60.04, 37.45, 2.51], ""scorePred"": [8, 2]}","{""preds"": [22.42, 36.49, 41.09], ""scorePred"": [0, 0]}","{""preds"": [21.99, 37.31, 40.7], ""scorePred"": [0, 0]}","{""preds"": [62.01, 36.29, 1.7], ""scorePred"": [10, 2]}","{""preds"": [60.66, 37.67, 1.67], ""scorePred"": [9, 2]}","{""preds"": [14.99, 54.23, 30.78], ""scorePred"": [0, 1]}","{""preds"": [61.19, 36.44, 2.37], ""scorePred"": [9, 2]}","{""preds"": [16.37, 51.67, 31.96], ""scorePred"": [0, 1]}","{""preds"": [60.63, 36.9, 2.47], ""scorePred"": [8, 2]}","{""preds"": [60.97, 36.43, 2.6], ""scorePred"": [8, 2]}",,"{""preds"": [26.99, 26.9, 46.11], ""scorePred"": [0, 0]}","{""preds"": [22.82, 35.02, 42.16], ""scorePred"": [0, 0]}","{""preds"": [60.66, 37.2, 2.14], ""scorePred"": [9, 2]}","{""preds"": [17.0, 50.6, 32.4], ""scorePred"": [0, 1]}","{""preds"": [60.89, 37.06, 2.05], ""scorePred"": [10, 2]}","{""preds"": [60.48, 36.61, 2.91], ""scorePred"": [8, 2]}","{""preds"": [62.16, 35.26, 2.58], ""scorePred"": [8, 2]}","{""preds"": [61.06, 36.69, 2.25], ""scorePred"": [9, 2]}","{""preds"": [61.38, 36.47, 2.15], ""scorePred"": [10, 2]}","{""preds"": [36.07, 6.35, 57.58], ""scorePred"": [0, 0]}","{""preds"": [60.83, 36.41, 2.76], ""scorePred"": [8, 2]}","{""preds"": [60.12, 37.85, 2.03], ""scorePred"": [11, 2]}","{""preds"": [61.24, 36.92, 1.84], ""scorePred"": [9, 2]}","{""preds"": [61.13, 37.23, 1.64], ""scorePred"": [9, 2]}","{""preds"": [60.9, 36.79, 2.31], ""scorePred"": [9, 2]}","{""preds"": [19.52, 44.69, 35.79], ""scorePred"": [0, 1]}","{""preds"": [60.77, 35.51, 3.72], ""scorePred"": [7, 1]}","{""preds"": [51.52, 48.48, 0.0], ""scorePred"": [1, 0]}","{""preds"": [22.15, 77.85, 0.0], ""scorePred"": [0, 1]}","{""preds"": [62.6, 37.4, 0.0], ""scorePred"": [9, 2]}","{""preds"": [62.1, 37.9, 0.0], ""scorePred"": [10, 2]}","{""preds"": [47.39, 52.61, 0.0], ""scorePred"": [0, 1]}","{""preds"": [62.75, 37.25, 0.0], ""scorePred"": [8, 2]}","{""preds"": [62.23, 37.77, 0.0], ""scorePred"": [9, 2]}","{""preds"": [62.47, 37.53, 0.0], ""scorePred"": [8, 2]}","{""preds"": [38.07, 61.93, 0.0], ""scorePred"": [0, 1]}","{""preds"": [36.76, 63.24, 0.0], ""scorePred"": [0, 1]}","{""preds"": [61.99, 38.01, 0.0], ""scorePred"": [9, 2]}","{""preds"": [62.36, 37.64, 0.0], ""scorePred"": [10, 2]}","{""preds"": [21.83, 78.17, 0.0], ""scorePred"": [0, 1]}","{""preds"": [62.36, 37.64, 0.0], ""scorePred"": [8, 2]}","{""preds"": [23.16, 76.84, 0.0], ""scorePred"": [0, 1]}","{""preds"": [62.44, 37.56, 0.0], ""scorePred"": [9, 2]}","{""preds"": [63.0, 37.0, 0.0], ""scorePred"": [9, 2]}",,"{""preds"": [48.16, 51.84, 0.0], ""scorePred"": [0, 1]}","{""preds"": [39.93, 60.07, 0.0], ""scorePred"": [0, 1]}","{""preds"": [61.95, 38.05, 0.0], ""scorePred"": [9, 2]}","{""preds"": [25.65, 74.35, 0.0], ""scorePred"": [0, 1]}","{""preds"": [62.22, 37.78, 0.0], ""scorePred"": [10, 2]}","{""preds"": [63.06, 36.94, 0.0], ""scorePred"": [9, 2]}","{""preds"": [62.52, 37.48, 0.0], ""scorePred"": [8, 2]}","{""preds"": [61.95, 38.05, 0.0], ""scorePred"": [11, 2]}","{""preds"": [62.0, 38.0, 0.0], ""scorePred"": [9, 2]}","{""preds"": [84.04, 15.96, 0.0], ""scorePred"": [1, 0]}","{""preds"": [62.91, 37.09, 0.0], ""scorePred"": [8, 2]}","{""preds"": [63.13, 36.87, 0.0], ""scorePred"": [11, 2]}","{""preds"": [61.7, 38.3, 0.0], ""scorePred"": [9, 2]}","{""preds"": [61.5, 38.5, 0.0], ""scorePred"": [12, 2]}","{""preds"": [61.78, 38.22, 0.0], ""scorePred"": [10, 2]}","{""preds"": [29.67, 70.33, 0.0], ""scorePred"": [0, 1]}","{""preds"": [64.19, 35.81, 0.0], ""scorePred"": [7, 1]}"
LU,"{""preds"": [28.14, 23.73, 48.13], ""scorePred"": [0, 0]}","{""preds"": [15.21, 54.24, 30.55], ""scorePred"": [0, 1]}","{""preds"": [61.36, 36.64, 2.0], ""scorePred"": [9, 2]}","{""preds"": [61.0, 36.64, 2.36], ""scorePred"": [10, 2]}","{""preds"": [25.42, 28.99, 45.59], ""scorePred"": [0, 0]}","{""preds"": [60.22, 37.32, 2.46], ""scorePred"": [8, 2]}","{""preds"": [60.37, 37.22, 2.41], ""scorePred"": [9, 2]}","{""preds"": [61.55, 35.74, 2.71], ""scorePred"": [9, 2]}","{""preds"": [22.34, 37.02, 40.64], ""scorePred"": [0, 0]}","{""preds"": [22.05, 37.65, 40.3], ""scorePred"": [0, 0]}","{""preds"": [60.66, 37.62, 1.72], ""scorePred"": [10, 2]}","{""preds"": [60.8, 37.2, 2.0], ""scorePred"": [10, 2]}","{""preds"": [15.41, 54.01, 30.58], ""scorePred"": [0, 1]}","{""preds"": [15.26, 56.53, 28.21], ""scorePred"": [0, 1]}","{""preds"": [15.68, 52.62, 31.7], ""scorePred"": [0, 1]}","{""preds"": [61.43, 36.24, 2.33], ""scorePred"": [8, 2]}","{""preds"": [60.76, 36.72, 2.52], ""scorePred"": [8, 2]}","{""preds"": [26.55, 26.08, 47.37], ""scorePred"": [0, 0]}",,"{""preds"": [23.14, 35.46, 41.4], ""scorePred"": [0, 0]}","{""preds"": [61.05, 36.99, 1.96], ""scorePred"": [8, 2]}","{""preds"": [16.8, 50.08, 33.12], ""scorePred"": [0, 1]}","{""preds"": [61.37, 36.23, 2.4], ""scorePred"": [9, 2]}","{""preds"": [61.55, 35.85, 2.6], ""scorePred"": [8, 2]}","{""preds"": [61.09, 35.94, 2.97], ""scorePred"": [8, 2]}","{""preds"": [61.01, 36.83, 2.16], ""scorePred"": [10, 2]}","{""preds"": [61.12, 36.81, 2.07], ""scorePred"": [9, 2]}","{""preds"": [35.79, 6.32, 57.89], ""scorePred"": [0, 0]}","{""preds"": [61.37, 35.89, 2.74], ""scorePred"": [8, 2]}","{""preds"": [60.37, 37.91, 1.72], ""scorePred"": [8, 2]}","{""preds"": [60.32, 37.76, 1.92], ""scorePred"": [10, 2]}","{""preds"": [60.34, 37.9, 1.76], ""scorePred"": [12, 2]}","{""preds"": [61.52, 36.26, 2.22], ""scorePred"": [8, 2]}","{""preds"": [19.49, 44.56, 35.95], ""scorePred"": [0, 1]}","{""preds"": [61.39, 35.12, 3.49], ""scorePred"": [9, 1]}","{""preds"": [53.58, 46.42, 0.0], ""scorePred"": [1, 0]}","{""preds"": [22.05, 77.95, 0.0], ""scorePred"": [0, 1]}","{""preds"": [63.07, 36.93, 0.0], ""scorePred"": [10, 2]}","{""preds"": [62.84, 37.16, 0.0], ""scorePred"": [9, 2]}","{""preds"": [47.97, 52.03, 0.0], ""scorePred"": [0, 1]}","{""preds"": [63.05, 36.95, 0.0], ""scorePred"": [8, 2]}","{""preds"": [62.28, 37.72, 0.0], ""scorePred"": [9, 2]}","{""preds"": [62.42, 37.58, 0.0], ""scorePred"": [9, 2]}","{""preds"": [39.33, 60.67, 0.0], ""scorePred"": [0, 1]}","{""preds"": [36.97, 63.03, 0.0], ""scorePred"": [0, 1]}","{""preds"": [61.78, 38.22, 0.0], ""scorePred"": [10, 2]}","{""preds"": [62.6, 37.4, 0.0], ""scorePred"": [10, 2]}","{""preds"": [20.98, 79.02, 0.0], ""scorePred"": [0, 1]}","{""preds"": [19.57, 80.43, 0.0], ""scorePred"": [0, 1]}","{""preds"": [23.52, 76.48, 0.0], ""scorePred"": [0, 1]}","{""preds"": [62.51, 37.49, 0.0], ""scorePred"": [9, 2]}","{""preds"": [62.68, 37.32, 0.0], ""scorePred"": [9, 2]}","{""preds"": [50.51, 49.49, 0.0], ""scorePred"": [1, 0]}",,"{""preds"": [39.24, 60.76, 0.0], ""scorePred"": [0, 1]}","{""preds"": [63.06, 36.94, 0.0], ""scorePred"": [9, 2]}","{""preds"": [24.62, 75.38, 0.0], ""scorePred"": [0, 1]}","{""preds"": [62.73, 37.27, 0.0], ""scorePred"": [8, 2]}","{""preds"": [62.51, 37.49, 0.0], ""scorePred"": [9, 2]}","{""preds"": [62.99, 37.01, 0.0], ""scorePred"": [8, 2]}","{""preds"": [61.55, 38.45, 0.0], ""scorePred"": [9, 2]}","{""preds"": [61.48, 38.52, 0.0], ""scorePred"": [8, 2]}","{""preds"": [84.12, 15.88, 0.0], ""scorePred"": [1, 0]}","{""preds"": [62.61, 37.39, 0.0], ""scorePred"": [8, 2]}","{""preds"": [61.11, 38.89, 0.0], ""scorePred"": [9, 2]}","{""preds"": [60.41, 39.59, 0.0], ""scorePred"": [10, 2]}","{""preds"": [62.34, 37.66, 0.0], ""scorePred"": [10, 2]}","{""preds"": [62.15, 37.85, 0.0], ""scorePred"": [9, 2]}","{""preds"": [29.25, 70.75, 0.0], ""scorePred"": [0, 1]}","{""preds"": [64.14, 35.86, 0.0], ""scorePred"": [7, 1]}"
MT,"{""preds"": [36.5, 21.33, 42.17], ""scorePred"": [0, 0]}","{""preds"": [21.36, 48.65, 29.99], ""scorePred"": [0, 1]}","{""preds"": [16.17, 58.99, 24.84], ""scorePred"": [0, 1]}","{""preds"": [18.51, 54.35, 27.14], ""scorePred"": [0, 1]}","{""preds"": [33.99, 25.15, 40.86], ""scorePred"": [0, 0]}","{""preds"": [18.3, 54.29, 27.41], ""scorePred"": [0, 1]}","{""preds"": [18.84, 53.89, 27.27], ""scorePred"": [0, 1]}","{""preds"": [19.51, 52.97, 27.52], ""scorePred"": [0, 1]}","{""preds"": [29.77, 31.08, 39.15], ""scorePred"": [0, 0]}","{""preds"": [30.01, 32.48, 37.51], ""scorePred"": [0, 0]}","{""preds"": [14.29, 62.79, 22.92], ""scorePred"": [0, 1]}","{""preds"": [50.78, 46.03, 3.19], ""scorePred"": [9, 2]}","{""preds"": [20.9, 49.11, 29.99], ""scorePred"": [0, 1]}","{""preds"": [19.72, 50.88, 29.4], ""scorePred"": [0, 1]}","{""preds"": [22.37, 46.97, 30.66], ""scorePred"": [0, 1]}","{""preds"": [19.65, 53.39, 26.96], ""scorePred"": [0, 1]}","{""preds"": [51.12, 44.22, 4.66], ""scorePred"": [9, 2]}","{""preds"": [36.23, 23.23, 40.54], ""scorePred"": [0, 0]}","{""preds"": [35.09, 23.02, 41.89], ""scorePred"": [0, 0]}",,"{""preds"": [50.26, 45.85, 3.89], ""scorePred"": [10, 2]}","{""preds"": [23.29, 45.53, 31.18], ""scorePred"": [0, 1]}","{""preds"": [18.83, 53.82, 27.35], ""scorePred"": [0, 1]}","{""preds"": [20.54, 50.82, 28.64], ""scorePred"": [0, 1]}","{""preds"": [21.74, 47.96, 30.3], ""scorePred"": [0, 1]}","{""preds"": [15.9, 59.02, 25.08], ""scorePred"": [0, 1]}","{""preds"": [17.58, 56.03, 26.39], ""scorePred"": [0, 1]}","{""preds"": [46.76, 5.39, 47.85], ""scorePred"": [0, 0]}","{""preds"": [21.39, 48.11, 30.5], ""scorePred"": [0, 1]}","{""preds"": [14.86, 62.2, 22.94], ""scorePred"": [0, 1]}","{""preds"": [15.61, 60.29, 24.1], ""scorePred"": [0, 1]}","{""preds"": [13.75, 65.13, 21.12], ""scorePred"": [0, 1]}","{""preds"": [16.66, 57.92, 25.42], ""scorePred"": [0, 1]}","{""preds"": [26.04, 38.81, 35.15], ""scorePred"": [0, 1]}","{""preds"": [26.17, 39.68, 34.15], ""scorePred"": [0, 1]}","{""preds"": [63.9, 36.1, 0.0], ""scorePred"": [1, 0]}","{""preds"": [30.25, 69.75, 0.0], ""scorePred"": [0, 1]}","{""preds"": [21.26, 78.74, 0.0], ""scorePred"": [0, 1]}","{""preds"": [24.9, 75.1, 0.0], ""scorePred"": [0, 1]}","{""preds"": [58.42, 41.58, 0.0], ""scorePred"": [1, 0]}","{""preds"": [24.94, 75.06, 0.0], ""scorePred"": [0, 1]}","{""preds"": [25.06, 74.94, 0.0], ""scorePred"": [0, 1]}","{""preds"": [27.24, 72.76, 0.0], ""scorePred"": [0, 1]}","{""preds"": [48.58, 51.42, 0.0], ""scorePred"": [0, 1]}","{""preds"": [47.54, 52.46, 0.0], ""scorePred"": [0, 1]}","{""preds"": [18.37, 81.63, 0.0], ""scorePred"": [0, 1]}","{""preds"": [52.23, 47.77, 0.0], ""scorePred"": [10, 2]}","{""preds"": [31.05, 68.95, 0.0], ""scorePred"": [0, 1]}","{""preds"": [28.45, 71.55, 0.0], ""scorePred"": [0, 1]}","{""preds"": [32.2, 67.8, 0.0], ""scorePred"": [0, 1]}","{""preds"": [25.51, 74.49, 0.0], ""scorePred"": [0, 1]}","{""preds"": [53.91, 46.09, 0.0], ""scorePred"": [9, 2]}","{""preds"": [61.23, 38.77, 0.0], ""scorePred"": [1, 0]}","{""preds"": [61.79, 38.21, 0.0], ""scorePred"": [1, 0]}",,"{""preds"": [53.41, 46.59, 0.0], ""scorePred"": [10, 2]}","{""preds"": [34.05, 65.95, 0.0], ""scorePred"": [0, 1]}","{""preds"": [24.68, 75.32, 0.0], ""scorePred"": [0, 1]}","{""preds"": [28.63, 71.37, 0.0], ""scorePred"": [0, 1]}","{""preds"": [30.96, 69.04, 0.0], ""scorePred"": [0, 1]}","{""preds"": [21.25, 78.75, 0.0], ""scorePred"": [0, 1]}","{""preds"": [23.62, 76.38, 0.0], ""scorePred"": [0, 1]}","{""preds"": [89.92, 10.08, 0.0], ""scorePred"": [1, 0]}","{""preds"": [31.72, 68.28, 0.0], ""scorePred"": [0, 1]}","{""preds"": [18.19, 81.81, 0.0], ""scorePred"": [0, 1]}","{""preds"": [20.12, 79.88, 0.0], ""scorePred"": [0, 1]}","{""preds"": [17.56, 82.44, 0.0], ""scorePred"": [0, 1]}","{""preds"": [21.68, 78.32, 0.0], ""scorePred"": [0, 1]}","{""preds"": [40.04, 59.96, 0.0], ""scorePred"": [0, 1]}","{""preds"": [38.38, 61.62, 0.0], ""scorePred"": [0, 1]}"
NL,"{""preds"": [63.55, 11.12, 25.33], ""scorePred"": [1, 0]}","{""preds"": [44.45, 30.41, 25.14], ""scorePred"": [1, 0]}","{""preds"": [35.62, 40.91, 23.47], ""scorePred"": [1, 2]}","{""preds"": [39.68, 36.22, 24.1], ""scorePred"": [2, 1]}","{""preds"": [38.75, 58.61, 2.64], ""scorePred"": [2, 10]}","{""preds"": [38.99, 36.71, 24.3], ""scorePred"": [2, 1]}","{""preds"": [39.35, 36.04, 24.61], ""scorePred"": [2, 1]}","{""preds"": [41.62, 33.52, 24.86], ""scorePred"": [1, 0]}","{""preds"": [46.18, 49.58, 4.24], ""scorePred"": [2, 10]}","{""preds"": [55.66, 18.38, 25.96], ""scorePred"": [1, 0]}","{""preds"": [32.92, 44.49, 22.59], ""scorePred"": [1, 2]}","{""preds"": [32.05, 45.03, 22.92], ""scorePred"": [1, 2]}","{""preds"": [43.96, 30.64, 25.4], ""scorePred"": [1, 0]}","{""preds"": [42.16, 32.89, 24.95], ""scorePred"": [2, 1]}","{""preds"": [44.11, 29.56, 26.33], ""scorePred"": [1, 0]}","{""preds"": [40.06, 35.58, 24.36], ""scorePred"": [2, 1]}","{""preds"": [42.1, 33.45, 24.45], ""scorePred"": [2, 1]}","{""preds"": [37.74, 60.3, 1.96], ""scorePred"": [2, 9]}","{""preds"": [35.96, 61.85, 2.19], ""scorePred"": [2, 9]}","{""preds"": [45.18, 51.11, 3.71], ""scorePred"": [2, 10]}",,"{""preds"": [45.77, 28.28, 25.95], ""scorePred"": [1, 0]}","{""preds"": [39.17, 36.34, 24.49], ""scorePred"": [2, 1]}","{""preds"": [41.9, 32.48, 25.62], ""scorePred"": [2, 1]}","{""preds"": [44.45, 30.54, 25.01], ""scorePred"": [1, 0]}","{""preds"": [35.37, 40.52, 24.11], ""scorePred"": [1, 2]}","{""preds"": [36.86, 38.71, 24.43], ""scorePred"": [1, 2]}","{""preds"": [10.63, 89.23, 0.14], ""scorePred"": [2, 10]}","{""preds"": [44.43, 30.69, 24.88], ""scorePred"": [1, 0]}","{""preds"": [32.99, 43.7, 23.31], ""scorePred"": [1, 2]}","{""preds"": [34.85, 41.98, 23.17], ""scorePred"": [1, 2]}","{""preds"": [31.76, 45.64, 22.6], ""scorePred"": [1, 2]}","{""preds"": [35.82, 39.64, 24.54], ""scorePred"": [1, 2]}","{""preds"": [50.94, 23.32, 25.74], ""scorePred"": [1, 0]}","{""preds"": [50.27, 23.49, 26.24], ""scorePred"": [1, 0]}","{""preds"": [85.66, 14.34, 0.0], ""scorePred"": [1, 0]}","{""preds"": [59.17, 40.83, 0.0], ""scorePred"": [1, 0]}","{""preds"": [46.89, 53.11, 0.0], ""scorePred"": [1, 2]}","{""preds"": [51.95, 48.05, 0.0], ""scorePred"": [2, 1]}","{""preds"": [39.89, 60.11, 0.0], ""scorePred"": [2, 10]}","{""preds"": [52.97, 47.03, 0.0], ""scorePred"": [2, 1]}","{""preds"": [52.13, 47.87, 0.0], ""scorePred"": [2, 1]}","{""preds"": [54.38, 45.62, 0.0], ""scorePred"": [2, 1]}","{""preds"": [48.82, 51.18, 0.0], ""scorePred"": [2, 10]}","{""preds"": [74.48, 25.52, 0.0], ""scorePred"": [1, 0]}","{""preds"": [43.38, 56.62, 0.0], ""scorePred"": [1, 2]}","{""preds"": [42.37, 57.63, 0.0], ""scorePred"": [1, 2]}","{""preds"": [58.96, 41.04, 0.0], ""scorePred"": [1, 0]}","{""preds"": [56.0, 44.0, 0.0], ""scorePred"": [2, 1]}","{""preds"": [60.44, 39.56, 0.0], ""scorePred"": [1, 0]}","{""preds"": [52.98, 47.02, 0.0], ""scorePred"": [2, 1]}","{""preds"": [55.2, 44.8, 0.0], ""scorePred"": [2, 1]}","{""preds"": [36.8, 63.2, 0.0], ""scorePred"": [2, 9]}","{""preds"": [37.93, 62.07, 0.0], ""scorePred"": [2, 9]}","{""preds"": [47.62, 52.38, 0.0], ""scorePred"": [2, 9]}",,"{""preds"": [61.53, 38.47, 0.0], ""scorePred"": [1, 0]}","{""preds"": [53.89, 46.11, 0.0], ""scorePred"": [2, 1]}","{""preds"": [55.9, 44.1, 0.0], ""scorePred"": [1, 0]}","{""preds"": [59.01, 40.99, 0.0], ""scorePred"": [1, 0]}","{""preds"": [46.94, 53.06, 0.0], ""scorePred"": [1, 2]}","{""preds"": [50.47, 49.53, 0.0], ""scorePred"": [2, 1]}","{""preds"": [10.3, 89.7, 0.0], ""scorePred"": [2, 9]}","{""preds"": [60.59, 39.41, 0.0], ""scorePred"": [1, 0]}","{""preds"": [44.4, 55.6, 0.0], ""scorePred"": [1, 2]}","{""preds"": [45.11, 54.89, 0.0], ""scorePred"": [1, 2]}","{""preds"": [42.32, 57.68, 0.0], ""scorePred"": [1, 2]}","{""preds"": [48.33, 51.67, 0.0], ""scorePred"": [1, 2]}","{""preds"": [68.53, 31.47, 0.0], ""scorePred"": [1, 0]}","{""preds"": [68.1, 31.9, 0.0], ""scorePred"": [1, 0]}"
GB-NIR,"{""preds"": [52.21, 14.56, 33.23], ""scorePred"": [1, 0]}","{""preds"": [34.42, 38.55, 27.03], ""scorePred"": [0, 1]}","{""preds"": [26.45, 48.68, 24.87], ""scorePred"": [0, 1]}","{""preds"": [29.82, 43.9, 26.28], ""scorePred"": [0, 1]}","{""preds"": [50.06, 17.68, 32.26], ""scorePred"": [1, 0]}","{""preds"": [30.12, 43.79, 26.09], ""scorePred"": [0, 1]}","{""preds"": [28.94, 44.76, 26.3], ""scorePred"": [0, 1]}","{""preds"": [30.85, 42.01, 27.14], ""scorePred"": [0, 1]}","{""preds"": [44.77, 23.53, 31.7], ""scorePred"": [1, 0]}","{""preds"": [44.17, 24.58, 31.25], ""scorePred"": [1, 0]}","{""preds"": [23.96, 52.34, 23.7], ""scorePred"": [0, 1]}","{""preds"": [24.07, 51.94, 23.99], ""scorePred"": [1, 2]}","{""preds"": [32.52, 39.12, 28.36], ""scorePred"": [0, 1]}","{""preds"": [31.86, 40.99, 27.15], ""scorePred"": [0, 1]}","{""preds"": [34.61, 37.0, 28.39], ""scorePred"": [0, 1]}","{""preds"": [30.17, 43.3, 26.53], ""scorePred"": [0, 1]}","{""preds"": [31.33, 41.65, 27.02], ""scorePred"": [0, 1]}","{""preds"": [50.88, 16.41, 32.71], ""scorePred"": [1, 0]}","{""preds"": [50.54, 17.0, 32.46], ""scorePred"": [1, 0]}","{""preds"": [45.42, 23.35, 31.23], ""scorePred"": [1, 0]}","{""preds"": [27.94, 46.48, 25.58], ""scorePred"": [0, 1]}",,"{""preds"": [29.54, 44.13, 26.33], ""scorePred"": [0, 1]}","{""preds"": [32.04, 40.72, 27.24], ""scorePred"": [0, 1]}","{""preds"": [33.37, 38.24, 28.39], ""scorePred"": [0, 1]}","{""preds"": [26.51, 48.97, 24.52], ""scorePred"": [0, 1]}","{""preds"": [29.1, 45.42, 25.48], ""scorePred"": [0, 1]}","{""preds"": [10.44, 89.22, 0.34], ""scorePred"": [2, 7]}","{""preds"": [34.41, 37.55, 28.04], ""scorePred"": [0, 1]}","{""preds"": [24.16, 52.09, 23.75], ""scorePred"": [0, 1]}","{""preds"": [26.31, 49.44, 24.25], ""scorePred"": [0, 1]}","{""preds"": [22.98, 53.13, 23.89], ""scorePred"": [0, 1]}","{""preds"": [27.16, 48.48, 24.36], ""scorePred"": [0, 1]}","{""preds"": [39.17, 30.21, 30.62], ""scorePred"": [1, 0]}","{""preds"": [40.32, 29.56, 30.12], ""scorePred"": [1, 0]}","{""preds"": [77.63, 22.37, 0.0], ""scorePred"": [1, 0]}","{""preds"": [46.43, 53.57, 0.0], ""scorePred"": [0, 1]}","{""preds"": [35.11, 64.89, 0.0], ""scorePred"": [0, 1]}","{""preds"": [41.43, 58.57, 0.0], ""scorePred"": [0, 1]}","{""preds"": [72.51, 27.49, 0.0], ""scorePred"": [1, 0]}","{""preds"": [39.66, 60.34, 0.0], ""scorePred"": [0, 1]}","{""preds"": [39.33, 60.67, 0.0], ""scorePred"": [0, 1]}","{""preds"": [41.7, 58.3, 0.0], ""scorePred"": [0, 1]}","{""preds"": [65.13, 34.87, 0.0], ""scorePred"": [1, 0]}","{""preds"": [64.63, 35.37, 0.0], ""scorePred"": [1, 0]}","{""preds"": [32.03, 67.97, 0.0], ""scorePred"": [0, 1]}","{""preds"": [31.24, 68.76, 0.0], ""scorePred"": [0, 1]}","{""preds"": [45.48, 54.52, 0.0], ""scorePred"": [0, 1]}","{""preds"": [44.16, 55.84, 0.0], ""scorePred"": [0, 1]}","{""preds"": [48.04, 51.96, 0.0], ""scorePred"": [0, 1]}","{""preds"": [42.32, 57.68, 0.0], ""scorePred"": [0, 1]}","{""preds"": [43.05, 56.95, 0.0], ""scorePred"": [0, 1]}","{""preds"": [75.29, 24.71, 0.0], ""scorePred"": [1, 0]}","{""preds"": [75.89, 24.11, 0.0], ""scorePred"": [1, 0]}","{""preds"": [65.61, 34.39, 0.0], ""scorePred"": [1, 0]}","{""preds"": [38.46, 61.54, 0.0], ""scorePred"": [0, 1]}",,"{""preds"": [39.69, 60.31, 0.0], ""scorePred"": [0, 1]}","{""preds"": [43.55, 56.45, 0.0], ""scorePred"": [0, 1]}","{""preds"": [47.59, 52.41, 0.0], ""scorePred"": [0, 1]}","{""preds"": [35.97, 64.03, 0.0], ""scorePred"": [0, 1]}","{""preds"": [38.43, 61.57, 0.0], ""scorePred"": [0, 1]}","{""preds"": [10.32, 89.68, 0.0], ""scorePred"": [2, 8]}","{""preds"": [47.49, 52.51, 0.0], ""scorePred"": [0, 1]}","{""preds"": [31.93, 68.07, 0.0], ""scorePred"": [1, 2]}","{""preds"": [34.22, 65.78, 0.0], ""scorePred"": [0, 1]}","{""preds"": [29.88, 70.12, 0.0], ""scorePred"": [1, 2]}","{""preds"": [35.56, 64.44, 0.0], ""scorePred"": [0, 1]}","{""preds"": [56.17, 43.83, 0.0], ""scorePred"": [1, 0]}","{""preds"": [56.26, 43.74, 0.0], ""scorePred"": [1, 0]}"
NO,"{""preds"": [60.82, 12.08, 27.1], ""scorePred"": [1, 0]}","{""preds"": [41.88, 30.8, 27.32], ""scorePred"": [1, 0]}","{""preds"": [32.91, 42.4, 24.69], ""scorePred"": [1, 2]}","{""preds"": [36.19, 37.76, 26.05], ""scorePred"": [0, 1]}","{""preds"": [59.45, 14.31, 26.24], ""scorePred"": [1, 0]}","{""preds"": [36.37, 38.44, 25.19], ""scorePred"": [1, 2]}","{""preds"": [36.85, 38.59, 24.56], ""scorePred"": [0, 1]}","{""preds"": [38.58, 36.05, 25.37], ""scorePred"": [1, 0]}","{""preds"": [53.36, 19.01, 27.63], ""scorePred"": [1, 0]}","{""preds"": [52.33, 20.68, 26.99], ""scorePred"": [1, 0]}","{""preds"": [30.33, 45.94, 23.73], ""scorePred"": [1, 2]}","{""preds"": [30.8, 46.36, 22.84], ""scorePred"": [1, 2]}","{""preds"": [41.47, 32.29, 26.24], ""scorePred"": [1, 0]}","{""preds"": [38.56, 35.19, 26.25], ""scorePred"": [1, 0]}","{""preds"": [42.21, 31.14, 26.65], ""scorePred"": [1, 0]}","{""preds"": [37.7, 37.2, 25.1], ""scorePred"": [1, 0]}","{""preds"": [38.66, 36.09, 25.25], ""scorePred"": [1, 0]}","{""preds"": [36.41, 61.19, 2.4], ""scorePred"": [2, 9]}","{""preds"": [37.03, 60.81, 2.16], ""scorePred"": [2, 9]}","{""preds"": [54.15, 18.55, 27.3], ""scorePred"": [1, 0]}","{""preds"": [35.28, 39.45, 25.27], ""scorePred"": [0, 1]}","{""preds"": [42.68, 29.55, 27.77], ""scorePred"": [1, 0]}",,"{""preds"": [39.25, 35.03, 25.72], ""scorePred"": [1, 0]}","{""preds"": [41.66, 32.02, 26.32], ""scorePred"": [1, 0]}","{""preds"": [33.18, 41.9, 24.92], ""scorePred"": [1, 2]}","{""preds"": [35.53, 39.65, 24.82], ""scorePred"": [1, 2]}","{""preds"": [10.6, 89.26, 0.14], ""scorePred"": [2, 8]}","{""preds"": [41.73, 31.26, 27.01], ""scorePred"": [1, 0]}","{""preds"": [30.72, 45.43, 23.85], ""scorePred"": [1, 2]}","{""preds"": [33.42, 43.27, 23.31], ""scorePred"": [1, 2]}","{""preds"": [28.8, 48.2, 23.0], ""scorePred"": [1, 2]}","{""preds"": [33.76, 42.1, 24.14], ""scorePred"": [1, 2]}","{""preds"": [48.14, 24.63, 27.23], ""scorePred"": [1, 0]}","{""preds"": [47.59, 25.13, 27.28], ""scorePred"": [1, 0]}","{""preds"": [83.91, 16.09, 0.0], ""scorePred"": [1, 0]}","{""preds"": [56.24, 43.76, 0.0], ""scorePred"": [1, 0]}","{""preds"": [43.84, 56.16, 0.0], ""scorePred"": [1, 2]}","{""preds"": [49.1, 50.9, 0.0], ""scorePred"": [1, 2]}","{""preds"": [80.15, 19.85, 0.0], ""scorePred"": [1, 0]}","{""preds"": [49.92, 50.08, 0.0], ""scorePred"": [0, 1]}","{""preds"": [49.76, 50.24, 0.0], ""scorePred"": [1, 2]}","{""preds"": [52.31, 47.69, 0.0], ""scorePred"": [1, 0]}","{""preds"": [72.1, 27.9, 0.0], ""scorePred"": [1, 0]}","{""preds"": [72.46, 27.54, 0.0], ""scorePred"": [1, 0]}","{""preds"": [39.62, 60.38, 0.0], ""scorePred"": [1, 2]}","{""preds"": [40.41, 59.59, 0.0], ""scorePred"": [1, 2]}","{""preds"": [55.02, 44.98, 0.0], ""scorePred"": [1, 0]}","{""preds"": [53.45, 46.55, 0.0], ""scorePred"": [1, 0]}","{""preds"": [57.57, 42.43, 0.0], ""scorePred"": [1, 0]}","{""preds"": [51.31, 48.69, 0.0], ""scorePred"": [1, 0]}","{""preds"": [52.41, 47.59, 0.0], ""scorePred"": [1, 0]}","{""preds"": [37.51, 62.49, 0.0], ""scorePred"": [2, 9]}","{""preds"": [36.43, 63.57, 0.0], ""scorePred"": [2, 8]}","{""preds"": [73.95, 26.05, 0.0], ""scorePred"": [1, 0]}","{""preds"": [47.41, 52.59, 0.0], ""scorePred"": [1, 2]}","{""preds"": [59.67, 40.33, 0.0], ""scorePred"": [1, 0]}",,"{""preds"": [53.42, 46.58, 0.0], ""scorePred"": [1, 0]}","{""preds"": [57.54, 42.46, 0.0], ""scorePred"": [1, 0]}","{""preds"": [44.12, 55.88, 0.0], ""scorePred"": [1, 2]}","{""preds"": [48.42, 51.58, 0.0], ""scorePred"": [1, 2]}","{""preds"": [10.31, 89.69, 0.0], ""scorePred"": [2, 8]}","{""preds"": [56.86, 43.14, 0.0], ""scorePred"": [1, 0]}","{""preds"": [40.69, 59.31, 0.0], ""scorePred"": [1, 2]}","{""preds"": [43.39, 56.61, 0.0], ""scorePred"": [1, 2]}","{""preds"": [37.93, 62.07, 0.0], ""scorePred"": [1, 2]}","{""preds"": [45.17, 54.83, 0.0], ""scorePred"": [1, 2]}","{""preds"": [66.23, 33.77, 0.0], ""scorePred"": [1, 0]}","{""preds"": [65.54, 34.46, 0.0], ""scorePred"": [1, 0]}"
PL,"{""preds"": [57.26, 13.5, 29.24], ""scorePred"": [1, 0]}","{""preds"": [39.09, 34.45, 26.46], ""scorePred"": [1, 0]}","{""preds"": [31.12, 44.88, 24.0], ""scorePred"": [0, 1]}","{""preds"": [34.58, 39.44, 25.98], ""scorePred"": [0, 1]}","{""preds"": [55.59, 15.38, 29.03], ""scorePred"": [1, 0]}","{""preds"": [34.32, 39.78, 25.9], ""scorePred"": [0, 1]}","{""preds"": [33.65, 40.27, 26.08], ""scorePred"": [0, 1]}","{""preds"": [36.61, 36.9, 26.49], ""scorePred"": [0, 1]}","{""preds"": [45.78, 49.49, 4.73], ""scorePred"": [2, 8]}","{""preds"": [50.21, 21.67, 28.12], ""scorePred"": [1, 0]}","{""preds"": [28.28, 48.23, 23.49], ""scorePred"": [1, 2]}","{""preds"": [28.75, 46.76, 24.49], ""scorePred"": [1, 2]}","{""preds"": [38.69, 34.13, 27.18], ""scorePred"": [1, 0]}","{""preds"": [36.52, 37.42, 26.06], ""scorePred"": [0, 1]}","{""preds"": [39.07, 33.67, 27.26], ""scorePred"": [1, 0]}","{""preds"": [34.38, 40.0, 25.62], ""scorePred"": [0, 1]}","{""preds"": [36.59, 36.94, 26.47], ""scorePred"": [0, 1]}","{""preds"": [35.56, 61.97, 2.47], ""scorePred"": [2, 8]}","{""preds"": [36.15, 61.02, 2.83], ""scorePred"": [2, 8]}","{""preds"": [50.68, 20.49, 28.83], ""scorePred"": [1, 0]}","{""preds"": [32.6, 42.66, 24.74], ""scorePred"": [0, 1]}","{""preds"": [40.89, 31.52, 27.59], ""scorePred"": [1, 0]}","{""preds"": [34.15, 39.9, 25.95], ""scorePred"": [0, 1]}",,"{""preds"": [39.17, 33.48, 27.35], ""scorePred"": [1, 0]}","{""preds"": [31.33, 43.77, 24.9], ""scorePred"": [1, 2]}","{""preds"": [33.04, 41.22, 25.74], ""scorePred"": [0, 1]}","{""preds"": [10.08, 89.73, 0.19], ""scorePred"": [2, 9]}","{""preds"": [38.77, 33.73, 27.5], ""scorePred"": [1, 0]}","{""preds"": [27.73, 48.63, 23.64], ""scorePred"": [1, 2]}","{""preds"": [29.84, 45.57, 24.59], ""scorePred"": [1, 2]}","{""preds"": [27.74, 49.6, 22.66], ""scorePred"": [1, 2]}","{""preds"": [31.45, 43.84, 24.71], ""scorePred"": [0, 1]}","{""preds"": [45.23, 26.47, 28.3], ""scorePred"": [1, 0]}","{""preds"": [46.03, 26.27, 27.7], ""scorePred"": [1, 0]}","{""preds"": [81.77, 18.23, 0.0], ""scorePred"": [1, 0]}","{""preds"": [53.16, 46.84, 0.0], ""scorePred"": [1, 0]}","{""preds"": [41.53, 58.47, 0.0], ""scorePred"": [1, 2]}","{""preds"": [45.7, 54.3, 0.0], ""scorePred"": [0, 1]}","{""preds"": [77.65, 22.35, 0.0], ""scorePred"": [1, 0]}","{""preds"": [45.39, 54.61, 0.0], ""scorePred"": [0, 1]}","{""preds"": [46.58, 53.42, 0.0], ""scorePred"": [0, 1]}","{""preds"": [49.82, 50.18, 0.0], ""scorePred"": [0, 1]}","{""preds"": [46.52, 53.48, 0.0], ""scorePred"": [2, 9]}","{""preds"": [69.5, 30.5, 0.0], ""scorePred"": [1, 0]}","{""preds"": [35.73, 64.27, 0.0], ""scorePred"": [1, 2]}","{""preds"": [37.79, 62.21, 0.0], ""scorePred"": [1, 2]}","{""preds"": [51.56, 48.44, 0.0], ""scorePred"": [1, 0]}","{""preds"": [49.25, 50.75, 0.0], ""scorePred"": [0, 1]}","{""preds"": [55.28, 44.72, 0.0], ""scorePred"": [1, 0]}","{""preds"": [47.67, 52.33, 0.0], ""scorePred"": [0, 1]}","{""preds"": [48.13, 51.87, 0.0], ""scorePred"": [0, 1]}","{""preds"": [37.22, 62.78, 0.0], ""scorePred"": [2, 8]}","{""preds"": [36.69, 63.31, 0.0], ""scorePred"": [2, 8]}","{""preds"": [71.32, 28.68, 0.0], ""scorePred"": [1, 0]}","{""preds"": [43.68, 56.32, 0.0], ""scorePred"": [0, 1]}","{""preds"": [56.94, 43.06, 0.0], ""scorePred"": [1, 0]}","{""preds"": [45.8, 54.2, 0.0], ""scorePred"": [0, 1]}",,"{""preds"": [53.65, 46.35, 0.0], ""scorePred"": [1, 0]}","{""preds"": [41.69, 58.31, 0.0], ""scorePred"": [1, 2]}","{""preds"": [44.96, 55.04, 0.0], ""scorePred"": [0, 1]}","{""preds"": [10.23, 89.77, 0.0], ""scorePred"": [2, 9]}","{""preds"": [53.67, 46.33, 0.0], ""scorePred"": [1, 0]}","{""preds"": [38.04, 61.96, 0.0], ""scorePred"": [1, 2]}","{""preds"": [40.06, 59.94, 0.0], ""scorePred"": [1, 2]}","{""preds"": [35.65, 64.35, 0.0], ""scorePred"": [1, 2]}","{""preds"": [41.73, 58.27, 0.0], ""scorePred"": [1, 2]}","{""preds"": [62.44, 37.56, 0.0], ""scorePred"": [1, 0]}","{""preds"": [62.68, 37.32, 0.0], ""scorePred"": [1, 0]}"
PT,"{""preds"": [53.05, 14.91, 32.04], ""scorePred"": [1, 0]}","{""preds"": [36.68, 36.61, 26.71], ""scorePred"": [1, 0]}","{""preds"": [27.85, 47.57, 24.58], ""scorePred"": [0, 1]}","{""preds"": [31.86, 41.86, 26.28], ""scorePred"": [0, 1]}","{""preds"": [52.03, 16.78, 31.19], ""scorePred"": [1, 0]}","{""preds"": [31.55, 42.47, 25.98], ""scorePred"": [0, 1]}","{""preds"": [31.42, 42.41, 26.17], ""scorePred"": [0, 1]}","{""preds"": [33.22, 40.52, 26.26], ""scorePred"": [0, 1]}","{""preds"": [47.1, 23.11, 29.79], ""scorePred"": [1, 0]}","{""preds"": [46.24, 23.36, 30.4], ""scorePred"": [1, 0]}","{""preds"": [26.53, 49.94, 23.53], ""scorePred"": [0, 1]}","{""preds"": [25.63, 50.89, 23.48], ""scorePred"": [1, 2]}","{""preds"": [35.96, 37.16, 26.88], ""scorePred"": [0, 1]}","{""preds"": [33.72, 39.1, 27.18], ""scorePred"": [0, 1]}","{""preds"": [36.28, 35.92, 27.8], ""scorePred"": [1, 0]}","{""preds"": [32.88, 41.23, 25.89], ""scorePred"": [0, 1]}","{""preds"": [33.56, 39.34, 27.1], ""scorePred"": [0, 1]}","{""preds"": [36.12, 60.8, 3.08], ""scorePred"": [2, 9]}","{""preds"": [35.84, 61.46, 2.7], ""scorePred"": [2, 8]}","{""preds"": [48.34, 21.36, 30.3], ""scorePred"": [1, 0]}","{""preds"": [29.84, 44.53, 25.63], ""scorePred"": [0, 1]}","{""preds"": [37.19, 34.46, 28.35], ""scorePred"": [1, 0]}","{""preds"": [32.66, 41.35, 25.99], ""scorePred"": [0, 1]}","{""preds"": [33.39, 39.87, 26.74], ""scorePred"": [0, 1]}",,"{""preds"": [28.8, 46.88, 24.32], ""scorePred"": [0, 1]}","{""preds"": [30.67, 44.26, 25.07], ""scorePred"": [0, 1]}","{""preds"": [10.75, 89.01, 0.24], ""scorePred"": [2, 10]}","{""preds"": [35.89, 36.75, 27.36], ""scorePred"": [0, 1]}","{""preds"": [26.19, 50.21, 23.6], ""scorePred"": [1, 2]}","{""preds"": [27.54, 48.56, 23.9], ""scorePred"": [0, 1]}","{""preds"": [24.63, 52.67, 22.7], ""scorePred"": [1, 2]}","{""preds"": [29.6, 45.71, 24.69], ""scorePred"": [0, 1]}","{""preds"": [41.23, 28.88, 29.89], ""scorePred"": [1, 0]}","{""preds"": [41.62, 29.26, 29.12], ""scorePred"": [1, 0]}","{""preds"": [79.13, 20.87, 0.0], ""scorePred"": [1, 0]}","{""preds"": [49.61, 50.39, 0.0], ""scorePred"": [0, 1]}","{""preds"": [37.23, 62.77, 0.0], ""scorePred"": [0, 1]}","{""preds"": [42.13, 57.87, 0.0], ""scorePred"": [0, 1]}","{""preds"": [75.61, 24.39, 0.0], ""scorePred"": [1, 0]}","{""preds"": [41.66, 58.34, 0.0], ""scorePred"": [0, 1]}","{""preds"": [43.4, 56.6, 0.0], ""scorePred"": [0, 1]}","{""preds"": [45.99, 54.01, 0.0], ""scorePred"": [0, 1]}","{""preds"": [67.82, 32.18, 0.0], ""scorePred"": [1, 0]}","{""preds"": [66.75, 33.25, 0.0], ""scorePred"": [1, 0]}","{""preds"": [34.16, 65.84, 0.0], ""scorePred"": [1, 2]}","{""preds"": [33.71, 66.29, 0.0], ""scorePred"": [1, 2]}","{""preds"": [49.33, 50.67, 0.0], ""scorePred"": [0, 1]}","{""preds"": [46.64, 53.36, 0.0], ""scorePred"": [0, 1]}","{""preds"": [50.55, 49.45, 0.0], ""scorePred"": [1, 0]}","{""preds"": [43.52, 56.48, 0.0], ""scorePred"": [0, 1]}","{""preds"": [45.54, 54.46, 0.0], ""scorePred"": [0, 1]}","{""preds"": [36.93, 63.07, 0.0], ""scorePred"": [2, 9]}","{""preds"": [37.37, 62.63, 0.0], ""scorePred"": [2, 9]}","{""preds"": [68.84, 31.16, 0.0], ""scorePred"": [1, 0]}","{""preds"": [40.83, 59.17, 0.0], ""scorePred"": [0, 1]}","{""preds"": [52.21, 47.79, 0.0], ""scorePred"": [1, 0]}","{""preds"": [44.82, 55.18, 0.0], ""scorePred"": [0, 1]}","{""preds"": [46.54, 53.46, 0.0], ""scorePred"": [0, 1]}",,"{""preds"": [37.72, 62.28, 0.0], ""scorePred"": [1, 2]}","{""preds"": [40.51, 59.49, 0.0], ""scorePred"": [0, 1]}","{""preds"": [9.99, 90.01, 0.0], ""scorePred"": [2, 8]}","{""preds"": [50.56, 49.44, 0.0], ""scorePred"": [1, 0]}","{""preds"": [34.27, 65.73, 0.0], ""scorePred"": [1, 2]}","{""preds"": [36.02, 63.98, 0.0], ""scorePred"": [0, 1]}","{""preds"": [32.1, 67.9, 0.0], ""scorePred"": [1, 2]}","{""preds"": [38.29, 61.71, 0.0], ""scorePred"": [0, 1]}","{""preds"": [59.68, 40.32, 0.0], ""scorePred"": [1, 0]}","{""preds"": [58.67, 41.33, 0.0], ""scorePred"": [1, 0]}"
RO,"{""preds"": [65.94, 10.85, 23.21], ""scorePred"": [1, 0]}","{""preds"": [45.31, 29.2, 25.49], ""scorePred"": [1, 0]}","{""preds"": [38.71, 37.95, 23.34], ""scorePred"": [2, 1]}","{""preds"": [41.99, 33.87, 24.14], ""scorePred"": [2, 1]}","{""preds"": [63.93, 12.02, 24.05], ""scorePred"": [1, 0]}","{""preds"": [41.4, 34.04, 24.56], ""scorePred"": [2, 1]}","{""preds"": [41.94, 34.27, 23.79], ""scorePred"": [2, 1]}","{""preds"": [43.01, 32.54, 24.45], ""scorePred"": [2, 1]}","{""preds"": [47.48, 48.63, 3.89], ""scorePred"": [2, 9]}","{""preds"": [58.16, 17.12, 24.72], ""scorePred"": [1, 0]}","{""preds"": [34.97, 41.9, 23.13], ""scorePred"": [1, 2]}","{""preds"": [35.99, 40.69, 23.32], ""scorePred"": [1, 2]}","{""preds"": [46.04, 29.56, 24.4], ""scorePred"": [1, 0]}","{""preds"": [44.01, 30.94, 25.05], ""scorePred"": [1, 0]}","{""preds"": [47.19, 27.65, 25.16], ""scorePred"": [1, 0]}","{""preds"": [41.81, 33.48, 24.71], ""scorePred"": [2, 1]}","{""preds"": [43.06, 32.27, 24.67], ""scorePred"": [2, 1]}","{""preds"": [37.19, 60.79, 2.02], ""scorePred"": [2, 10]}","{""preds"": [37.36, 60.54, 2.1], ""scorePred"": [2, 8]}","{""preds"": [57.76, 16.71, 25.53], ""scorePred"": [1, 0]}","{""preds"": [40.85, 35.42, 23.73], ""scorePred"": [2, 1]}","{""preds"": [48.41, 26.25, 25.34], ""scorePred"": [1, 0]}","{""preds"": [42.42, 33.7, 23.88], ""scorePred"": [2, 1]}","{""preds"": [44.66, 31.3, 24.04], ""scorePred"": [2, 1]}","{""preds"": [46.17, 28.94, 24.89], ""scorePred"": [1, 0]}",,"{""preds"": [40.36, 35.78, 23.86], ""scorePred"": [2, 1]}","{""preds"": [10.43, 89.37, 0.2], ""scorePred"": [2, 9]}","{""preds"": [46.64, 28.89, 24.47], ""scorePred"": [1, 0]}","{""preds"": [35.27, 42.13, 22.6], ""scorePred"": [1, 2]}","{""preds"": [36.82, 39.63, 23.55], ""scorePred"": [1, 2]}","{""preds"": [33.38, 44.02, 22.6], ""scorePred"": [1, 2]}","{""preds"": [39.32, 37.67, 23.01], ""scorePred"": [2, 1]}","{""preds"": [53.48, 21.62, 24.9], ""scorePred"": [1, 0]}","{""preds"": [53.07, 22.1, 24.83], ""scorePred"": [1, 0]}","{""preds"": [86.4, 13.6, 0.0], ""scorePred"": [1, 0]}","{""preds"": [60.87, 39.13, 0.0], ""scorePred"": [2, 1]}","{""preds"": [50.47, 49.53, 0.0], ""scorePred"": [2, 1]}","{""preds"": [55.8, 44.2, 0.0], ""scorePred"": [2, 1]}","{""preds"": [84.34, 15.66, 0.0], ""scorePred"": [1, 0]}","{""preds"": [55.35, 44.65, 0.0], ""scorePred"": [2, 1]}","{""preds"": [55.25, 44.75, 0.0], ""scorePred"": [2, 1]}","{""preds"": [57.98, 42.02, 0.0], ""scorePred"": [2, 1]}","{""preds"": [48.54, 51.46, 0.0], ""scorePred"": [2, 10]}","{""preds"": [77.03, 22.97, 0.0], ""scorePred"": [1, 0]}","{""preds"": [45.48, 54.52, 0.0], ""scorePred"": [1, 2]}","{""preds"": [45.7, 54.3, 0.0], ""scorePred"": [1, 2]}","{""preds"": [60.43, 39.57, 0.0], ""scorePred"": [1, 0]}","{""preds"": [58.26, 41.74, 0.0], ""scorePred"": [2, 1]}","{""preds"": [62.74, 37.26, 0.0], ""scorePred"": [1, 0]}","{""preds"": [56.05, 43.95, 0.0], ""scorePred"": [2, 1]}","{""preds"": [58.11, 41.89, 0.0], ""scorePred"": [2, 1]}","{""preds"": [37.57, 62.43, 0.0], ""scorePred"": [2, 9]}","{""preds"": [37.23, 62.77, 0.0], ""scorePred"": [2, 10]}","{""preds"": [78.95, 21.05, 0.0], ""scorePred"": [1, 0]}","{""preds"": [52.31, 47.69, 0.0], ""scorePred"": [2, 1]}","{""preds"": [64.08, 35.92, 0.0], ""scorePred"": [1, 0]}","{""preds"": [55.49, 44.51, 0.0], ""scorePred"": [2, 1]}","{""preds"": [58.71, 41.29, 0.0], ""scorePred"": [2, 1]}","{""preds"": [62.49, 37.51, 0.0], ""scorePred"": [1, 0]}",,"{""preds"": [53.17, 46.83, 0.0], ""scorePred"": [2, 1]}","{""preds"": [10.36, 89.64, 0.0], ""scorePred"": [2, 9]}","{""preds"": [62.32, 37.68, 0.0], ""scorePred"": [1, 0]}","{""preds"": [45.82, 54.18, 0.0], ""scorePred"": [1, 2]}","{""preds"": [48.4, 51.6, 0.0], ""scorePred"": [1, 2]}","{""preds"": [43.91, 56.09, 0.0], ""scorePred"": [1, 2]}","{""preds"": [51.03, 48.97, 0.0], ""scorePred"": [2, 1]}","{""preds"": [71.79, 28.21, 0.0], ""scorePred"": [1, 0]}","{""preds"": [70.68, 29.32, 0.0], ""scorePred"": [1, 0]}"
RU,"{""preds"": [63.64, 11.44, 24.92], ""scorePred"": [1, 0]}","{""preds"": [44.03, 29.83, 26.14], ""scorePred"": [1, 0]}","{""preds"": [35.52, 40.57, 23.91], ""scorePred"": [1, 2]}","{""preds"": [39.11, 36.78, 24.11], ""scorePred"": [2, 1]}","{""preds"": [61.01, 13.39, 25.6], ""scorePred"": [1, 0]}","{""preds"": [39.75, 36.3, 23.95], ""scorePred"": [2, 1]}","{""preds"": [38.32, 37.42, 24.26], ""scorePred"": [2, 1]}","{""preds"": [40.86, 34.47, 24.67], ""scorePred"": [2, 1]}","{""preds"": [46.12, 50.13, 3.75], ""scorePred"": [2, 9]}","{""preds"": [54.69, 19.37, 25.94], ""scorePred"": [1, 0]}","{""preds"": [32.38, 44.84, 22.78], ""scorePred"": [1, 2]}","{""preds"": [33.69, 43.31, 23.0], ""scorePred"": [1, 2]}","{""preds"": [43.1, 30.74, 26.16], ""scorePred"": [1, 0]}","{""preds"": [40.99, 32.61, 26.4], ""scorePred"": [2, 1]}","{""preds"": [44.52, 29.84, 25.64], ""scorePred"": [1, 0]}","{""preds"": [39.07, 36.29, 24.64], ""scorePred"": [2, 1]}","{""preds"": [40.69, 33.95, 25.36], ""scorePred"": [1, 0]}","{""preds"": [36.78, 60.88, 2.34], ""scorePred"": [2, 9]}","{""preds"": [36.55, 61.22, 2.23], ""scorePred"": [2, 9]}","{""preds"": [56.87, 17.26, 25.87], ""scorePred"": [1, 0]}","{""preds"": [37.94, 38.13, 23.93], ""scorePred"": [1, 2]}","{""preds"": [45.94, 28.22, 25.84], ""scorePred"": [1, 0]}","{""preds"": [39.62, 35.8, 24.58], ""scorePred"": [1, 0]}","{""preds"": [41.79, 33.32, 24.89], ""scorePred"": [1, 0]}","{""preds"": [43.44, 31.19, 25.37], ""scorePred"": [1, 0]}","{""preds"": [35.33, 40.67, 24.0], ""scorePred"": [1, 2]}",,"{""preds"": [10.9, 88.94, 0.16], ""scorePred"": [2, 9]}","{""preds"": [43.05, 30.12, 26.83], ""scorePred"": [1, 0]}","{""preds"": [33.35, 43.6, 23.05], ""scorePred"": [1, 2]}","{""preds"": [34.43, 41.59, 23.98], ""scorePred"": [1, 2]}","{""preds"": [32.88, 44.94, 22.18], ""scorePred"": [1, 2]}","{""preds"": [35.83, 39.89, 24.28], ""scorePred"": [1, 2]}","{""preds"": [50.06, 24.11, 25.83], ""scorePred"": [1, 0]}","{""preds"": [49.91, 23.6, 26.49], ""scorePred"": [1, 0]}","{""preds"": [85.35, 14.65, 0.0], ""scorePred"": [1, 0]}","{""preds"": [58.51, 41.49, 0.0], ""scorePred"": [1, 0]}","{""preds"": [46.68, 53.32, 0.0], ""scorePred"": [1, 2]}","{""preds"": [51.62, 48.38, 0.0], ""scorePred"": [2, 1]}","{""preds"": [81.9, 18.1, 0.0], ""scorePred"": [1, 0]}","{""preds"": [52.59, 47.41, 0.0], ""scorePred"": [2, 1]}","{""preds"": [52.34, 47.66, 0.0], ""scorePred"": [2, 1]}","{""preds"": [54.74, 45.26, 0.0], ""scorePred"": [2, 1]}","{""preds"": [48.34, 51.66, 0.0], ""scorePred"": [2, 10]}","{""preds"": [74.17, 25.83, 0.0], ""scorePred"": [1, 0]}","{""preds"": [42.04, 57.96, 0.0], ""scorePred"": [1, 2]}","{""preds"": [43.02, 56.98, 0.0], ""scorePred"": [1, 2]}","{""preds"": [57.41, 42.59, 0.0], ""scorePred"": [1, 0]}","{""preds"": [54.35, 45.65, 0.0], ""scorePred"": [1, 0]}","{""preds"": [59.9, 40.1, 0.0], ""scorePred"": [1, 0]}","{""preds"": [52.93, 47.07, 0.0], ""scorePred"": [2, 1]}","{""preds"": [53.71, 46.29, 0.0], ""scorePred"": [1, 0]}","{""preds"": [36.95, 63.05, 0.0], ""scorePred"": [2, 9]}","{""preds"": [36.97, 63.03, 0.0], ""scorePred"": [2, 9]}","{""preds"": [76.85, 23.15, 0.0], ""scorePred"": [1, 0]}","{""preds"": [49.95, 50.05, 0.0], ""scorePred"": [1, 2]}","{""preds"": [61.52, 38.48, 0.0], ""scorePred"": [1, 0]}","{""preds"": [52.97, 47.03, 0.0], ""scorePred"": [2, 1]}","{""preds"": [55.6, 44.4, 0.0], ""scorePred"": [1, 0]}","{""preds"": [58.84, 41.16, 0.0], ""scorePred"": [1, 0]}","{""preds"": [46.34, 53.66, 0.0], ""scorePred"": [1, 2]}",,"{""preds"": [10.62, 89.38, 0.0], ""scorePred"": [2, 9]}","{""preds"": [58.75, 41.25, 0.0], ""scorePred"": [1, 0]}","{""preds"": [41.93, 58.07, 0.0], ""scorePred"": [1, 2]}","{""preds"": [45.51, 54.49, 0.0], ""scorePred"": [1, 2]}","{""preds"": [39.88, 60.12, 0.0], ""scorePred"": [1, 2]}","{""preds"": [47.17, 52.83, 0.0], ""scorePred"": [1, 2]}","{""preds"": [68.04, 31.96, 0.0], ""scorePred"": [1, 0]}","{""preds"": [66.49, 33.51, 0.0], ""scorePred"": [1, 0]}"
SM,"{""preds"": [6.35, 33.63, 60.02], ""scorePred"": [0, 0]}","{""preds"": [89.73, 10.09, 0.18], ""scorePred"": [9, 2]}","{""preds"": [88.84, 11.05, 0.11], ""scorePred"": [11, 2]}","{""preds"": [89.07, 10.74, 0.19], ""scorePred"": [8, 2]}","{""preds"": [6.35, 37.51, 56.14], ""scorePred"": [0, 0]}","{""preds"": [89.8, 10.06, 0.14], ""scorePred"": [9, 2]}","{""preds"": [89.2, 10.64, 0.16], ""scorePred"": [10, 2]}","{""preds"": [89.52, 10.35, 0.13], ""scorePred"": [9, 2]}","{""preds"": [5.38, 47.3, 47.32], ""scorePred"": [0, 0]}","{""preds"": [89.63, 10.11, 0.26], ""scorePred"": [7, 1]}","{""preds"": [89.62, 10.29, 0.09], ""scorePred"": [10, 2]}","{""preds"": [89.49, 10.42, 0.09], ""scorePred"": [10, 2]}","{""preds"": [89.31, 10.49, 0.2], ""scorePred"": [8, 2]}","{""preds"": [89.9, 9.95, 0.15], ""scorePred"": [9, 2]}","{""preds"": [3.38, 65.22, 31.4], ""scorePred"": [0, 1]}","{""preds"": [89.73, 10.11, 0.16], ""scorePred"": [9, 2]}","{""preds"": [89.34, 10.53, 0.13], ""scorePred"": [9, 2]}","{""preds"": [6.92, 36.33, 56.75], ""scorePred"": [0, 0]}","{""preds"": [6.52, 36.14, 57.34], ""scorePred"": [0, 0]}","{""preds"": [5.72, 46.41, 47.87], ""scorePred"": [0, 0]}","{""preds"": [90.16, 9.75, 0.09], ""scorePred"": [9, 2]}","{""preds"": [89.34, 10.45, 0.21], ""scorePred"": [8, 2]}","{""preds"": [89.72, 10.12, 0.16], ""scorePred"": [10, 2]}","{""preds"": [89.45, 10.41, 0.14], ""scorePred"": [8, 2]}","{""preds"": [90.04, 9.76, 0.2], ""scorePred"": [8, 2]}","{""preds"": [89.36, 10.56, 0.08], ""scorePred"": [10, 2]}","{""preds"": [89.54, 10.3, 0.16], ""scorePred"": [9, 2]}",,"{""preds"": [89.65, 10.17, 0.18], ""scorePred"": [9, 2]}","{""preds"": [89.2, 10.62, 0.18], ""scorePred"": [10, 2]}","{""preds"": [89.76, 10.1, 0.14], ""scorePred"": [9, 2]}","{""preds"": [89.56, 10.27, 0.17], ""scorePred"": [10, 2]}","{""preds"": [89.38, 10.38, 0.24], ""scorePred"": [8, 2]}","{""preds"": [89.89, 9.87, 0.24], ""scorePred"": [8, 1]}","{""preds"": [89.74, 10.03, 0.23], ""scorePred"": [7, 1]}","{""preds"": [17.58, 82.42, 0.0], ""scorePred"": [0, 1]}","{""preds"": [89.31, 10.69, 0.0], ""scorePred"": [9, 2]}","{""preds"": [89.29, 10.71, 0.0], ""scorePred"": [9, 2]}","{""preds"": [89.58, 10.42, 0.0], ""scorePred"": [8, 2]}","{""preds"": [13.79, 86.21, 0.0], ""scorePred"": [0, 1]}","{""preds"": [89.37, 10.63, 0.0], ""scorePred"": [11, 2]}","{""preds"": [89.86, 10.14, 0.0], ""scorePred"": [8, 2]}","{""preds"": [89.52, 10.48, 0.0], ""scorePred"": [8, 2]}","{""preds"": [10.67, 89.33, 0.0], ""scorePred"": [0, 1]}","{""preds"": [89.75, 10.25, 0.0], ""scorePred"": [7, 1]}","{""preds"": [89.6, 10.4, 0.0], ""scorePred"": [9, 2]}","{""preds"": [89.17, 10.83, 0.0], ""scorePred"": [10, 2]}","{""preds"": [89.89, 10.11, 0.0], ""scorePred"": [9, 2]}","{""preds"": [89.57, 10.43, 0.0], ""scorePred"": [9, 2]}","{""preds"": [4.82, 95.18, 0.0], ""scorePred"": [0, 1]}","{""preds"": [89.73, 10.27, 0.0], ""scorePred"": [9, 2]}","{""preds"": [90.0, 10.0, 0.0], ""scorePred"": [8, 2]}","{""preds"": [15.27, 84.73, 0.0], ""scorePred"": [0, 1]}","{""preds"": [15.56, 84.44, 0.0], ""scorePred"": [0, 1]}","{""preds"": [10.05, 89.95, 0.0], ""scorePred"": [0, 1]}","{""preds"": [89.82, 10.18, 0.0], ""scorePred"": [8, 2]}","{""preds"": [89.81, 10.19, 0.0], ""scorePred"": [7, 2]}","{""preds"": [89.78, 10.22, 0.0], ""scorePred"": [8, 2]}","{""preds"": [89.81, 10.19, 0.0], ""scorePred"": [8, 2]}","{""preds"": [89.72, 10.28, 0.0], ""scorePred"": [10, 2]}","{""preds"": [89.79, 10.21, 0.0], ""scorePred"": [9, 2]}","{""preds"": [89.47, 10.53, 0.0], ""scorePred"": [10, 2]}",,"{""preds"": [89.83, 10.17, 0.0], ""scorePred"": [8, 2]}","{""preds"": [90.14, 9.86, 0.0], ""scorePred"": [9, 2]}","{""preds"": [89.58, 10.42, 0.0], ""scorePred"": [11, 2]}","{""preds"": [89.62, 10.38, 0.0], ""scorePred"": [10, 2]}","{""preds"": [89.98, 10.02, 0.0], ""scorePred"": [9, 2]}","{""preds"": [89.94, 10.06, 0.0], ""scorePred"": [7, 1]}","{""preds"": [89.71, 10.29, 0.0], ""scorePred"": [8, 1]}"
GB-SCT,"{""preds"": [55.03, 14.03, 30.94], ""scorePred"": [1, 0]}","{""preds"": [35.8, 36.2, 28.0], ""scorePred"": [0, 1]}","{""preds"": [28.0, 47.34, 24.66], ""scorePred"": [0, 1]}","{""preds"": [31.09, 42.87, 26.04], ""scorePred"": [0, 1]}","{""preds"": [52.06, 16.9, 31.04], ""scorePred"": [1, 0]}","{""preds"": [32.42, 41.77, 25.81], ""scorePred"": [0, 1]}","{""preds"": [30.84, 43.07, 26.09], ""scorePred"": [0, 1]}","{""preds"": [33.48, 39.94, 26.58], ""scorePred"": [0, 1]}","{""preds"": [46.04, 21.71, 32.25], ""scorePred"": [1, 0]}","{""preds"": [45.31, 23.67, 31.02], ""scorePred"": [1, 0]}","{""preds"": [26.06, 50.72, 23.22], ""scorePred"": [1, 2]}","{""preds"": [25.33, 50.84, 23.83], ""scorePred"": [1, 2]}","{""preds"": [35.6, 36.92, 27.48], ""scorePred"": [0, 1]}","{""preds"": [33.53, 38.77, 27.7], ""scorePred"": [0, 1]}","{""preds"": [36.39, 34.87, 28.74], ""scorePred"": [1, 0]}","{""preds"": [31.17, 42.76, 26.07], ""scorePred"": [0, 1]}","{""preds"": [32.98, 40.3, 26.72], ""scorePred"": [0, 1]}","{""preds"": [35.82, 61.13, 3.05], ""scorePred"": [2, 8]}","{""preds"": [36.41, 60.83, 2.76], ""scorePred"": [2, 9]}","{""preds"": [47.84, 21.49, 30.67], ""scorePred"": [1, 0]}","{""preds"": [30.21, 44.17, 25.62], ""scorePred"": [0, 1]}","{""preds"": [37.81, 34.07, 28.12], ""scorePred"": [1, 0]}","{""preds"": [32.5, 41.23, 26.27], ""scorePred"": [0, 1]}","{""preds"": [33.79, 38.9, 27.31], ""scorePred"": [0, 1]}","{""preds"": [36.11, 35.99, 27.9], ""scorePred"": [1, 0]}","{""preds"": [28.56, 46.65, 24.79], ""scorePred"": [0, 1]}","{""preds"": [30.63, 44.12, 25.25], ""scorePred"": [0, 1]}","{""preds"": [10.45, 89.31, 0.24], ""scorePred"": [2, 8]}",,"{""preds"": [26.38, 50.32, 23.3], ""scorePred"": [0, 1]}","{""preds"": [27.21, 48.68, 24.11], ""scorePred"": [0, 1]}","{""preds"": [24.96, 52.57, 22.47], ""scorePred"": [1, 2]}","{""preds"": [28.72, 46.72, 24.56], ""scorePred"": [0, 1]}","{""preds"": [42.39, 28.21, 29.4], ""scorePred"": [1, 0]}","{""preds"": [41.26, 28.97, 29.77], ""scorePred"": [1, 0]}","{""preds"": [79.9, 20.1, 0.0], ""scorePred"": [1, 0]}","{""preds"": [49.96, 50.04, 0.0], ""scorePred"": [0, 1]}","{""preds"": [37.34, 62.66, 0.0], ""scorePred"": [0, 1]}","{""preds"": [42.36, 57.64, 0.0], ""scorePred"": [0, 1]}","{""preds"": [76.85, 23.15, 0.0], ""scorePred"": [1, 0]}","{""preds"": [42.53, 57.47, 0.0], ""scorePred"": [0, 1]}","{""preds"": [42.16, 57.84, 0.0], ""scorePred"": [0, 1]}","{""preds"": [45.34, 54.66, 0.0], ""scorePred"": [0, 1]}","{""preds"": [67.86, 32.14, 0.0], ""scorePred"": [1, 0]}","{""preds"": [66.67, 33.33, 0.0], ""scorePred"": [1, 0]}","{""preds"": [33.62, 66.38, 0.0], ""scorePred"": [0, 1]}","{""preds"": [34.26, 65.74, 0.0], ""scorePred"": [1, 2]}","{""preds"": [48.73, 51.27, 0.0], ""scorePred"": [0, 1]}","{""preds"": [45.75, 54.25, 0.0], ""scorePred"": [0, 1]}","{""preds"": [49.83, 50.17, 0.0], ""scorePred"": [0, 1]}","{""preds"": [43.13, 56.87, 0.0], ""scorePred"": [0, 1]}","{""preds"": [44.98, 55.02, 0.0], ""scorePred"": [0, 1]}","{""preds"": [36.91, 63.09, 0.0], ""scorePred"": [2, 8]}","{""preds"": [37.08, 62.92, 0.0], ""scorePred"": [2, 8]}","{""preds"": [69.39, 30.61, 0.0], ""scorePred"": [1, 0]}","{""preds"": [40.67, 59.33, 0.0], ""scorePred"": [0, 1]}","{""preds"": [54.12, 45.88, 0.0], ""scorePred"": [1, 0]}","{""preds"": [43.36, 56.64, 0.0], ""scorePred"": [0, 1]}","{""preds"": [45.47, 54.53, 0.0], ""scorePred"": [0, 1]}","{""preds"": [50.23, 49.77, 0.0], ""scorePred"": [1, 0]}","{""preds"": [37.44, 62.56, 0.0], ""scorePred"": [0, 1]}","{""preds"": [40.3, 59.7, 0.0], ""scorePred"": [0, 1]}","{""preds"": [10.33, 89.67, 0.0], ""scorePred"": [2, 8]}",,"{""preds"": [32.93, 67.07, 0.0], ""scorePred"": [1, 2]}","{""preds"": [36.07, 63.93, 0.0], ""scorePred"": [1, 2]}","{""preds"": [31.63, 68.37, 0.0], ""scorePred"": [1, 2]}","{""preds"": [38.66, 61.34, 0.0], ""scorePred"": [0, 1]}","{""preds"": [59.7, 40.3, 0.0], ""scorePred"": [1, 0]}","{""preds"": [59.21, 40.79, 0.0], ""scorePred"": [1, 0]}"
RS,"{""preds"": [68.89, 9.17, 21.94], ""scorePred"": [1, 0]}","{""preds"": [50.12, 26.46, 23.42], ""scorePred"": [1, 0]}","{""preds"": [41.02, 36.65, 22.33], ""scorePred"": [2, 1]}","{""preds"": [44.9, 31.85, 23.25], ""scorePred"": [2, 1]}","{""preds"": [40.35, 57.54, 2.11], ""scorePred"": [2, 9]}","{""preds"": [45.43, 31.86, 22.71], ""scorePred"": [2, 1]}","{""preds"": [45.0, 31.39, 23.61], ""scorePred"": [2, 1]}","{""preds"": [47.22, 29.31, 23.47], ""scorePred"": [2, 1]}","{""preds"": [46.43, 50.28, 3.29], ""scorePred"": [2, 10]}","{""preds"": [60.9, 15.5, 23.6], ""scorePred"": [1, 0]}","{""preds"": [38.04, 40.25, 21.71], ""scorePred"": [1, 2]}","{""preds"": [38.37, 39.44, 22.19], ""scorePred"": [1, 2]}","{""preds"": [49.66, 26.41, 23.93], ""scorePred"": [2, 1]}","{""preds"": [46.9, 29.43, 23.67], ""scorePred"": [2, 1]}","{""preds"": [50.72, 25.76, 23.52], ""scorePred"": [1, 0]}","{""preds"": [45.03, 30.8, 24.17], ""scorePred"": [2, 1]}","{""preds"": [46.61, 30.16, 23.23], ""scorePred"": [2, 1]}","{""preds"": [37.79, 60.13, 2.08], ""scorePred"": [2, 10]}","{""preds"": [37.18, 61.09, 1.73], ""scorePred"": [2, 9]}","{""preds"": [61.54, 15.41, 23.05], ""scorePred"": [1, 0]}","{""preds"": [44.16, 33.85, 21.99], ""scorePred"": [2, 1]}","{""preds"": [51.69, 24.41, 23.9], ""scorePred"": [1, 0]}","{""preds"": [45.48, 31.84, 22.68], ""scorePred"": [2, 1]}","{""preds"": [47.32, 29.49, 23.19], ""scorePred"": [2, 1]}","{""preds"": [49.74, 26.76, 23.5], ""scorePred"": [1, 0]}","{""preds"": [41.11, 35.87, 23.02], ""scorePred"": [2, 1]}","{""preds"": [44.15, 32.98, 22.87], ""scorePred"": [2, 1]}","{""preds"": [10.61, 89.26, 0.13], ""scorePred"": [2, 10]}","{""preds"": [49.91, 25.89, 24.2], ""scorePred"": [2, 1]}",,"{""preds"": [40.33, 36.49, 23.18], ""scorePred"": [2, 1]}","{""preds"": [37.41, 41.16, 21.43], ""scorePred"": [1, 2]}","{""preds"": [41.49, 35.35, 23.16], ""scorePred"": [2, 1]}","{""preds"": [55.86, 19.55, 24.59], ""scorePred"": [1, 0]}","{""preds"": [55.81, 20.34, 23.85], ""scorePred"": [1, 0]}","{""preds"": [88.38, 11.62, 0.0], ""scorePred"": [1, 0]}","{""preds"": [65.75, 34.25, 0.0], ""scorePred"": [2, 1]}","{""preds"": [53.37, 46.63, 0.0], ""scorePred"": [2, 1]}","{""preds"": [58.78, 41.22, 0.0], ""scorePred"": [2, 1]}","{""preds"": [40.62, 59.38, 0.0], ""scorePred"": [2, 10]}","{""preds"": [58.59, 41.41, 0.0], ""scorePred"": [2, 1]}","{""preds"": [58.93, 41.07, 0.0], ""scorePred"": [2, 1]}","{""preds"": [60.42, 39.58, 0.0], ""scorePred"": [2, 1]}","{""preds"": [48.57, 51.43, 0.0], ""scorePred"": [2, 10]}","{""preds"": [79.51, 20.49, 0.0], ""scorePred"": [1, 0]}","{""preds"": [49.64, 50.36, 0.0], ""scorePred"": [1, 2]}","{""preds"": [49.7, 50.3, 0.0], ""scorePred"": [1, 2]}","{""preds"": [65.15, 34.85, 0.0], ""scorePred"": [2, 1]}","{""preds"": [62.03, 37.97, 0.0], ""scorePred"": [2, 1]}","{""preds"": [65.0, 35.0, 0.0], ""scorePred"": [2, 1]}","{""preds"": [59.06, 40.94, 0.0], ""scorePred"": [2, 1]}","{""preds"": [61.35, 38.65, 0.0], ""scorePred"": [2, 1]}","{""preds"": [38.58, 61.42, 0.0], ""scorePred"": [2, 10]}","{""preds"": [37.37, 62.63, 0.0], ""scorePred"": [2, 10]}","{""preds"": [80.66, 19.34, 0.0], ""scorePred"": [1, 0]}","{""preds"": [56.46, 43.54, 0.0], ""scorePred"": [2, 1]}","{""preds"": [67.43, 32.57, 0.0], ""scorePred"": [1, 0]}","{""preds"": [59.94, 40.06, 0.0], ""scorePred"": [2, 1]}","{""preds"": [62.94, 37.06, 0.0], ""scorePred"": [2, 1]}","{""preds"": [65.52, 34.48, 0.0], ""scorePred"": [2, 1]}","{""preds"": [54.02, 45.98, 0.0], ""scorePred"": [2, 1]}","{""preds"": [56.83, 43.17, 0.0], ""scorePred"": [2, 1]}","{""preds"": [10.37, 89.63, 0.0], ""scorePred"": [2, 11]}","{""preds"": [65.64, 34.36, 0.0], ""scorePred"": [2, 1]}",,"{""preds"": [51.72, 48.28, 0.0], ""scorePred"": [2, 1]}","{""preds"": [48.06, 51.94, 0.0], ""scorePred"": [1, 2]}","{""preds"": [52.94, 47.06, 0.0], ""scorePred"": [2, 1]}","{""preds"": [73.28, 26.72, 0.0], ""scorePred"": [1, 0]}","{""preds"": [73.44, 26.56, 0.0], ""scorePred"": [1, 0]}"
ES,"{""preds"": [67.77, 9.7, 22.53], ""scorePred"": [1, 0]}","{""preds"": [47.54, 27.89, 24.57], ""scorePred"": [1, 0]}","{""preds"": [39.18, 37.71, 23.11], ""scorePred"": [2, 1]}","{""preds"": [44.2, 32.37, 23.43], ""scorePred"": [2, 1]}","{""preds"": [64.51, 11.85, 23.64], ""scorePred"": [1, 0]}","{""preds"": [42.57, 33.74, 23.69], ""scorePred"": [2, 1]}","{""preds"": [42.74, 33.32, 23.94], ""scorePred"": [2, 1]}","{""preds"": [44.59, 30.86, 24.55], ""scorePred"": [2, 1]}","{""preds"": [46.9, 49.71, 3.39], ""scorePred"": [2, 9]}","{""preds"": [59.16, 16.97, 23.87], ""scorePred"": [1, 0]}","{""preds"": [37.01, 40.22, 22.77], ""scorePred"": [1, 2]}","{""preds"": [36.7, 40.26, 23.04], ""scorePred"": [1, 2]}","{""preds"": [47.53, 28.54, 23.93], ""scorePred"": [1, 0]}","{""preds"": [46.95, 30.21, 22.84], ""scorePred"": [2, 1]}","{""preds"": [49.03, 26.36, 24.61], ""scorePred"": [1, 0]}","{""preds"": [44.38, 31.66, 23.96], ""scorePred"": [2, 1]}","{""preds"": [44.62, 30.99, 24.39], ""scorePred"": [2, 1]}","{""preds"": [37.55, 60.81, 1.64], ""scorePred"": [2, 9]}","{""preds"": [36.88, 61.25, 1.87], ""scorePred"": [2, 10]}","{""preds"": [60.33, 15.04, 24.63], ""scorePred"": [1, 0]}","{""preds"": [42.37, 34.3, 23.33], ""scorePred"": [2, 1]}","{""preds"": [49.28, 26.09, 24.63], ""scorePred"": [1, 0]}","{""preds"": [43.6, 32.69, 23.71], ""scorePred"": [2, 1]}","{""preds"": [45.46, 30.59, 23.95], ""scorePred"": [2, 1]}","{""preds"": [48.5, 27.15, 24.35], ""scorePred"": [1, 0]}","{""preds"": [40.72, 36.48, 22.8], ""scorePred"": [2, 1]}","{""preds"": [41.52, 34.81, 23.67], ""scorePred"": [2, 1]}","{""preds"": [10.38, 89.44, 0.18], ""scorePred"": [2, 9]}","{""preds"": [48.34, 27.15, 24.51], ""scorePred"": [2, 1]}","{""preds"": [36.58, 40.25, 23.17], ""scorePred"": [1, 2]}",,"{""preds"": [35.02, 42.38, 22.6], ""scorePred"": [1, 2]}","{""preds"": [40.4, 36.65, 22.95], ""scorePred"": [2, 1]}","{""preds"": [53.87, 22.24, 23.89], ""scorePred"": [1, 0]}","{""preds"": [54.12, 21.41, 24.47], ""scorePred"": [1, 0]}","{""preds"": [87.78, 12.22, 0.0], ""scorePred"": [1, 0]}","{""preds"": [63.75, 36.25, 0.0], ""scorePred"": [2, 1]}","{""preds"": [50.01, 49.99, 0.0], ""scorePred"": [2, 1]}","{""preds"": [56.17, 43.83, 0.0], ""scorePred"": [2, 1]}","{""preds"": [84.32, 15.68, 0.0], ""scorePred"": [1, 0]}","{""preds"": [56.49, 43.51, 0.0], ""scorePred"": [2, 1]}","{""preds"": [56.68, 43.32, 0.0], ""scorePred"": [2, 1]}","{""preds"": [58.9, 41.1, 0.0], ""scorePred"": [2, 1]}","{""preds"": [49.46, 50.54, 0.0], ""scorePred"": [2, 10]}","{""preds"": [77.85, 22.15, 0.0], ""scorePred"": [1, 0]}","{""preds"": [48.58, 51.42, 0.0], ""scorePred"": [1, 2]}","{""preds"": [47.02, 52.98, 0.0], ""scorePred"": [1, 2]}","{""preds"": [62.4, 37.6, 0.0], ""scorePred"": [2, 1]}","{""preds"": [59.43, 40.57, 0.0], ""scorePred"": [1, 0]}","{""preds"": [63.03, 36.97, 0.0], ""scorePred"": [1, 0]}","{""preds"": [58.16, 41.84, 0.0], ""scorePred"": [2, 1]}","{""preds"": [58.91, 41.09, 0.0], ""scorePred"": [2, 1]}","{""preds"": [38.15, 61.85, 0.0], ""scorePred"": [2, 8]}","{""preds"": [37.48, 62.52, 0.0], ""scorePred"": [2, 9]}","{""preds"": [79.66, 20.34, 0.0], ""scorePred"": [1, 0]}","{""preds"": [54.57, 45.43, 0.0], ""scorePred"": [2, 1]}","{""preds"": [65.39, 34.61, 0.0], ""scorePred"": [1, 0]}","{""preds"": [58.35, 41.65, 0.0], ""scorePred"": [2, 1]}","{""preds"": [59.96, 40.04, 0.0], ""scorePred"": [2, 1]}","{""preds"": [64.23, 35.77, 0.0], ""scorePred"": [2, 1]}","{""preds"": [51.79, 48.21, 0.0], ""scorePred"": [2, 1]}","{""preds"": [55.36, 44.64, 0.0], ""scorePred"": [2, 1]}","{""preds"": [10.42, 89.58, 0.0], ""scorePred"": [2, 10]}","{""preds"": [62.76, 37.24, 0.0], ""scorePred"": [1, 0]}","{""preds"": [49.17, 50.83, 0.0], ""scorePred"": [1, 2]}",,"{""preds"": [45.42, 54.58, 0.0], ""scorePred"": [1, 2]}","{""preds"": [53.25, 46.75, 0.0], ""scorePred"": [2, 1]}","{""preds"": [71.79, 28.21, 0.0], ""scorePred"": [1, 0]}","{""preds"": [71.71, 28.29, 0.0], ""scorePred"": [1, 0]}"
SE,"{""preds"": [71.16, 8.84, 20.0], ""scorePred"": [1, 0]}","{""preds"": [52.67, 24.37, 22.96], ""scorePred"": [2, 1]}","{""preds"": [43.24, 34.27, 22.49], ""scorePred"": [2, 1]}","{""preds"": [47.15, 30.17, 22.68], ""scorePred"": [2, 1]}","{""preds"": [68.47, 10.63, 20.9], ""scorePred"": [1, 0]}","{""preds"": [47.68, 29.69, 22.63], ""scorePred"": [2, 1]}","{""preds"": [47.1, 29.48, 23.42], ""scorePred"": [2, 1]}","{""preds"": [48.81, 28.15, 23.04], ""scorePred"": [2, 1]}","{""preds"": [47.98, 48.91, 3.11], ""scorePred"": [2, 10]}","{""preds"": [63.31, 14.98, 21.71], ""scorePred"": [1, 0]}","{""preds"": [40.63, 37.18, 22.19], ""scorePred"": [2, 1]}","{""preds"": [41.28, 37.18, 21.54], ""scorePred"": [2, 1]}","{""preds"": [52.26, 24.93, 22.81], ""scorePred"": [2, 1]}","{""preds"": [49.82, 27.47, 22.71], ""scorePred"": [2, 1]}","{""preds"": [53.1, 23.73, 23.17], ""scorePred"": [2, 1]}","{""preds"": [48.02, 28.84, 23.14], ""scorePred"": [2, 1]}","{""preds"": [49.47, 27.94, 22.59], ""scorePred"": [2, 1]}","{""preds"": [37.81, 60.55, 1.64], ""scorePred"": [2, 10]}","{""preds"": [37.14, 61.31, 1.55], ""scorePred"": [2, 10]}","{""preds"": [64.93, 13.64, 21.43], ""scorePred"": [1, 0]}","{""preds"": [45.48, 31.37, 23.15], ""scorePred"": [2, 1]}","{""preds"": [55.11, 22.38, 22.51], ""scorePred"": [2, 1]}","{""preds"": [47.86, 30.29, 21.85], ""scorePred"": [2, 1]}","{""preds"": [50.04, 27.02, 22.94], ""scorePred"": [2, 1]}","{""preds"": [51.75, 25.46, 22.79], ""scorePred"": [2, 1]}","{""preds"": [43.86, 34.06, 22.08], ""scorePred"": [2, 1]}","{""preds"": [45.63, 32.26, 22.11], ""scorePred"": [2, 1]}","{""preds"": [10.6, 89.26, 0.14], ""scorePred"": [2, 9]}","{""preds"": [52.67, 24.53, 22.8], ""scorePred"": [2, 1]}","{""preds"": [41.25, 36.99, 21.76], ""scorePred"": [2, 1]}","{""preds"": [42.05, 35.61, 22.34], ""scorePred"": [2, 1]}",,"{""preds"": [43.9, 33.85, 22.25], ""scorePred"": [2, 1]}","{""preds"": [59.33, 18.46, 22.21], ""scorePred"": [1, 0]}","{""preds"": [58.71, 19.17, 22.12], ""scorePred"": [1, 0]}","{""preds"": [89.54, 10.46, 0.0], ""scorePred"": [1, 0]}","{""preds"": [66.96, 33.04, 0.0], ""scorePred"": [2, 1]}","{""preds"": [55.78, 44.22, 0.0], ""scorePred"": [2, 1]}","{""preds"": [61.01, 38.99, 0.0], ""scorePred"": [2, 1]}","{""preds"": [87.22, 12.78, 0.0], ""scorePred"": [1, 0]}","{""preds"": [59.45, 40.55, 0.0], ""scorePred"": [2, 1]}","{""preds"": [60.41, 39.59, 0.0], ""scorePred"": [2, 1]}","{""preds"": [63.5, 36.5, 0.0], ""scorePred"": [2, 1]}","{""preds"": [49.04, 50.96, 0.0], ""scorePred"": [2, 12]}","{""preds"": [81.49, 18.51, 0.0], ""scorePred"": [1, 0]}","{""preds"": [51.83, 48.17, 0.0], ""scorePred"": [2, 1]}","{""preds"": [52.76, 47.24, 0.0], ""scorePred"": [2, 1]}","{""preds"": [67.21, 32.79, 0.0], ""scorePred"": [2, 1]}","{""preds"": [64.43, 35.57, 0.0], ""scorePred"": [2, 1]}","{""preds"": [67.48, 32.52, 0.0], ""scorePred"": [2, 1]}","{""preds"": [62.1, 37.9, 0.0], ""scorePred"": [2, 1]}","{""preds"": [63.88, 36.12, 0.0], ""scorePred"": [2, 1]}","{""preds"": [37.93, 62.07, 0.0], ""scorePred"": [2, 9]}","{""preds"": [37.91, 62.09, 0.0], ""scorePred"": [2, 10]}","{""preds"": [82.23, 17.77, 0.0], ""scorePred"": [1, 0]}","{""preds"": [58.94, 41.06, 0.0], ""scorePred"": [2, 1]}","{""preds"": [70.53, 29.47, 0.0], ""scorePred"": [1, 0]}","{""preds"": [62.02, 37.98, 0.0], ""scorePred"": [2, 1]}","{""preds"": [64.84, 35.16, 0.0], ""scorePred"": [2, 1]}","{""preds"": [68.2, 31.8, 0.0], ""scorePred"": [2, 1]}","{""preds"": [56.8, 43.2, 0.0], ""scorePred"": [2, 1]}","{""preds"": [58.48, 41.52, 0.0], ""scorePred"": [2, 1]}","{""preds"": [9.97, 90.03, 0.0], ""scorePred"": [2, 12]}","{""preds"": [66.95, 33.05, 0.0], ""scorePred"": [2, 1]}","{""preds"": [53.43, 46.57, 0.0], ""scorePred"": [2, 1]}","{""preds"": [54.48, 45.52, 0.0], ""scorePred"": [2, 1]}",,"{""preds"": [55.98, 44.02, 0.0], ""scorePred"": [2, 1]}","{""preds"": [75.25, 24.75, 0.0], ""scorePred"": [1, 0]}","{""preds"": [75.45, 24.55, 0.0], ""scorePred"": [1, 0]}"
CH,"{""preds"": [65.34, 10.64, 24.02], ""scorePred"": [1, 0]}","{""preds"": [45.77, 29.45, 24.78], ""scorePred"": [1, 0]}","{""preds"": [37.55, 39.21, 23.24], ""scorePred"": [1, 2]}","{""preds"": [41.88, 34.3, 23.82], ""scorePred"": [2, 1]}","{""preds"": [62.24, 12.49, 25.27], ""scorePred"": [1, 0]}","{""preds"": [41.0, 35.22, 23.78], ""scorePred"": [2, 1]}","{""preds"": [41.0, 34.83, 24.17], ""scorePred"": [2, 1]}","{""preds"": [43.03, 31.54, 25.43], ""scorePred"": [2, 1]}","{""preds"": [47.27, 49.04, 3.69], ""scorePred"": [2, 10]}","{""preds"": [56.7, 17.53, 25.77], ""scorePred"": [1, 0]}","{""preds"": [34.27, 42.95, 22.78], ""scorePred"": [1, 2]}","{""preds"": [35.83, 41.2, 22.97], ""scorePred"": [1, 2]}","{""preds"": [45.26, 29.95, 24.79], ""scorePred"": [1, 0]}","{""preds"": [43.99, 30.83, 25.18], ""scorePred"": [2, 1]}","{""preds"": [46.21, 28.53, 25.26], ""scorePred"": [1, 0]}","{""preds"": [41.44, 33.92, 24.64], ""scorePred"": [2, 1]}","{""preds"": [43.24, 31.73, 25.03], ""scorePred"": [2, 1]}","{""preds"": [36.79, 61.02, 2.19], ""scorePred"": [2, 9]}","{""preds"": [36.54, 61.47, 1.99], ""scorePred"": [2, 10]}","{""preds"": [57.91, 16.52, 25.57], ""scorePred"": [1, 0]}","{""preds"": [38.98, 36.88, 24.14], ""scorePred"": [2, 1]}","{""preds"": [48.38, 26.82, 24.8], ""scorePred"": [1, 0]}","{""preds"": [42.04, 34.07, 23.89], ""scorePred"": [2, 1]}","{""preds"": [43.67, 31.99, 24.34], ""scorePred"": [1, 0]}","{""preds"": [46.2, 28.59, 25.21], ""scorePred"": [1, 0]}","{""preds"": [37.78, 39.17, 23.05], ""scorePred"": [1, 2]}","{""preds"": [39.66, 36.48, 23.86], ""scorePred"": [2, 1]}","{""preds"": [10.27, 89.57, 0.16], ""scorePred"": [2, 10]}","{""preds"": [46.93, 28.53, 24.54], ""scorePred"": [1, 0]}","{""preds"": [35.04, 41.86, 23.1], ""scorePred"": [1, 2]}","{""preds"": [37.62, 39.81, 22.57], ""scorePred"": [1, 2]}","{""preds"": [32.47, 44.59, 22.94], ""scorePred"": [1, 2]}",,"{""preds"": [53.07, 22.31, 24.62], ""scorePred"": [1, 0]}","{""preds"": [52.22, 22.74, 25.04], ""scorePred"": [1, 0]}","{""preds"": [85.96, 14.04, 0.0], ""scorePred"": [1, 0]}","{""preds"": [59.57, 40.43, 0.0], ""scorePred"": [1, 0]}","{""preds"": [49.44, 50.56, 0.0], ""scorePred"": [1, 2]}","{""preds"": [52.74, 47.26, 0.0], ""scorePred"": [2, 1]}","{""preds"": [83.01, 16.99, 0.0], ""scorePred"": [1, 0]}","{""preds"": [53.35, 46.65, 0.0], ""scorePred"": [2, 1]}","{""preds"": [53.44, 46.56, 0.0], ""scorePred"": [2, 1]}","{""preds"": [56.96, 43.04, 0.0], ""scorePred"": [2, 1]}","{""preds"": [48.26, 51.74, 0.0], ""scorePred"": [2, 9]}","{""preds"": [76.19, 23.81, 0.0], ""scorePred"": [1, 0]}","{""preds"": [45.12, 54.88, 0.0], ""scorePred"": [1, 2]}","{""preds"": [45.12, 54.88, 0.0], ""scorePred"": [1, 2]}","{""preds"": [59.95, 40.05, 0.0], ""scorePred"": [1, 0]}","{""preds"": [57.49, 42.51, 0.0], ""scorePred"": [2, 1]}","{""preds"": [62.2, 37.8, 0.0], ""scorePred"": [1, 0]}","{""preds"": [54.58, 45.42, 0.0], ""scorePred"": [2, 1]}","{""preds"": [58.33, 41.67, 0.0], ""scorePred"": [1, 0]}","{""preds"": [37.87, 62.13, 0.0], ""scorePred"": [2, 9]}","{""preds"": [38.02, 61.98, 0.0], ""scorePred"": [2, 10]}","{""preds"": [77.29, 22.71, 0.0], ""scorePred"": [1, 0]}","{""preds"": [53.11, 46.89, 0.0], ""scorePred"": [2, 1]}","{""preds"": [64.72, 35.28, 0.0], ""scorePred"": [1, 0]}","{""preds"": [56.06, 43.94, 0.0], ""scorePred"": [2, 1]}","{""preds"": [57.56, 42.44, 0.0], ""scorePred"": [1, 0]}","{""preds"": [61.6, 38.4, 0.0], ""scorePred"": [1, 0]}","{""preds"": [48.54, 51.46, 0.0], ""scorePred"": [1, 2]}","{""preds"": [52.16, 47.84, 0.0], ""scorePred"": [2, 1]}","{""preds"": [10.05, 89.95, 0.0], ""scorePred"": [2, 9]}","{""preds"": [61.41, 38.59, 0.0], ""scorePred"": [1, 0]}","{""preds"": [45.91, 54.09, 0.0], ""scorePred"": [1, 2]}","{""preds"": [47.41, 52.59, 0.0], ""scorePred"": [1, 2]}","{""preds"": [43.34, 56.66, 0.0], ""scorePred"": [1, 2]}",,"{""preds"": [69.41, 30.59, 0.0], ""scorePred"": [1, 0]}","{""preds"": [69.66, 30.34, 0.0], ""scorePred"": [1, 0]}"
TR,"{""preds"": [45.28, 17.88, 36.84], ""scorePred"": [1, 0]}","{""preds"": [27.66, 42.44, 29.9], ""scorePred"": [0, 1]}","{""preds"": [21.85, 52.91, 25.24], ""scorePred"": [0, 1]}","{""preds"": [24.64, 48.64, 26.72], ""scorePred"": [0, 1]}","{""preds"": [43.51, 20.31, 36.18], ""scorePred"": [1, 0]}","{""preds"": [24.58, 48.2, 27.22], ""scorePred"": [0, 1]}","{""preds"": [24.47, 48.43, 27.1], ""scorePred"": [0, 1]}","{""preds"": [25.87, 46.98, 27.15], ""scorePred"": [0, 1]}","{""preds"": [38.27, 26.79, 34.94], ""scorePred"": [1, 0]}","{""preds"": [38.34, 28.13, 33.53], ""scorePred"": [1, 0]}","{""preds"": [19.61, 57.24, 23.15], ""scorePred"": [0, 1]}","{""preds"": [19.13, 57.17, 23.7], ""scorePred"": [0, 1]}","{""preds"": [28.55, 42.72, 28.73], ""scorePred"": [0, 1]}","{""preds"": [26.95, 45.32, 27.73], ""scorePred"": [0, 1]}","{""preds"": [29.52, 40.41, 30.07], ""scorePred"": [0, 1]}","{""preds"": [24.95, 47.11, 27.94], ""scorePred"": [0, 1]}","{""preds"": [26.23, 45.94, 27.83], ""scorePred"": [0, 1]}","{""preds"": [44.37, 19.23, 36.4], ""scorePred"": [1, 0]}","{""preds"": [44.44, 19.3, 36.26], ""scorePred"": [1, 0]}","{""preds"": [40.02, 25.62, 34.36], ""scorePred"": [1, 0]}","{""preds"": [24.02, 49.84, 26.14], ""scorePred"": [0, 1]}","{""preds"": [29.56, 39.6, 30.84], ""scorePred"": [0, 1]}","{""preds"": [25.26, 47.65, 27.09], ""scorePred"": [0, 1]}","{""preds"": [27.24, 44.85, 27.91], ""scorePred"": [0, 1]}","{""preds"": [28.56, 41.82, 29.62], ""scorePred"": [0, 1]}","{""preds"": [22.37, 52.31, 25.32], ""scorePred"": [0, 1]}","{""preds"": [23.7, 49.48, 26.82], ""scorePred"": [0, 1]}","{""preds"": [10.17, 89.63, 0.2], ""scorePred"": [1, 8]}","{""preds"": [28.97, 41.56, 29.47], ""scorePred"": [0, 1]}","{""preds"": [20.26, 56.48, 23.26], ""scorePred"": [0, 1]}","{""preds"": [21.04, 54.05, 24.91], ""scorePred"": [0, 1]}","{""preds"": [18.52, 59.96, 21.52], ""scorePred"": [0, 1]}","{""preds"": [22.9, 52.09, 25.01], ""scorePred"": [0, 1]}",,"{""preds"": [33.4, 34.26, 32.34], ""scorePred"": [0, 1]}","{""preds"": [73.76, 26.24, 0.0], ""scorePred"": [1, 0]}","{""preds"": [39.9, 60.1, 0.0], ""scorePred"": [0, 1]}","{""preds"": [29.63, 70.37, 0.0], ""scorePred"": [0, 1]}","{""preds"": [34.13, 65.87, 0.0], ""scorePred"": [0, 1]}","{""preds"": [67.34, 32.66, 0.0], ""scorePred"": [1, 0]}","{""preds"": [33.14, 66.86, 0.0], ""scorePred"": [0, 1]}","{""preds"": [33.75, 66.25, 0.0], ""scorePred"": [0, 1]}","{""preds"": [36.85, 63.15, 0.0], ""scorePred"": [0, 1]}","{""preds"": [59.42, 40.58, 0.0], ""scorePred"": [1, 0]}","{""preds"": [58.05, 41.95, 0.0], ""scorePred"": [1, 0]}","{""preds"": [26.12, 73.88, 0.0], ""scorePred"": [0, 1]}","{""preds"": [26.77, 73.23, 0.0], ""scorePred"": [0, 1]}","{""preds"": [39.31, 60.69, 0.0], ""scorePred"": [0, 1]}","{""preds"": [37.26, 62.74, 0.0], ""scorePred"": [0, 1]}","{""preds"": [41.07, 58.93, 0.0], ""scorePred"": [0, 1]}","{""preds"": [34.43, 65.57, 0.0], ""scorePred"": [0, 1]}","{""preds"": [36.56, 63.44, 0.0], ""scorePred"": [0, 1]}","{""preds"": [69.07, 30.93, 0.0], ""scorePred"": [1, 0]}","{""preds"": [70.28, 29.72, 0.0], ""scorePred"": [1, 0]}","{""preds"": [59.96, 40.04, 0.0], ""scorePred"": [1, 0]}","{""preds"": [31.62, 68.38, 0.0], ""scorePred"": [0, 1]}","{""preds"": [43.14, 56.86, 0.0], ""scorePred"": [0, 1]}","{""preds"": [33.54, 66.46, 0.0], ""scorePred"": [0, 1]}","{""preds"": [37.39, 62.61, 0.0], ""scorePred"": [0, 1]}","{""preds"": [41.17, 58.83, 0.0], ""scorePred"": [0, 1]}","{""preds"": [28.54, 71.46, 0.0], ""scorePred"": [0, 1]}","{""preds"": [32.24, 67.76, 0.0], ""scorePred"": [0, 1]}","{""preds"": [10.11, 89.89, 0.0], ""scorePred"": [1, 7]}","{""preds"": [40.99, 59.01, 0.0], ""scorePred"": [0, 1]}","{""preds"": [27.0, 73.0, 0.0], ""scorePred"": [0, 1]}","{""preds"": [28.26, 71.74, 0.0], ""scorePred"": [0, 1]}","{""preds"": [24.89, 75.11, 0.0], ""scorePred"": [0, 1]}","{""preds"": [30.09, 69.91, 0.0], ""scorePred"": [0, 1]}",,"{""preds"": [48.38, 51.62, 0.0], ""scorePred"": [0, 1]}"
GB-WLS,"{""preds"": [45.7, 17.31, 36.99], ""scorePred"": [1, 0]}","{""preds"": [28.84, 42.3, 28.86], ""scorePred"": [0, 1]}","{""preds"": [22.12, 53.03, 24.85], ""scorePred"": [0, 1]}","{""preds"": [24.74, 48.44, 26.82], ""scorePred"": [0, 1]}","{""preds"": [43.22, 21.22, 35.56], ""scorePred"": [1, 0]}","{""preds"": [24.4, 47.94, 27.66], ""scorePred"": [0, 1]}","{""preds"": [24.47, 49.01, 26.52], ""scorePred"": [0, 1]}","{""preds"": [25.79, 46.64, 27.57], ""scorePred"": [0, 1]}","{""preds"": [38.89, 27.07, 34.04], ""scorePred"": [1, 0]}","{""preds"": [37.98, 27.33, 34.69], ""scorePred"": [1, 0]}","{""preds"": [19.16, 57.33, 23.51], ""scorePred"": [0, 1]}","{""preds"": [20.34, 55.95, 23.71], ""scorePred"": [0, 1]}","{""preds"": [29.11, 42.07, 28.82], ""scorePred"": [0, 1]}","{""preds"": [26.66, 44.98, 28.36], ""scorePred"": [0, 1]}","{""preds"": [28.61, 41.43, 29.96], ""scorePred"": [0, 1]}","{""preds"": [25.48, 47.08, 27.44], ""scorePred"": [0, 1]}","{""preds"": [26.57, 45.63, 27.8], ""scorePred"": [0, 1]}","{""preds"": [35.21, 61.36, 3.43], ""scorePred"": [1, 8]}","{""preds"": [35.7, 60.66, 3.64], ""scorePred"": [1, 7]}","{""preds"": [39.25, 25.73, 35.02], ""scorePred"": [1, 0]}","{""preds"": [23.89, 49.93, 26.18], ""scorePred"": [0, 1]}","{""preds"": [30.32, 40.39, 29.29], ""scorePred"": [0, 1]}","{""preds"": [25.64, 47.39, 26.97], ""scorePred"": [0, 1]}","{""preds"": [26.77, 44.51, 28.72], ""scorePred"": [0, 1]}","{""preds"": [28.67, 41.74, 29.59], ""scorePred"": [0, 1]}","{""preds"": [22.63, 52.45, 24.92], ""scorePred"": [0, 1]}","{""preds"": [23.8, 49.85, 26.35], ""scorePred"": [0, 1]}","{""preds"": [10.21, 89.52, 0.27], ""scorePred"": [1, 7]}","{""preds"": [28.77, 42.54, 28.69], ""scorePred"": [0, 1]}","{""preds"": [20.53, 55.74, 23.73], ""scorePred"": [0, 1]}","{""preds"": [21.76, 54.25, 23.99], ""scorePred"": [0, 1]}","{""preds"": [18.9, 59.04, 22.06], ""scorePred"": [0, 1]}","{""preds"": [22.55, 52.14, 25.31], ""scorePred"": [0, 1]}","{""preds"": [33.67, 33.86, 32.47], ""scorePred"": [0, 1]}",,"{""preds"": [73.62, 26.38, 0.0], ""scorePred"": [1, 0]}","{""preds"": [41.08, 58.92, 0.0], ""scorePred"": [0, 1]}","{""preds"": [29.91, 70.09, 0.0], ""scorePred"": [0, 1]}","{""preds"": [35.25, 64.75, 0.0], ""scorePred"": [0, 1]}","{""preds"": [68.39, 31.61, 0.0], ""scorePred"": [1, 0]}","{""preds"": [34.16, 65.84, 0.0], ""scorePred"": [0, 1]}","{""preds"": [33.6, 66.4, 0.0], ""scorePred"": [0, 1]}","{""preds"": [37.37, 62.63, 0.0], ""scorePred"": [0, 1]}","{""preds"": [58.96, 41.04, 0.0], ""scorePred"": [1, 0]}","{""preds"": [56.44, 43.56, 0.0], ""scorePred"": [1, 0]}","{""preds"": [26.03, 73.97, 0.0], ""scorePred"": [0, 1]}","{""preds"": [26.05, 73.95, 0.0], ""scorePred"": [0, 1]}","{""preds"": [40.01, 59.99, 0.0], ""scorePred"": [0, 1]}","{""preds"": [37.44, 62.56, 0.0], ""scorePred"": [0, 1]}","{""preds"": [41.86, 58.14, 0.0], ""scorePred"": [0, 1]}","{""preds"": [33.57, 66.43, 0.0], ""scorePred"": [0, 1]}","{""preds"": [36.84, 63.16, 0.0], ""scorePred"": [0, 1]}","{""preds"": [36.75, 63.25, 0.0], ""scorePred"": [1, 7]}","{""preds"": [35.97, 64.03, 0.0], ""scorePred"": [1, 7]}","{""preds"": [60.59, 39.41, 0.0], ""scorePred"": [1, 0]}","{""preds"": [31.99, 68.01, 0.0], ""scorePred"": [0, 1]}","{""preds"": [42.58, 57.42, 0.0], ""scorePred"": [0, 1]}","{""preds"": [34.71, 65.29, 0.0], ""scorePred"": [0, 1]}","{""preds"": [37.62, 62.38, 0.0], ""scorePred"": [0, 1]}","{""preds"": [39.31, 60.69, 0.0], ""scorePred"": [0, 1]}","{""preds"": [29.79, 70.21, 0.0], ""scorePred"": [0, 1]}","{""preds"": [33.62, 66.38, 0.0], ""scorePred"": [0, 1]}","{""preds"": [10.8, 89.2, 0.0], ""scorePred"": [1, 8]}","{""preds"": [42.1, 57.9, 0.0], ""scorePred"": [0, 1]}","{""preds"": [26.41, 73.59, 0.0], ""scorePred"": [0, 1]}","{""preds"": [28.18, 71.82, 0.0], ""scorePred"": [0, 1]}","{""preds"": [24.28, 75.72, 0.0], ""scorePred"": [0, 1]}","{""preds"": [30.34, 69.66, 0.0], ""scorePred"": [0, 1]}","{""preds"": [50.28, 49.72, 0.0], ""scorePred"": [1, 0]}",
